order_item_id,order_id,catalog_entry_id,product_id,variant_id,sku,product_title,variant_title,controller_model,quantity,unit_price_usd,line_total_usd,release_id,edition_number,simulated_unit_id,is_synthetic
SIM-2027-0001-01,SIM-2027-0001,P049,10313115336985,53147931017497,TR-ALC-TMR-N-N,Build Your Own Controller Upgrades,TMR / None / None,Xbox Series X/S,1,49.99,49.99,,,,true
SIM-2027-0002-01,SIM-2027-0002,P035,10307923411225,53147929903385,TR-REPAIR-FTR-TMR-N,Mail-In Controller Repair Service,Full Tech Revival / TMR / None,Nintendo Switch Pro,1,121.98,121.98,,,,true
SIM-2027-0003-01,SIM-2027-0003,P056,,,,Premium Controller - Simulated 2027 Release 01,PS5 DualSense,PS5 DualSense,1,475.00,475.00,PREM-2027-01,1,SIM-PREM-2027-01-01,true
SIM-2027-0004-01,SIM-2027-0004,P051,10754952986905,52968922710297,PS5-GPR-001,Refurbished PS5 Galactic Purple Controller Hall Effect Joysticks,Default Title,PS5 DualSense,1,74.99,74.99,,,SIM-REF-2027-001,true
SIM-2027-0005-01,SIM-2027-0005,P056,,,,Premium Controller - Simulated 2027 Release 01,PS5 DualSense,PS5 DualSense,1,475.00,475.00,PREM-2027-01,2,SIM-PREM-2027-01-02,true
SIM-2027-0006-01,SIM-2027-0006,P023,10307923411225,53147929510169,TR-REPAIR-STANDARD-TMR-N,Mail-In Controller Repair Service,Standard / TMR / None,PS5 DualSense,1,91.98,91.98,,,,true
SIM-2027-0007-01,SIM-2027-0007,P054,10754955936025,52968936898841,PS5-WHT-HE-003,Refurbished PS5 Glacier White Controller Hall Effect Joysticks,Default Title,PS5 DualSense,1,74.99,74.99,,,SIM-REF-2027-002,true
SIM-2027-0008-01,SIM-2027-0008,P031,10307923411225,53147929772313,TR-REPAIR-FTR-HE-N,Mail-In Controller Repair Service,Full Tech Revival / Hall Effect / None,PS5 DualSense,1,114.98,114.98,,,,true
SIM-2027-0009-01,SIM-2027-0009,P020,10307923411225,53147929411865,TR-REPAIR-STANDARD-HE-MCT,Mail-In Controller Repair Service,Standard / Hall Effect / Mouse-Click Triggers,PS5 DualSense,1,149.97,149.97,,,,true
SIM-2027-0010-01,SIM-2027-0010,P052,10754953019673,52968922743065,PS5-WHT-HE-004,Refurbished PS5 Glacier White Controller Hall Effect Joysticks,Default Title,PS5 DualSense,1,69.99,69.99,,,SIM-REF-2027-003,true
SIM-2027-0011-01,SIM-2027-0011,P040,10307762979097,52164166746393,TR-BUNDLE-OB,Performance Upgrade Bundles,OUTBREAK,PS5 DualSense,1,79.99,79.99,,,,true
SIM-2027-0012-01,SIM-2027-0012,P056,,,,Premium Controller - Simulated 2027 Release 01,PS5 DualSense,PS5 DualSense,1,475.00,475.00,PREM-2027-01,3,SIM-PREM-2027-01-03,true
SIM-2027-0013-01,SIM-2027-0013,P053,10754953085209,52968922808601,PS5-CMO-002,Refurbished PS5 Gray Camouflage Controller,Default Title,PS5 DualSense,1,59.99,59.99,,,SIM-REF-2027-004,true
SIM-2027-0014-01,SIM-2027-0014,P027,10307923411225,53147929641241,TR-REPAIR-STANDARD-JCP,Mail-In Controller Repair Service,Standard / Joy-Con Pair / None,Nintendo Switch Joy-Con Pair,1,80.98,80.98,,,,true
SIM-2027-0014-02,SIM-2027-0014,P055,10806653845785,53147452932377,,TechRevive Service Add-Ons,Mail-In Kit,Not applicable,1,19.99,19.99,,,,true
SIM-2027-0015-01,SIM-2027-0015,P042,10307762979097,52164166811929,TR-BUNDLE-PZ,Performance Upgrade Bundles,PATIENT ZERO,PS5 DualSense,1,189.99,189.99,,,,true
SIM-2027-0016-01,SIM-2027-0016,P023,10307923411225,53147929510169,TR-REPAIR-STANDARD-TMR-N,Mail-In Controller Repair Service,Standard / TMR / None,Nintendo Switch Pro,1,91.98,91.98,,,,true
SIM-2027-0017-01,SIM-2027-0017,P056,,,,Premium Controller - Simulated 2027 Release 01,PS5 DualSense,PS5 DualSense,1,475.00,475.00,PREM-2027-01,4,SIM-PREM-2027-01-04,true
SIM-2027-0018-01,SIM-2027-0018,P056,,,,Premium Controller - Simulated 2027 Release 01,PS5 DualSense,PS5 DualSense,1,475.00,475.00,PREM-2027-01,5,SIM-PREM-2027-01-05,true
SIM-2027-0019-01,SIM-2027-0019,P023,10307923411225,53147929510169,TR-REPAIR-STANDARD-TMR-N,Mail-In Controller Repair Service,Standard / TMR / None,Nintendo Switch Pro,1,91.98,91.98,,,,true
SIM-2027-0020-01,SIM-2027-0020,P053,10754953085209,52968922808601,PS5-CMO-002,Refurbished PS5 Gray Camouflage Controller,Default Title,PS5 DualSense,1,59.99,59.99,,,SIM-REF-2027-005,true
SIM-2027-0021-01,SIM-2027-0021,P064,10754953052441,52968922775833,PS5-WHT-HE-001,Refurbished PS5 Glacier White Controller Hall Effect Joysticks,Default Title,PS5 DualSense,1,69.99,69.99,,,SIM-REF-2027-006,true
SIM-2027-0022-01,SIM-2027-0022,P019,10307923411225,53147929379097,TR-REPAIR-STANDARD-HE-N,Mail-In Controller Repair Service,Standard / Hall Effect / None,PS5 DualSense,1,84.98,84.98,,,,true
SIM-2027-0022-02,SIM-2027-0022,P055,10806653845785,53147452932377,,TechRevive Service Add-Ons,Mail-In Kit,Not applicable,1,19.99,19.99,,,,true
SIM-2027-0023-01,SIM-2027-0023,P056,,,,Premium Controller - Simulated 2027 Release 01,PS5 DualSense,PS5 DualSense,1,475.00,475.00,PREM-2027-01,6,SIM-PREM-2027-01-06,true
SIM-2027-0024-01,SIM-2027-0024,P042,10307762979097,52164166811929,TR-BUNDLE-PZ,Performance Upgrade Bundles,PATIENT ZERO,PS5 DualSense,1,189.99,189.99,,,,true
SIM-2027-0025-01,SIM-2027-0025,P040,10307762979097,52164166746393,TR-BUNDLE-OB,Performance Upgrade Bundles,OUTBREAK,PS5 DualSense,1,79.99,79.99,,,,true
SIM-2027-0026-01,SIM-2027-0026,P053,10754953085209,52968922808601,PS5-CMO-002,Refurbished PS5 Gray Camouflage Controller,Default Title,PS5 DualSense,1,59.99,59.99,,,SIM-REF-2027-007,true
SIM-2027-0027-01,SIM-2027-0027,P056,,,,Premium Controller - Simulated 2027 Release 01,PS5 DualSense,PS5 DualSense,1,475.00,475.00,PREM-2027-01,7,SIM-PREM-2027-01-07,true
SIM-2027-0028-01,SIM-2027-0028,P056,,,,Premium Controller - Simulated 2027 Release 01,PS5 DualSense,PS5 DualSense,1,475.00,475.00,PREM-2027-01,8,SIM-PREM-2027-01-08,true
SIM-2027-0029-01,SIM-2027-0029,P047,10313115336985,53147930755353,TR-ALC-HE-N-N,Build Your Own Controller Upgrades,Hall Effect / None / None,Nintendo Switch Pro,1,42.99,42.99,,,,true
SIM-2027-0029-02,SIM-2027-0029,P055,10806653845785,53147452932377,,TechRevive Service Add-Ons,Mail-In Kit,Not applicable,1,19.99,19.99,,,,true
SIM-2027-0030-01,SIM-2027-0030,P056,,,,Premium Controller - Simulated 2027 Release 01,PS5 DualSense,PS5 DualSense,1,475.00,475.00,PREM-2027-01,9,SIM-PREM-2027-01-09,true
SIM-2027-0031-01,SIM-2027-0031,P056,,,,Premium Controller - Simulated 2027 Release 01,PS5 DualSense,PS5 DualSense,1,475.00,475.00,PREM-2027-01,10,SIM-PREM-2027-01-10,true
SIM-2027-0032-01,SIM-2027-0032,P056,,,,Premium Controller - Simulated 2027 Release 01,PS5 DualSense,PS5 DualSense,1,475.00,475.00,PREM-2027-01,11,SIM-PREM-2027-01-11,true
SIM-2027-0033-01,SIM-2027-0033,P016,10307923411225,53147929280793,TR-REPAIR-STANDARD-N-MCT,Mail-In Controller Repair Service,Standard / None / Mouse-Click Triggers,PS5 DualSense,1,109.98,109.98,,,,true
SIM-2027-0034-01,SIM-2027-0034,P023,10307923411225,53147929510169,TR-REPAIR-STANDARD-TMR-N,Mail-In Controller Repair Service,Standard / TMR / None,Xbox Series X/S,1,91.98,91.98,,,,true
SIM-2027-0035-01,SIM-2027-0035,P056,,,,Premium Controller - Simulated 2027 Release 01,PS5 DualSense,PS5 DualSense,1,475.00,475.00,PREM-2027-01,12,SIM-PREM-2027-01-12,true
SIM-2027-0036-01,SIM-2027-0036,P056,,,,Premium Controller - Simulated 2027 Release 01,PS5 DualSense,PS5 DualSense,1,475.00,475.00,PREM-2027-01,13,SIM-PREM-2027-01-13,true
SIM-2027-0037-01,SIM-2027-0037,P056,,,,Premium Controller - Simulated 2027 Release 01,PS5 DualSense,PS5 DualSense,1,475.00,475.00,PREM-2027-01,14,SIM-PREM-2027-01-14,true
SIM-2027-0038-01,SIM-2027-0038,P023,10307923411225,53147929510169,TR-REPAIR-STANDARD-TMR-N,Mail-In Controller Repair Service,Standard / TMR / None,Nintendo Switch Pro,1,91.98,91.98,,,,true
SIM-2027-0039-01,SIM-2027-0039,P007,10307923411225,53147928985881,TR-REPAIR-BASIC-HE-N,Mail-In Controller Repair Service,Basic / Hall Effect / None,PS5 DualSense,1,69.98,69.98,,,,true
SIM-2027-0040-01,SIM-2027-0040,P019,10307923411225,53147929379097,TR-REPAIR-STANDARD-HE-N,Mail-In Controller Repair Service,Standard / Hall Effect / None,PS5 DualSense,1,84.98,84.98,,,,true
SIM-2027-0040-02,SIM-2027-0040,P055,10806653845785,53147452932377,,TechRevive Service Add-Ons,Mail-In Kit,Not applicable,1,19.99,19.99,,,,true
SIM-2027-0041-01,SIM-2027-0041,P056,,,,Premium Controller - Simulated 2027 Release 01,PS5 DualSense,PS5 DualSense,1,475.00,475.00,PREM-2027-01,15,SIM-PREM-2027-01-15,true
SIM-2027-0042-01,SIM-2027-0042,P045,10313115336985,53147930624281,TR-ALC-N-TRIG-N,Build Your Own Controller Upgrades,None / Triggers and Bumpers / None,PS5 DualSense,1,69.99,69.99,,,,true
SIM-2027-0043-01,SIM-2027-0043,P041,10307762979097,52164166779161,TR-BUNDLE-AP,Performance Upgrade Bundles,APEX PREDATOR,Xbox Series X/S,1,129.99,129.99,,,,true
SIM-2027-0043-02,SIM-2027-0043,P055,10806653845785,53147452932377,,TechRevive Service Add-Ons,Mail-In Kit,Not applicable,1,19.99,19.99,,,,true
SIM-2027-0044-01,SIM-2027-0044,P019,10307923411225,53147929379097,TR-REPAIR-STANDARD-HE-N,Mail-In Controller Repair Service,Standard / Hall Effect / None,PS5 DualSense,1,84.98,84.98,,,,true
SIM-2027-0045-01,SIM-2027-0045,P051,10754952986905,52968922710297,PS5-GPR-001,Refurbished PS5 Galactic Purple Controller Hall Effect Joysticks,Default Title,PS5 DualSense,1,74.99,74.99,,,SIM-REF-2027-008,true
SIM-2027-0046-01,SIM-2027-0046,P023,10307923411225,53147929510169,TR-REPAIR-STANDARD-TMR-N,Mail-In Controller Repair Service,Standard / TMR / None,Xbox Series X/S,1,91.98,91.98,,,,true
SIM-2027-0046-02,SIM-2027-0046,P055,10806653845785,53147452932377,,TechRevive Service Add-Ons,Mail-In Kit,Not applicable,1,19.99,19.99,,,,true
SIM-2027-0047-01,SIM-2027-0047,P049,10313115336985,53147931017497,TR-ALC-TMR-N-N,Build Your Own Controller Upgrades,TMR / None / None,Xbox Series X/S,1,49.99,49.99,,,,true
SIM-2027-0048-01,SIM-2027-0048,P023,10307923411225,53147929510169,TR-REPAIR-STANDARD-TMR-N,Mail-In Controller Repair Service,Standard / TMR / None,Xbox Series X/S,1,91.98,91.98,,,,true
SIM-2027-0048-02,SIM-2027-0048,P055,10806653845785,53147452932377,,TechRevive Service Add-Ons,Mail-In Kit,Not applicable,1,19.99,19.99,,,,true
SIM-2027-0049-01,SIM-2027-0049,P023,10307923411225,53147929510169,TR-REPAIR-STANDARD-TMR-N,Mail-In Controller Repair Service,Standard / TMR / None,Xbox Series X/S,1,91.98,91.98,,,,true
SIM-2027-0050-01,SIM-2027-0050,P041,10307762979097,52164166779161,TR-BUNDLE-AP,Performance Upgrade Bundles,APEX PREDATOR,PS5 DualSense,1,129.99,129.99,,,,true
SIM-2027-0050-02,SIM-2027-0050,P055,10806653845785,53147452932377,,TechRevive Service Add-Ons,Mail-In Kit,Not applicable,1,19.99,19.99,,,,true
SIM-2027-0051-01,SIM-2027-0051,P052,10754953019673,52968922743065,PS5-WHT-HE-004,Refurbished PS5 Glacier White Controller Hall Effect Joysticks,Default Title,PS5 DualSense,1,69.99,69.99,,,SIM-REF-2027-009,true
SIM-2027-0052-01,SIM-2027-0052,P049,10313115336985,53147931017497,TR-ALC-TMR-N-N,Build Your Own Controller Upgrades,TMR / None / None,PS5 DualSense,1,49.99,49.99,,,,true
SIM-2027-0052-02,SIM-2027-0052,P055,10806653845785,53147452932377,,TechRevive Service Add-Ons,Mail-In Kit,Not applicable,1,19.99,19.99,,,,true
SIM-2027-0053-01,SIM-2027-0053,P039,10307923411225,53147930034457,TR-REPAIR-FTR-JCP,Mail-In Controller Repair Service,Full Tech Revival / Joy-Con Pair / None,Nintendo Switch Joy-Con Pair,1,134.98,134.98,,,,true
SIM-2027-0054-01,SIM-2027-0054,P051,10754952986905,52968922710297,PS5-GPR-001,Refurbished PS5 Galactic Purple Controller Hall Effect Joysticks,Default Title,PS5 DualSense,1,74.99,74.99,,,SIM-REF-2027-010,true
SIM-2027-0055-01,SIM-2027-0055,P023,10307923411225,53147929510169,TR-REPAIR-STANDARD-TMR-N,Mail-In Controller Repair Service,Standard / TMR / None,PS5 DualSense,1,91.98,91.98,,,,true
SIM-2027-0056-01,SIM-2027-0056,P047,10313115336985,53147930755353,TR-ALC-HE-N-N,Build Your Own Controller Upgrades,Hall Effect / None / None,Xbox Series X/S,1,42.99,42.99,,,,true
SIM-2027-0057-01,SIM-2027-0057,P023,10307923411225,53147929510169,TR-REPAIR-STANDARD-TMR-N,Mail-In Controller Repair Service,Standard / TMR / None,PS5 DualSense,1,91.98,91.98,,,,true
SIM-2027-0057-02,SIM-2027-0057,P055,10806653845785,53147452932377,,TechRevive Service Add-Ons,Mail-In Kit,Not applicable,1,19.99,19.99,,,,true
SIM-2027-0058-01,SIM-2027-0058,P011,10307923411225,53147929116953,TR-REPAIR-BASIC-TMR-N,Mail-In Controller Repair Service,Basic / TMR / None,PS5 DualSense,1,76.98,76.98,,,,true
SIM-2027-0058-02,SIM-2027-0058,P055,10806653845785,53147452932377,,TechRevive Service Add-Ons,Mail-In Kit,Not applicable,1,19.99,19.99,,,,true
SIM-2027-0059-01,SIM-2027-0059,P001,10307923411225,52164748312857,TR-REPAIR-BASIC,Mail-In Controller Repair Service,Basic / None / None,PS5 DualSense,1,29.99,29.99,,,,true
SIM-2027-0060-01,SIM-2027-0060,P042,10307762979097,52164166811929,TR-BUNDLE-PZ,Performance Upgrade Bundles,PATIENT ZERO,PS5 DualSense,1,189.99,189.99,,,,true
SIM-2027-0061-01,SIM-2027-0061,P039,10307923411225,53147930034457,TR-REPAIR-FTR-JCP,Mail-In Controller Repair Service,Full Tech Revival / Joy-Con Pair / None,Nintendo Switch Joy-Con Pair,1,134.98,134.98,,,,true
SIM-2027-0061-02,SIM-2027-0061,P055,10806653845785,53147452932377,,TechRevive Service Add-Ons,Mail-In Kit,Not applicable,1,19.99,19.99,,,,true
SIM-2027-0062-01,SIM-2027-0062,P041,10307762979097,52164166779161,TR-BUNDLE-AP,Performance Upgrade Bundles,APEX PREDATOR,Nintendo Switch Pro,1,129.99,129.99,,,,true
SIM-2027-0062-02,SIM-2027-0062,P055,10806653845785,53147452932377,,TechRevive Service Add-Ons,Mail-In Kit,Not applicable,1,19.99,19.99,,,,true
SIM-2027-0063-01,SIM-2027-0063,P023,10307923411225,53147929510169,TR-REPAIR-STANDARD-TMR-N,Mail-In Controller Repair Service,Standard / TMR / None,Xbox Series X/S,1,91.98,91.98,,,,true
SIM-2027-0063-02,SIM-2027-0063,P055,10806653845785,53147452932377,,TechRevive Service Add-Ons,Mail-In Kit,Not applicable,1,19.99,19.99,,,,true
SIM-2027-0064-01,SIM-2027-0064,P053,10754953085209,52968922808601,PS5-CMO-002,Refurbished PS5 Gray Camouflage Controller,Default Title,PS5 DualSense,1,59.99,59.99,,,SIM-REF-2027-011,true
SIM-2027-0065-01,SIM-2027-0065,P047,10313115336985,53147930755353,TR-ALC-HE-N-N,Build Your Own Controller Upgrades,Hall Effect / None / None,PS5 DualSense,1,42.99,42.99,,,,true
SIM-2027-0066-01,SIM-2027-0066,P064,10754953052441,52968922775833,PS5-WHT-HE-001,Refurbished PS5 Glacier White Controller Hall Effect Joysticks,Default Title,PS5 DualSense,1,69.99,69.99,,,SIM-REF-2027-012,true
SIM-2027-0067-01,SIM-2027-0067,P051,10754952986905,52968922710297,PS5-GPR-001,Refurbished PS5 Galactic Purple Controller Hall Effect Joysticks,Default Title,PS5 DualSense,1,74.99,74.99,,,SIM-REF-2027-013,true
SIM-2027-0068-01,SIM-2027-0068,P041,10307762979097,52164166779161,TR-BUNDLE-AP,Performance Upgrade Bundles,APEX PREDATOR,Xbox Series X/S,1,129.99,129.99,,,,true
SIM-2027-0069-01,SIM-2027-0069,P015,10307923411225,53147929248025,TR-REPAIR-BASIC-JCP,Mail-In Controller Repair Service,Basic / Joy-Con Pair / None,Nintendo Switch Joy-Con Pair,1,53.98,53.98,,,,true
SIM-2027-0069-02,SIM-2027-0069,P055,10806653845785,53147452932377,,TechRevive Service Add-Ons,Mail-In Kit,Not applicable,1,19.99,19.99,,,,true
SIM-2027-0070-01,SIM-2027-0070,P057,,,,Premium Controller - Simulated 2027 Release 02,PS5 DualSense,PS5 DualSense,1,350.00,350.00,PREM-2027-02,1,SIM-PREM-2027-02-01,true
SIM-2027-0071-01,SIM-2027-0071,P054,10754955936025,52968936898841,PS5-WHT-HE-003,Refurbished PS5 Glacier White Controller Hall Effect Joysticks,Default Title,PS5 DualSense,1,74.99,74.99,,,SIM-REF-2027-014,true
SIM-2027-0072-01,SIM-2027-0072,P019,10307923411225,53147929379097,TR-REPAIR-STANDARD-HE-N,Mail-In Controller Repair Service,Standard / Hall Effect / None,PS5 DualSense,1,84.98,84.98,,,,true
SIM-2027-0073-01,SIM-2027-0073,P024,10307923411225,53147929542937,TR-REPAIR-STANDARD-TMR-MCT,Mail-In Controller Repair Service,Standard / TMR / Mouse-Click Triggers,PS5 DualSense,1,156.97,156.97,,,,true
SIM-2027-0074-01,SIM-2027-0074,P053,10754953085209,52968922808601,PS5-CMO-002,Refurbished PS5 Gray Camouflage Controller,Default Title,PS5 DualSense,1,59.99,59.99,,,SIM-REF-2027-015,true
SIM-2027-0075-01,SIM-2027-0075,P057,,,,Premium Controller - Simulated 2027 Release 02,PS5 DualSense,PS5 DualSense,1,350.00,350.00,PREM-2027-02,2,SIM-PREM-2027-02-02,true
SIM-2027-0076-01,SIM-2027-0076,P002,10307923411225,52164748345625,TR-REPAIR-STANDARD,Mail-In Controller Repair Service,Standard / None / None,PS5 DualSense,1,44.99,44.99,,,,true
SIM-2027-0077-01,SIM-2027-0077,P041,10307762979097,52164166779161,TR-BUNDLE-AP,Performance Upgrade Bundles,APEX PREDATOR,PS5 DualSense,1,129.99,129.99,,,,true
SIM-2027-0078-01,SIM-2027-0078,P057,,,,Premium Controller - Simulated 2027 Release 02,PS5 DualSense,PS5 DualSense,1,350.00,350.00,PREM-2027-02,3,SIM-PREM-2027-02-03,true
SIM-2027-0079-01,SIM-2027-0079,P057,,,,Premium Controller - Simulated 2027 Release 02,PS5 DualSense,PS5 DualSense,1,350.00,350.00,PREM-2027-02,4,SIM-PREM-2027-02-04,true
SIM-2027-0080-01,SIM-2027-0080,P057,,,,Premium Controller - Simulated 2027 Release 02,PS5 DualSense,PS5 DualSense,1,350.00,350.00,PREM-2027-02,5,SIM-PREM-2027-02-05,true
SIM-2027-0081-01,SIM-2027-0081,P011,10307923411225,53147929116953,TR-REPAIR-BASIC-TMR-N,Mail-In Controller Repair Service,Basic / TMR / None,Xbox Series X/S,1,76.98,76.98,,,,true
SIM-2027-0082-01,SIM-2027-0082,P027,10307923411225,53147929641241,TR-REPAIR-STANDARD-JCP,Mail-In Controller Repair Service,Standard / Joy-Con Pair / None,Nintendo Switch Joy-Con Pair,1,80.98,80.98,,,,true
SIM-2027-0082-02,SIM-2027-0082,P055,10806653845785,53147452932377,,TechRevive Service Add-Ons,Mail-In Kit,Not applicable,1,19.99,19.99,,,,true
SIM-2027-0083-01,SIM-2027-0083,P049,10313115336985,53147931017497,TR-ALC-TMR-N-N,Build Your Own Controller Upgrades,TMR / None / None,PS5 DualSense,1,49.99,49.99,,,,true
SIM-2027-0084-01,SIM-2027-0084,P057,,,,Premium Controller - Simulated 2027 Release 02,PS5 DualSense,PS5 DualSense,1,350.00,350.00,PREM-2027-02,6,SIM-PREM-2027-02-06,true
SIM-2027-0085-01,SIM-2027-0085,P023,10307923411225,53147929510169,TR-REPAIR-STANDARD-TMR-N,Mail-In Controller Repair Service,Standard / TMR / None,PS5 DualSense,1,91.98,91.98,,,,true
SIM-2027-0085-02,SIM-2027-0085,P055,10806653845785,53147452932377,,TechRevive Service Add-Ons,Mail-In Kit,Not applicable,1,19.99,19.99,,,,true
SIM-2027-0086-01,SIM-2027-0086,P003,10307923411225,52164748378393,TR-REPAIR-FTR,Mail-In Controller Repair Service,Full Tech Revival / None / None,Xbox Series X/S,1,74.99,74.99,,,,true
SIM-2027-0086-02,SIM-2027-0086,P055,10806653845785,53147452932377,,TechRevive Service Add-Ons,Mail-In Kit,Not applicable,1,19.99,19.99,,,,true
SIM-2027-0087-01,SIM-2027-0087,P035,10307923411225,53147929903385,TR-REPAIR-FTR-TMR-N,Mail-In Controller Repair Service,Full Tech Revival / TMR / None,Xbox Series X/S,1,121.98,121.98,,,,true
SIM-2027-0087-02,SIM-2027-0087,P055,10806653845785,53147452932377,,TechRevive Service Add-Ons,Mail-In Kit,Not applicable,1,19.99,19.99,,,,true
SIM-2027-0088-01,SIM-2027-0088,P049,10313115336985,53147931017497,TR-ALC-TMR-N-N,Build Your Own Controller Upgrades,TMR / None / None,Nintendo Switch Pro,1,49.99,49.99,,,,true
SIM-2027-0088-02,SIM-2027-0088,P055,10806653845785,53147452932377,,TechRevive Service Add-Ons,Mail-In Kit,Not applicable,1,19.99,19.99,,,,true
SIM-2027-0089-01,SIM-2027-0089,P050,10313115336985,53147931246873,TR-ALC-TMR-FULL-4RI,Build Your Own Controller Upgrades,TMR / Complete Control Set / Four Rear Inputs,PS5 DualSense,1,244.97,244.97,,,,true
SIM-2027-0090-01,SIM-2027-0090,P057,,,,Premium Controller - Simulated 2027 Release 02,PS5 DualSense,PS5 DualSense,1,350.00,350.00,PREM-2027-02,7,SIM-PREM-2027-02-07,true
SIM-2027-0091-01,SIM-2027-0091,P057,,,,Premium Controller - Simulated 2027 Release 02,PS5 DualSense,PS5 DualSense,1,350.00,350.00,PREM-2027-02,8,SIM-PREM-2027-02-08,true
SIM-2027-0092-01,SIM-2027-0092,P057,,,,Premium Controller - Simulated 2027 Release 02,PS5 DualSense,PS5 DualSense,1,350.00,350.00,PREM-2027-02,9,SIM-PREM-2027-02-09,true
SIM-2027-0093-01,SIM-2027-0093,P057,,,,Premium Controller - Simulated 2027 Release 02,PS5 DualSense,PS5 DualSense,1,350.00,350.00,PREM-2027-02,10,SIM-PREM-2027-02-10,true
SIM-2027-0094-01,SIM-2027-0094,P023,10307923411225,53147929510169,TR-REPAIR-STANDARD-TMR-N,Mail-In Controller Repair Service,Standard / TMR / None,Xbox Series X/S,1,91.98,91.98,,,,true
SIM-2027-0095-01,SIM-2027-0095,P057,,,,Premium Controller - Simulated 2027 Release 02,PS5 DualSense,PS5 DualSense,1,350.00,350.00,PREM-2027-02,11,SIM-PREM-2027-02-11,true
SIM-2027-0096-01,SIM-2027-0096,P023,10307923411225,53147929510169,TR-REPAIR-STANDARD-TMR-N,Mail-In Controller Repair Service,Standard / TMR / None,Xbox Series X/S,1,91.98,91.98,,,,true
SIM-2027-0097-01,SIM-2027-0097,P039,10307923411225,53147930034457,TR-REPAIR-FTR-JCP,Mail-In Controller Repair Service,Full Tech Revival / Joy-Con Pair / None,Nintendo Switch Joy-Con Pair,1,134.98,134.98,,,,true
SIM-2027-0098-01,SIM-2027-0098,P057,,,,Premium Controller - Simulated 2027 Release 02,PS5 DualSense,PS5 DualSense,1,350.00,350.00,PREM-2027-02,12,SIM-PREM-2027-02-12,true
SIM-2027-0099-01,SIM-2027-0099,P057,,,,Premium Controller - Simulated 2027 Release 02,PS5 DualSense,PS5 DualSense,1,350.00,350.00,PREM-2027-02,13,SIM-PREM-2027-02-13,true
SIM-2027-0100-01,SIM-2027-0100,P057,,,,Premium Controller - Simulated 2027 Release 02,PS5 DualSense,PS5 DualSense,1,350.00,350.00,PREM-2027-02,14,SIM-PREM-2027-02-14,true
SIM-2027-0101-01,SIM-2027-0101,P041,10307762979097,52164166779161,TR-BUNDLE-AP,Performance Upgrade Bundles,APEX PREDATOR,Xbox Series X/S,1,129.99,129.99,,,,true
SIM-2027-0102-01,SIM-2027-0102,P050,10313115336985,53147931246873,TR-ALC-TMR-FULL-4RI,Build Your Own Controller Upgrades,TMR / Complete Control Set / Four Rear Inputs,PS5 DualSense,1,244.97,244.97,,,,true
SIM-2027-0103-01,SIM-2027-0103,P042,10307762979097,52164166811929,TR-BUNDLE-PZ,Performance Upgrade Bundles,PATIENT ZERO,PS5 DualSense,1,189.99,189.99,,,,true
SIM-2027-0104-01,SIM-2027-0104,P057,,,,Premium Controller - Simulated 2027 Release 02,PS5 DualSense,PS5 DualSense,1,350.00,350.00,PREM-2027-02,15,SIM-PREM-2027-02-15,true
SIM-2027-0105-01,SIM-2027-0105,P035,10307923411225,53147929903385,TR-REPAIR-FTR-TMR-N,Mail-In Controller Repair Service,Full Tech Revival / TMR / None,PS5 DualSense,1,121.98,121.98,,,,true
SIM-2027-0106-01,SIM-2027-0106,P015,10307923411225,53147929248025,TR-REPAIR-BASIC-JCP,Mail-In Controller Repair Service,Basic / Joy-Con Pair / None,Nintendo Switch Joy-Con Pair,1,53.98,53.98,,,,true
SIM-2027-0106-02,SIM-2027-0106,P055,10806653845785,53147452932377,,TechRevive Service Add-Ons,Mail-In Kit,Not applicable,1,19.99,19.99,,,,true
SIM-2027-0107-01,SIM-2027-0107,P047,10313115336985,53147930755353,TR-ALC-HE-N-N,Build Your Own Controller Upgrades,Hall Effect / None / None,Xbox Series X/S,1,42.99,42.99,,,,true
SIM-2027-0107-02,SIM-2027-0107,P055,10806653845785,53147452932377,,TechRevive Service Add-Ons,Mail-In Kit,Not applicable,1,19.99,19.99,,,,true
SIM-2027-0108-01,SIM-2027-0108,P049,10313115336985,53147931017497,TR-ALC-TMR-N-N,Build Your Own Controller Upgrades,TMR / None / None,PS5 DualSense,1,49.99,49.99,,,,true
SIM-2027-0109-01,SIM-2027-0109,P044,10313115336985,53147930558745,TR-ALC-N-FACE-N,Build Your Own Controller Upgrades,None / Face Buttons and D-Pad / None,PS5 DualSense,1,44.99,44.99,,,,true
SIM-2027-0110-01,SIM-2027-0110,P041,10307762979097,52164166779161,TR-BUNDLE-AP,Performance Upgrade Bundles,APEX PREDATOR,PS5 DualSense,1,129.99,129.99,,,,true
SIM-2027-0110-02,SIM-2027-0110,P055,10806653845785,53147452932377,,TechRevive Service Add-Ons,Mail-In Kit,Not applicable,1,19.99,19.99,,,,true
SIM-2027-0111-01,SIM-2027-0111,P011,10307923411225,53147929116953,TR-REPAIR-BASIC-TMR-N,Mail-In Controller Repair Service,Basic / TMR / None,Xbox Series X/S,1,76.98,76.98,,,,true
SIM-2027-0112-01,SIM-2027-0112,P053,10754953085209,52968922808601,PS5-CMO-002,Refurbished PS5 Gray Camouflage Controller,Default Title,PS5 DualSense,1,59.99,59.99,,,SIM-REF-2027-016,true
SIM-2027-0113-01,SIM-2027-0113,P049,10313115336985,53147931017497,TR-ALC-TMR-N-N,Build Your Own Controller Upgrades,TMR / None / None,PS5 DualSense,1,49.99,49.99,,,,true
SIM-2027-0114-01,SIM-2027-0114,P054,10754955936025,52968936898841,PS5-WHT-HE-003,Refurbished PS5 Glacier White Controller Hall Effect Joysticks,Default Title,PS5 DualSense,1,74.99,74.99,,,SIM-REF-2027-017,true
SIM-2027-0115-01,SIM-2027-0115,P041,10307762979097,52164166779161,TR-BUNDLE-AP,Performance Upgrade Bundles,APEX PREDATOR,PS5 DualSense,1,129.99,129.99,,,,true
SIM-2027-0116-01,SIM-2027-0116,P049,10313115336985,53147931017497,TR-ALC-TMR-N-N,Build Your Own Controller Upgrades,TMR / None / None,PS5 DualSense,1,49.99,49.99,,,,true
SIM-2027-0117-01,SIM-2027-0117,P040,10307762979097,52164166746393,TR-BUNDLE-OB,Performance Upgrade Bundles,OUTBREAK,PS5 DualSense,1,79.99,79.99,,,,true
SIM-2027-0118-01,SIM-2027-0118,P047,10313115336985,53147930755353,TR-ALC-HE-N-N,Build Your Own Controller Upgrades,Hall Effect / None / None,PS5 DualSense,1,42.99,42.99,,,,true
SIM-2027-0119-01,SIM-2027-0119,P023,10307923411225,53147929510169,TR-REPAIR-STANDARD-TMR-N,Mail-In Controller Repair Service,Standard / TMR / None,Nintendo Switch Pro,1,91.98,91.98,,,,true
SIM-2027-0120-01,SIM-2027-0120,P039,10307923411225,53147930034457,TR-REPAIR-FTR-JCP,Mail-In Controller Repair Service,Full Tech Revival / Joy-Con Pair / None,Nintendo Switch Joy-Con Pair,1,134.98,134.98,,,,true
SIM-2027-0121-01,SIM-2027-0121,P049,10313115336985,53147931017497,TR-ALC-TMR-N-N,Build Your Own Controller Upgrades,TMR / None / None,PS5 DualSense,1,49.99,49.99,,,,true
SIM-2027-0121-02,SIM-2027-0121,P055,10806653845785,53147452932377,,TechRevive Service Add-Ons,Mail-In Kit,Not applicable,1,19.99,19.99,,,,true
SIM-2027-0122-01,SIM-2027-0122,P007,10307923411225,53147928985881,TR-REPAIR-BASIC-HE-N,Mail-In Controller Repair Service,Basic / Hall Effect / None,Xbox Series X/S,1,69.98,69.98,,,,true
SIM-2027-0122-02,SIM-2027-0122,P055,10806653845785,53147452932377,,TechRevive Service Add-Ons,Mail-In Kit,Not applicable,1,19.99,19.99,,,,true
SIM-2027-0123-01,SIM-2027-0123,P027,10307923411225,53147929641241,TR-REPAIR-STANDARD-JCP,Mail-In Controller Repair Service,Standard / Joy-Con Pair / None,Nintendo Switch Joy-Con Pair,1,80.98,80.98,,,,true
SIM-2027-0123-02,SIM-2027-0123,P055,10806653845785,53147452932377,,TechRevive Service Add-Ons,Mail-In Kit,Not applicable,1,19.99,19.99,,,,true
SIM-2027-0124-01,SIM-2027-0124,P054,10754955936025,52968936898841,PS5-WHT-HE-003,Refurbished PS5 Glacier White Controller Hall Effect Joysticks,Default Title,PS5 DualSense,1,74.99,74.99,,,SIM-REF-2027-018,true
SIM-2027-0125-01,SIM-2027-0125,P019,10307923411225,53147929379097,TR-REPAIR-STANDARD-HE-N,Mail-In Controller Repair Service,Standard / Hall Effect / None,PS5 DualSense,1,84.98,84.98,,,,true
SIM-2027-0126-01,SIM-2027-0126,P045,10313115336985,53147930624281,TR-ALC-N-TRIG-N,Build Your Own Controller Upgrades,None / Triggers and Bumpers / None,PS5 DualSense,1,69.99,69.99,,,,true
SIM-2027-0127-01,SIM-2027-0127,P047,10313115336985,53147930755353,TR-ALC-HE-N-N,Build Your Own Controller Upgrades,Hall Effect / None / None,Xbox Series X/S,1,42.99,42.99,,,,true
SIM-2027-0128-01,SIM-2027-0128,P051,10754952986905,52968922710297,PS5-GPR-001,Refurbished PS5 Galactic Purple Controller Hall Effect Joysticks,Default Title,PS5 DualSense,1,74.99,74.99,,,SIM-REF-2027-019,true
SIM-2027-0129-01,SIM-2027-0129,P048,10313115336985,53147930886425,TR-ALC-HE-TRIG-N,Build Your Own Controller Upgrades,Hall Effect / Triggers and Bumpers / None,PS5 DualSense,1,112.98,112.98,,,,true
SIM-2027-0129-02,SIM-2027-0129,P055,10806653845785,53147452932377,,TechRevive Service Add-Ons,Mail-In Kit,Not applicable,1,19.99,19.99,,,,true
SIM-2027-0130-01,SIM-2027-0130,P016,10307923411225,53147929280793,TR-REPAIR-STANDARD-N-MCT,Mail-In Controller Repair Service,Standard / None / Mouse-Click Triggers,PS5 DualSense,1,109.98,109.98,,,,true
SIM-2027-0130-02,SIM-2027-0130,P055,10806653845785,53147452932377,,TechRevive Service Add-Ons,Mail-In Kit,Not applicable,1,19.99,19.99,,,,true
SIM-2027-0131-01,SIM-2027-0131,P058,,,,Premium Controller - Simulated 2027 Release 03,PS5 DualSense,PS5 DualSense,1,450.00,450.00,PREM-2027-03,1,SIM-PREM-2027-03-01,true
SIM-2027-0132-01,SIM-2027-0132,P058,,,,Premium Controller - Simulated 2027 Release 03,PS5 DualSense,PS5 DualSense,1,450.00,450.00,PREM-2027-03,2,SIM-PREM-2027-03-02,true
SIM-2027-0133-01,SIM-2027-0133,P016,10307923411225,53147929280793,TR-REPAIR-STANDARD-N-MCT,Mail-In Controller Repair Service,Standard / None / Mouse-Click Triggers,PS5 DualSense,1,109.98,109.98,,,,true
SIM-2027-0134-01,SIM-2027-0134,P051,10754952986905,52968922710297,PS5-GPR-001,Refurbished PS5 Galactic Purple Controller Hall Effect Joysticks,Default Title,PS5 DualSense,1,74.99,74.99,,,SIM-REF-2027-020,true
SIM-2027-0135-01,SIM-2027-0135,P053,10754953085209,52968922808601,PS5-CMO-002,Refurbished PS5 Gray Camouflage Controller,Default Title,PS5 DualSense,1,59.99,59.99,,,SIM-REF-2027-021,true
SIM-2027-0136-01,SIM-2027-0136,P019,10307923411225,53147929379097,TR-REPAIR-STANDARD-HE-N,Mail-In Controller Repair Service,Standard / Hall Effect / None,PS5 DualSense,1,84.98,84.98,,,,true
SIM-2027-0136-02,SIM-2027-0136,P055,10806653845785,53147452932377,,TechRevive Service Add-Ons,Mail-In Kit,Not applicable,1,19.99,19.99,,,,true
SIM-2027-0137-01,SIM-2027-0137,P042,10307762979097,52164166811929,TR-BUNDLE-PZ,Performance Upgrade Bundles,PATIENT ZERO,PS5 DualSense,1,189.99,189.99,,,,true
SIM-2027-0138-01,SIM-2027-0138,P035,10307923411225,53147929903385,TR-REPAIR-FTR-TMR-N,Mail-In Controller Repair Service,Full Tech Revival / TMR / None,PS5 DualSense,1,121.98,121.98,,,,true
SIM-2027-0139-01,SIM-2027-0139,P022,10307923411225,53147929477401,TR-REPAIR-STANDARD-HE-MCT-4BP,Mail-In Controller Repair Service,Standard / Hall Effect / Mouse-Click Triggers + Four Back Paddles,PS5 DualSense,1,239.96,239.96,,,,true
SIM-2027-0140-01,SIM-2027-0140,P058,,,,Premium Controller - Simulated 2027 Release 03,PS5 DualSense,PS5 DualSense,1,450.00,450.00,PREM-2027-03,3,SIM-PREM-2027-03-03,true
SIM-2027-0141-01,SIM-2027-0141,P011,10307923411225,53147929116953,TR-REPAIR-BASIC-TMR-N,Mail-In Controller Repair Service,Basic / TMR / None,Xbox Series X/S,1,76.98,76.98,,,,true
SIM-2027-0142-01,SIM-2027-0142,P010,10307923411225,53147929084185,TR-REPAIR-BASIC-HE-MCT-4BP,Mail-In Controller Repair Service,Basic / Hall Effect / Mouse-Click Triggers + Four Back Paddles,PS5 DualSense,1,224.96,224.96,,,,true
SIM-2027-0142-02,SIM-2027-0142,P055,10806653845785,53147452932377,,TechRevive Service Add-Ons,Mail-In Kit,Not applicable,1,19.99,19.99,,,,true
SIM-2027-0143-01,SIM-2027-0143,P027,10307923411225,53147929641241,TR-REPAIR-STANDARD-JCP,Mail-In Controller Repair Service,Standard / Joy-Con Pair / None,Nintendo Switch Joy-Con Pair,1,80.98,80.98,,,,true
SIM-2027-0144-01,SIM-2027-0144,P058,,,,Premium Controller - Simulated 2027 Release 03,PS5 DualSense,PS5 DualSense,1,450.00,450.00,PREM-2027-03,4,SIM-PREM-2027-03-04,true
SIM-2027-0145-01,SIM-2027-0145,P058,,,,Premium Controller - Simulated 2027 Release 03,PS5 DualSense,PS5 DualSense,1,450.00,450.00,PREM-2027-03,5,SIM-PREM-2027-03-05,true
SIM-2027-0146-01,SIM-2027-0146,P058,,,,Premium Controller - Simulated 2027 Release 03,PS5 DualSense,PS5 DualSense,1,450.00,450.00,PREM-2027-03,6,SIM-PREM-2027-03-06,true
SIM-2027-0147-01,SIM-2027-0147,P052,10754953019673,52968922743065,PS5-WHT-HE-004,Refurbished PS5 Glacier White Controller Hall Effect Joysticks,Default Title,PS5 DualSense,1,69.99,69.99,,,SIM-REF-2027-022,true
SIM-2027-0148-01,SIM-2027-0148,P058,,,,Premium Controller - Simulated 2027 Release 03,PS5 DualSense,PS5 DualSense,1,450.00,450.00,PREM-2027-03,7,SIM-PREM-2027-03-07,true
SIM-2027-0149-01,SIM-2027-0149,P002,10307923411225,52164748345625,TR-REPAIR-STANDARD,Mail-In Controller Repair Service,Standard / None / None,PS5 DualSense,1,44.99,44.99,,,,true
SIM-2027-0150-01,SIM-2027-0150,P019,10307923411225,53147929379097,TR-REPAIR-STANDARD-HE-N,Mail-In Controller Repair Service,Standard / Hall Effect / None,Xbox Series X/S,1,84.98,84.98,,,,true
SIM-2027-0151-01,SIM-2027-0151,P028,10307923411225,53147929674009,TR-REPAIR-FTR-N-MCT,Mail-In Controller Repair Service,Full Tech Revival / None / Mouse-Click Triggers,PS5 DualSense,1,139.98,139.98,,,,true
SIM-2027-0152-01,SIM-2027-0152,P058,,,,Premium Controller - Simulated 2027 Release 03,PS5 DualSense,PS5 DualSense,1,450.00,450.00,PREM-2027-03,8,SIM-PREM-2027-03-08,true
SIM-2027-0153-01,SIM-2027-0153,P058,,,,Premium Controller - Simulated 2027 Release 03,PS5 DualSense,PS5 DualSense,1,450.00,450.00,PREM-2027-03,9,SIM-PREM-2027-03-09,true
SIM-2027-0154-01,SIM-2027-0154,P058,,,,Premium Controller - Simulated 2027 Release 03,PS5 DualSense,PS5 DualSense,1,450.00,450.00,PREM-2027-03,10,SIM-PREM-2027-03-10,true
SIM-2027-0155-01,SIM-2027-0155,P064,10754953052441,52968922775833,PS5-WHT-HE-001,Refurbished PS5 Glacier White Controller Hall Effect Joysticks,Default Title,PS5 DualSense,1,69.99,69.99,,,SIM-REF-2027-023,true
SIM-2027-0156-01,SIM-2027-0156,P001,10307923411225,52164748312857,TR-REPAIR-BASIC,Mail-In Controller Repair Service,Basic / None / None,PS4 DualShock 4,1,29.99,29.99,,,,true
SIM-2027-0157-01,SIM-2027-0157,P054,10754955936025,52968936898841,PS5-WHT-HE-003,Refurbished PS5 Glacier White Controller Hall Effect Joysticks,Default Title,PS5 DualSense,1,74.99,74.99,,,SIM-REF-2027-024,true
SIM-2027-0158-01,SIM-2027-0158,P058,,,,Premium Controller - Simulated 2027 Release 03,PS5 DualSense,PS5 DualSense,1,450.00,450.00,PREM-2027-03,11,SIM-PREM-2027-03-11,true
SIM-2027-0159-01,SIM-2027-0159,P058,,,,Premium Controller - Simulated 2027 Release 03,PS5 DualSense,PS5 DualSense,1,450.00,450.00,PREM-2027-03,12,SIM-PREM-2027-03-12,true
SIM-2027-0160-01,SIM-2027-0160,P015,10307923411225,53147929248025,TR-REPAIR-BASIC-JCP,Mail-In Controller Repair Service,Basic / Joy-Con Pair / None,Nintendo Switch Joy-Con Pair,1,53.98,53.98,,,,true
SIM-2027-0161-01,SIM-2027-0161,P052,10754953019673,52968922743065,PS5-WHT-HE-004,Refurbished PS5 Glacier White Controller Hall Effect Joysticks,Default Title,PS5 DualSense,1,69.99,69.99,,,SIM-REF-2027-025,true
SIM-2027-0162-01,SIM-2027-0162,P064,10754953052441,52968922775833,PS5-WHT-HE-001,Refurbished PS5 Glacier White Controller Hall Effect Joysticks,Default Title,PS5 DualSense,1,69.99,69.99,,,SIM-REF-2027-026,true
SIM-2027-0163-01,SIM-2027-0163,P041,10307762979097,52164166779161,TR-BUNDLE-AP,Performance Upgrade Bundles,APEX PREDATOR,Xbox Series X/S,1,129.99,129.99,,,,true
SIM-2027-0164-01,SIM-2027-0164,P058,,,,Premium Controller - Simulated 2027 Release 03,PS5 DualSense,PS5 DualSense,1,450.00,450.00,PREM-2027-03,13,SIM-PREM-2027-03-13,true
SIM-2027-0165-01,SIM-2027-0165,P058,,,,Premium Controller - Simulated 2027 Release 03,PS5 DualSense,PS5 DualSense,1,450.00,450.00,PREM-2027-03,14,SIM-PREM-2027-03-14,true
SIM-2027-0166-01,SIM-2027-0166,P051,10754952986905,52968922710297,PS5-GPR-001,Refurbished PS5 Galactic Purple Controller Hall Effect Joysticks,Default Title,PS5 DualSense,1,74.99,74.99,,,SIM-REF-2027-027,true
SIM-2027-0167-01,SIM-2027-0167,P053,10754953085209,52968922808601,PS5-CMO-002,Refurbished PS5 Gray Camouflage Controller,Default Title,PS5 DualSense,1,59.99,59.99,,,SIM-REF-2027-028,true
SIM-2027-0168-01,SIM-2027-0168,P058,,,,Premium Controller - Simulated 2027 Release 03,PS5 DualSense,PS5 DualSense,1,450.00,450.00,PREM-2027-03,15,SIM-PREM-2027-03-15,true
SIM-2027-0169-01,SIM-2027-0169,P024,10307923411225,53147929542937,TR-REPAIR-STANDARD-TMR-MCT,Mail-In Controller Repair Service,Standard / TMR / Mouse-Click Triggers,PS5 DualSense,1,156.97,156.97,,,,true
SIM-2027-0169-02,SIM-2027-0169,P055,10806653845785,53147452932377,,TechRevive Service Add-Ons,Mail-In Kit,Not applicable,1,19.99,19.99,,,,true
SIM-2027-0170-01,SIM-2027-0170,P053,10754953085209,52968922808601,PS5-CMO-002,Refurbished PS5 Gray Camouflage Controller,Default Title,PS5 DualSense,1,59.99,59.99,,,SIM-REF-2027-029,true
SIM-2027-0171-01,SIM-2027-0171,P041,10307762979097,52164166779161,TR-BUNDLE-AP,Performance Upgrade Bundles,APEX PREDATOR,PS5 DualSense,1,129.99,129.99,,,,true
SIM-2027-0172-01,SIM-2027-0172,P051,10754952986905,52968922710297,PS5-GPR-001,Refurbished PS5 Galactic Purple Controller Hall Effect Joysticks,Default Title,PS5 DualSense,1,74.99,74.99,,,SIM-REF-2027-030,true
SIM-2027-0173-01,SIM-2027-0173,P007,10307923411225,53147928985881,TR-REPAIR-BASIC-HE-N,Mail-In Controller Repair Service,Basic / Hall Effect / None,Xbox Series X/S,1,69.98,69.98,,,,true
SIM-2027-0174-01,SIM-2027-0174,P049,10313115336985,53147931017497,TR-ALC-TMR-N-N,Build Your Own Controller Upgrades,TMR / None / None,PS5 DualSense,1,49.99,49.99,,,,true
SIM-2027-0174-02,SIM-2027-0174,P055,10806653845785,53147452932377,,TechRevive Service Add-Ons,Mail-In Kit,Not applicable,1,19.99,19.99,,,,true
SIM-2027-0175-01,SIM-2027-0175,P047,10313115336985,53147930755353,TR-ALC-HE-N-N,Build Your Own Controller Upgrades,Hall Effect / None / None,Xbox Series X/S,1,42.99,42.99,,,,true
SIM-2027-0175-02,SIM-2027-0175,P055,10806653845785,53147452932377,,TechRevive Service Add-Ons,Mail-In Kit,Not applicable,1,19.99,19.99,,,,true
SIM-2027-0176-01,SIM-2027-0176,P019,10307923411225,53147929379097,TR-REPAIR-STANDARD-HE-N,Mail-In Controller Repair Service,Standard / Hall Effect / None,Xbox Series X/S,1,84.98,84.98,,,,true
SIM-2027-0177-01,SIM-2027-0177,P045,10313115336985,53147930624281,TR-ALC-N-TRIG-N,Build Your Own Controller Upgrades,None / Triggers and Bumpers / None,Xbox Series X/S,1,69.99,69.99,,,,true
SIM-2027-0177-02,SIM-2027-0177,P055,10806653845785,53147452932377,,TechRevive Service Add-Ons,Mail-In Kit,Not applicable,1,19.99,19.99,,,,true
SIM-2027-0178-01,SIM-2027-0178,P023,10307923411225,53147929510169,TR-REPAIR-STANDARD-TMR-N,Mail-In Controller Repair Service,Standard / TMR / None,PS5 DualSense,1,91.98,91.98,,,,true
SIM-2027-0178-02,SIM-2027-0178,P055,10806653845785,53147452932377,,TechRevive Service Add-Ons,Mail-In Kit,Not applicable,1,19.99,19.99,,,,true
SIM-2027-0179-01,SIM-2027-0179,P049,10313115336985,53147931017497,TR-ALC-TMR-N-N,Build Your Own Controller Upgrades,TMR / None / None,Xbox Series X/S,1,49.99,49.99,,,,true
SIM-2027-0179-02,SIM-2027-0179,P055,10806653845785,53147452932377,,TechRevive Service Add-Ons,Mail-In Kit,Not applicable,1,19.99,19.99,,,,true
SIM-2027-0180-01,SIM-2027-0180,P019,10307923411225,53147929379097,TR-REPAIR-STANDARD-HE-N,Mail-In Controller Repair Service,Standard / Hall Effect / None,PS5 DualSense,1,84.98,84.98,,,,true
SIM-2027-0180-02,SIM-2027-0180,P055,10806653845785,53147452932377,,TechRevive Service Add-Ons,Mail-In Kit,Not applicable,1,19.99,19.99,,,,true
SIM-2027-0181-01,SIM-2027-0181,P003,10307923411225,52164748378393,TR-REPAIR-FTR,Mail-In Controller Repair Service,Full Tech Revival / None / None,PS4 DualShock 4,1,74.99,74.99,,,,true
SIM-2027-0182-01,SIM-2027-0182,P044,10313115336985,53147930558745,TR-ALC-N-FACE-N,Build Your Own Controller Upgrades,None / Face Buttons and D-Pad / None,PS5 DualSense,1,44.99,44.99,,,,true
SIM-2027-0183-01,SIM-2027-0183,P019,10307923411225,53147929379097,TR-REPAIR-STANDARD-HE-N,Mail-In Controller Repair Service,Standard / Hall Effect / None,PS5 DualSense,1,84.98,84.98,,,,true
SIM-2027-0184-01,SIM-2027-0184,P019,10307923411225,53147929379097,TR-REPAIR-STANDARD-HE-N,Mail-In Controller Repair Service,Standard / Hall Effect / None,PS5 DualSense,1,84.98,84.98,,,,true
SIM-2027-0185-01,SIM-2027-0185,P034,10307923411225,53147929870617,TR-REPAIR-FTR-HE-MCT-4BP,Mail-In Controller Repair Service,Full Tech Revival / Hall Effect / Mouse-Click Triggers + Four Back Paddles,PS5 DualSense,1,269.96,269.96,,,,true
SIM-2027-0185-02,SIM-2027-0185,P055,10806653845785,53147452932377,,TechRevive Service Add-Ons,Mail-In Kit,Not applicable,1,19.99,19.99,,,,true
SIM-2027-0186-01,SIM-2027-0186,P001,10307923411225,52164748312857,TR-REPAIR-BASIC,Mail-In Controller Repair Service,Basic / None / None,PS5 DualSense,1,29.99,29.99,,,,true
SIM-2027-0187-01,SIM-2027-0187,P053,10754953085209,52968922808601,PS5-CMO-002,Refurbished PS5 Gray Camouflage Controller,Default Title,PS5 DualSense,1,59.99,59.99,,,SIM-REF-2027-031,true
SIM-2027-0188-01,SIM-2027-0188,P041,10307762979097,52164166779161,TR-BUNDLE-AP,Performance Upgrade Bundles,APEX PREDATOR,Xbox Series X/S,1,129.99,129.99,,,,true
SIM-2027-0188-02,SIM-2027-0188,P055,10806653845785,53147452932377,,TechRevive Service Add-Ons,Mail-In Kit,Not applicable,1,19.99,19.99,,,,true
SIM-2027-0189-01,SIM-2027-0189,P047,10313115336985,53147930755353,TR-ALC-HE-N-N,Build Your Own Controller Upgrades,Hall Effect / None / None,PS5 DualSense,1,42.99,42.99,,,,true
SIM-2027-0189-02,SIM-2027-0189,P055,10806653845785,53147452932377,,TechRevive Service Add-Ons,Mail-In Kit,Not applicable,1,19.99,19.99,,,,true
SIM-2027-0190-01,SIM-2027-0190,P023,10307923411225,53147929510169,TR-REPAIR-STANDARD-TMR-N,Mail-In Controller Repair Service,Standard / TMR / None,Xbox Series X/S,1,91.98,91.98,,,,true
SIM-2027-0190-02,SIM-2027-0190,P055,10806653845785,53147452932377,,TechRevive Service Add-Ons,Mail-In Kit,Not applicable,1,19.99,19.99,,,,true
SIM-2027-0191-01,SIM-2027-0191,P049,10313115336985,53147931017497,TR-ALC-TMR-N-N,Build Your Own Controller Upgrades,TMR / None / None,PS5 DualSense,1,49.99,49.99,,,,true
SIM-2027-0192-01,SIM-2027-0192,P011,10307923411225,53147929116953,TR-REPAIR-BASIC-TMR-N,Mail-In Controller Repair Service,Basic / TMR / None,Xbox Series X/S,1,76.98,76.98,,,,true
SIM-2027-0193-01,SIM-2027-0193,P048,10313115336985,53147930886425,TR-ALC-HE-TRIG-N,Build Your Own Controller Upgrades,Hall Effect / Triggers and Bumpers / None,Xbox Series X/S,1,112.98,112.98,,,,true
SIM-2027-0193-02,SIM-2027-0193,P055,10806653845785,53147452932377,,TechRevive Service Add-Ons,Mail-In Kit,Not applicable,1,19.99,19.99,,,,true
SIM-2027-0194-01,SIM-2027-0194,P011,10307923411225,53147929116953,TR-REPAIR-BASIC-TMR-N,Mail-In Controller Repair Service,Basic / TMR / None,PS5 DualSense,1,76.98,76.98,,,,true
SIM-2027-0195-01,SIM-2027-0195,P054,10754955936025,52968936898841,PS5-WHT-HE-003,Refurbished PS5 Glacier White Controller Hall Effect Joysticks,Default Title,PS5 DualSense,1,74.99,74.99,,,SIM-REF-2027-032,true
SIM-2027-0196-01,SIM-2027-0196,P027,10307923411225,53147929641241,TR-REPAIR-STANDARD-JCP,Mail-In Controller Repair Service,Standard / Joy-Con Pair / None,Nintendo Switch Joy-Con Pair,1,80.98,80.98,,,,true
SIM-2027-0196-02,SIM-2027-0196,P055,10806653845785,53147452932377,,TechRevive Service Add-Ons,Mail-In Kit,Not applicable,1,19.99,19.99,,,,true
SIM-2027-0197-01,SIM-2027-0197,P051,10754952986905,52968922710297,PS5-GPR-001,Refurbished PS5 Galactic Purple Controller Hall Effect Joysticks,Default Title,PS5 DualSense,1,74.99,74.99,,,SIM-REF-2027-033,true
SIM-2027-0198-01,SIM-2027-0198,P054,10754955936025,52968936898841,PS5-WHT-HE-003,Refurbished PS5 Glacier White Controller Hall Effect Joysticks,Default Title,PS5 DualSense,1,74.99,74.99,,,SIM-REF-2027-034,true
SIM-2027-0199-01,SIM-2027-0199,P062,,,,Masterpiece Controller - Simulated 2027 Release 01,PS5 DualSense,PS5 DualSense,1,1250.00,1250.00,MASTER-2027-01,1,SIM-MASTER-2027-01-01,true
SIM-2027-0200-01,SIM-2027-0200,P023,10307923411225,53147929510169,TR-REPAIR-STANDARD-TMR-N,Mail-In Controller Repair Service,Standard / TMR / None,PS5 DualSense,1,91.98,91.98,,,,true
SIM-2027-0201-01,SIM-2027-0201,P054,10754955936025,52968936898841,PS5-WHT-HE-003,Refurbished PS5 Glacier White Controller Hall Effect Joysticks,Default Title,PS5 DualSense,1,74.99,74.99,,,SIM-REF-2027-035,true
SIM-2027-0202-01,SIM-2027-0202,P041,10307762979097,52164166779161,TR-BUNDLE-AP,Performance Upgrade Bundles,APEX PREDATOR,PS5 DualSense,1,129.99,129.99,,,,true
SIM-2027-0203-01,SIM-2027-0203,P045,10313115336985,53147930624281,TR-ALC-N-TRIG-N,Build Your Own Controller Upgrades,None / Triggers and Bumpers / None,Xbox Series X/S,1,69.99,69.99,,,,true
SIM-2027-0203-02,SIM-2027-0203,P055,10806653845785,53147452932377,,TechRevive Service Add-Ons,Mail-In Kit,Not applicable,1,19.99,19.99,,,,true
SIM-2027-0204-01,SIM-2027-0204,P054,10754955936025,52968936898841,PS5-WHT-HE-003,Refurbished PS5 Glacier White Controller Hall Effect Joysticks,Default Title,PS5 DualSense,1,74.99,74.99,,,SIM-REF-2027-036,true
SIM-2027-0205-01,SIM-2027-0205,P007,10307923411225,53147928985881,TR-REPAIR-BASIC-HE-N,Mail-In Controller Repair Service,Basic / Hall Effect / None,Xbox Series X/S,1,69.98,69.98,,,,true
SIM-2027-0206-01,SIM-2027-0206,P019,10307923411225,53147929379097,TR-REPAIR-STANDARD-HE-N,Mail-In Controller Repair Service,Standard / Hall Effect / None,PS5 DualSense,1,84.98,84.98,,,,true
SIM-2027-0206-02,SIM-2027-0206,P055,10806653845785,53147452932377,,TechRevive Service Add-Ons,Mail-In Kit,Not applicable,1,19.99,19.99,,,,true
SIM-2027-0207-01,SIM-2027-0207,P050,10313115336985,53147931246873,TR-ALC-TMR-FULL-4RI,Build Your Own Controller Upgrades,TMR / Complete Control Set / Four Rear Inputs,PS5 DualSense,1,244.97,244.97,,,,true
SIM-2027-0208-01,SIM-2027-0208,P001,10307923411225,52164748312857,TR-REPAIR-BASIC,Mail-In Controller Repair Service,Basic / None / None,Xbox Series X/S,1,29.99,29.99,,,,true
SIM-2027-0209-01,SIM-2027-0209,P053,10754953085209,52968922808601,PS5-CMO-002,Refurbished PS5 Gray Camouflage Controller,Default Title,PS5 DualSense,1,59.99,59.99,,,SIM-REF-2027-037,true
SIM-2027-0210-01,SIM-2027-0210,P059,,,,Premium Controller - Simulated 2027 Release 04,PS5 DualSense,PS5 DualSense,1,375.00,375.00,PREM-2027-04,1,SIM-PREM-2027-04-01,true
SIM-2027-0211-01,SIM-2027-0211,P021,10307923411225,53147929444633,TR-REPAIR-STANDARD-HE-4BP,Mail-In Controller Repair Service,Standard / Hall Effect / Four Back Paddles,PS5 DualSense,1,174.97,174.97,,,,true
SIM-2027-0212-01,SIM-2027-0212,P007,10307923411225,53147928985881,TR-REPAIR-BASIC-HE-N,Mail-In Controller Repair Service,Basic / Hall Effect / None,PS5 DualSense,1,69.98,69.98,,,,true
SIM-2027-0213-01,SIM-2027-0213,P019,10307923411225,53147929379097,TR-REPAIR-STANDARD-HE-N,Mail-In Controller Repair Service,Standard / Hall Effect / None,PS5 DualSense,1,84.98,84.98,,,,true
SIM-2027-0214-01,SIM-2027-0214,P054,10754955936025,52968936898841,PS5-WHT-HE-003,Refurbished PS5 Glacier White Controller Hall Effect Joysticks,Default Title,PS5 DualSense,1,74.99,74.99,,,SIM-REF-2027-038,true
SIM-2027-0215-01,SIM-2027-0215,P046,10313115336985,53147930689817,TR-ALC-N-FULL-N,Build Your Own Controller Upgrades,None / Complete Control Set / None,Xbox Series X/S,1,99.99,99.99,,,,true
SIM-2027-0216-01,SIM-2027-0216,P059,,,,Premium Controller - Simulated 2027 Release 04,PS5 DualSense,PS5 DualSense,1,375.00,375.00,PREM-2027-04,2,SIM-PREM-2027-04-02,true
SIM-2027-0217-01,SIM-2027-0217,P041,10307762979097,52164166779161,TR-BUNDLE-AP,Performance Upgrade Bundles,APEX PREDATOR,Xbox Series X/S,1,129.99,129.99,,,,true
SIM-2027-0217-02,SIM-2027-0217,P055,10806653845785,53147452932377,,TechRevive Service Add-Ons,Mail-In Kit,Not applicable,1,19.99,19.99,,,,true
SIM-2027-0218-01,SIM-2027-0218,P003,10307923411225,52164748378393,TR-REPAIR-FTR,Mail-In Controller Repair Service,Full Tech Revival / None / None,PS4 DualShock 4,1,74.99,74.99,,,,true
SIM-2027-0219-01,SIM-2027-0219,P040,10307762979097,52164166746393,TR-BUNDLE-OB,Performance Upgrade Bundles,OUTBREAK,PS5 DualSense,1,79.99,79.99,,,,true
SIM-2027-0220-01,SIM-2027-0220,P041,10307762979097,52164166779161,TR-BUNDLE-AP,Performance Upgrade Bundles,APEX PREDATOR,Xbox Series X/S,1,129.99,129.99,,,,true
SIM-2027-0220-02,SIM-2027-0220,P055,10806653845785,53147452932377,,TechRevive Service Add-Ons,Mail-In Kit,Not applicable,1,19.99,19.99,,,,true
SIM-2027-0221-01,SIM-2027-0221,P043,10313115336985,53147930525977,TR-ALC-N-N-4RI,Build Your Own Controller Upgrades,None / None / Four Rear Inputs,PS5 DualSense,1,94.99,94.99,,,,true
SIM-2027-0222-01,SIM-2027-0222,P048,10313115336985,53147930886425,TR-ALC-HE-TRIG-N,Build Your Own Controller Upgrades,Hall Effect / Triggers and Bumpers / None,Nintendo Switch Pro,1,112.98,112.98,,,,true
SIM-2027-0222-02,SIM-2027-0222,P055,10806653845785,53147452932377,,TechRevive Service Add-Ons,Mail-In Kit,Not applicable,1,19.99,19.99,,,,true
SIM-2027-0223-01,SIM-2027-0223,P059,,,,Premium Controller - Simulated 2027 Release 04,PS5 DualSense,PS5 DualSense,1,375.00,375.00,PREM-2027-04,3,SIM-PREM-2027-04-03,true
SIM-2027-0224-01,SIM-2027-0224,P012,10307923411225,53147929149721,TR-REPAIR-BASIC-TMR-MCT,Mail-In Controller Repair Service,Basic / TMR / Mouse-Click Triggers,PS5 DualSense,1,141.97,141.97,,,,true
SIM-2027-0224-02,SIM-2027-0224,P055,10806653845785,53147452932377,,TechRevive Service Add-Ons,Mail-In Kit,Not applicable,1,19.99,19.99,,,,true
SIM-2027-0225-01,SIM-2027-0225,P059,,,,Premium Controller - Simulated 2027 Release 04,PS5 DualSense,PS5 DualSense,1,375.00,375.00,PREM-2027-04,4,SIM-PREM-2027-04-04,true
SIM-2027-0226-01,SIM-2027-0226,P035,10307923411225,53147929903385,TR-REPAIR-FTR-TMR-N,Mail-In Controller Repair Service,Full Tech Revival / TMR / None,Xbox Series X/S,1,121.98,121.98,,,,true
SIM-2027-0226-02,SIM-2027-0226,P055,10806653845785,53147452932377,,TechRevive Service Add-Ons,Mail-In Kit,Not applicable,1,19.99,19.99,,,,true
SIM-2027-0227-01,SIM-2027-0227,P039,10307923411225,53147930034457,TR-REPAIR-FTR-JCP,Mail-In Controller Repair Service,Full Tech Revival / Joy-Con Pair / None,Nintendo Switch Joy-Con Pair,1,134.98,134.98,,,,true
SIM-2027-0227-02,SIM-2027-0227,P055,10806653845785,53147452932377,,TechRevive Service Add-Ons,Mail-In Kit,Not applicable,1,19.99,19.99,,,,true
SIM-2027-0228-01,SIM-2027-0228,P041,10307762979097,52164166779161,TR-BUNDLE-AP,Performance Upgrade Bundles,APEX PREDATOR,Xbox Series X/S,1,129.99,129.99,,,,true
SIM-2027-0229-01,SIM-2027-0229,P059,,,,Premium Controller - Simulated 2027 Release 04,PS5 DualSense,PS5 DualSense,1,375.00,375.00,PREM-2027-04,5,SIM-PREM-2027-04-05,true
SIM-2027-0230-01,SIM-2027-0230,P052,10754953019673,52968922743065,PS5-WHT-HE-004,Refurbished PS5 Glacier White Controller Hall Effect Joysticks,Default Title,PS5 DualSense,1,69.99,69.99,,,SIM-REF-2027-039,true
SIM-2027-0231-01,SIM-2027-0231,P032,10307923411225,53147929805081,TR-REPAIR-FTR-HE-MCT,Mail-In Controller Repair Service,Full Tech Revival / Hall Effect / Mouse-Click Triggers,PS5 DualSense,1,179.97,179.97,,,,true
SIM-2027-0232-01,SIM-2027-0232,P049,10313115336985,53147931017497,TR-ALC-TMR-N-N,Build Your Own Controller Upgrades,TMR / None / None,PS5 DualSense,1,49.99,49.99,,,,true
SIM-2027-0233-01,SIM-2027-0233,P023,10307923411225,53147929510169,TR-REPAIR-STANDARD-TMR-N,Mail-In Controller Repair Service,Standard / TMR / None,PS5 DualSense,1,91.98,91.98,,,,true
SIM-2027-0233-02,SIM-2027-0233,P055,10806653845785,53147452932377,,TechRevive Service Add-Ons,Mail-In Kit,Not applicable,1,19.99,19.99,,,,true
SIM-2027-0234-01,SIM-2027-0234,P059,,,,Premium Controller - Simulated 2027 Release 04,PS5 DualSense,PS5 DualSense,1,375.00,375.00,PREM-2027-04,6,SIM-PREM-2027-04-06,true
SIM-2027-0235-01,SIM-2027-0235,P011,10307923411225,53147929116953,TR-REPAIR-BASIC-TMR-N,Mail-In Controller Repair Service,Basic / TMR / None,PS5 DualSense,1,76.98,76.98,,,,true
SIM-2027-0236-01,SIM-2027-0236,P054,10754955936025,52968936898841,PS5-WHT-HE-003,Refurbished PS5 Glacier White Controller Hall Effect Joysticks,Default Title,PS5 DualSense,1,74.99,74.99,,,SIM-REF-2027-040,true
SIM-2027-0237-01,SIM-2027-0237,P051,10754952986905,52968922710297,PS5-GPR-001,Refurbished PS5 Galactic Purple Controller Hall Effect Joysticks,Default Title,PS5 DualSense,1,74.99,74.99,,,SIM-REF-2027-041,true
SIM-2027-0238-01,SIM-2027-0238,P059,,,,Premium Controller - Simulated 2027 Release 04,PS5 DualSense,PS5 DualSense,1,375.00,375.00,PREM-2027-04,7,SIM-PREM-2027-04-07,true
SIM-2027-0239-01,SIM-2027-0239,P059,,,,Premium Controller - Simulated 2027 Release 04,PS5 DualSense,PS5 DualSense,1,375.00,375.00,PREM-2027-04,8,SIM-PREM-2027-04-08,true
SIM-2027-0240-01,SIM-2027-0240,P032,10307923411225,53147929805081,TR-REPAIR-FTR-HE-MCT,Mail-In Controller Repair Service,Full Tech Revival / Hall Effect / Mouse-Click Triggers,PS5 DualSense,1,179.97,179.97,,,,true
SIM-2027-0241-01,SIM-2027-0241,P007,10307923411225,53147928985881,TR-REPAIR-BASIC-HE-N,Mail-In Controller Repair Service,Basic / Hall Effect / None,Xbox Series X/S,1,69.98,69.98,,,,true
SIM-2027-0242-01,SIM-2027-0242,P059,,,,Premium Controller - Simulated 2027 Release 04,PS5 DualSense,PS5 DualSense,1,375.00,375.00,PREM-2027-04,9,SIM-PREM-2027-04-09,true
SIM-2027-0243-01,SIM-2027-0243,P049,10313115336985,53147931017497,TR-ALC-TMR-N-N,Build Your Own Controller Upgrades,TMR / None / None,PS5 DualSense,1,49.99,49.99,,,,true
SIM-2027-0243-02,SIM-2027-0243,P055,10806653845785,53147452932377,,TechRevive Service Add-Ons,Mail-In Kit,Not applicable,1,19.99,19.99,,,,true
SIM-2027-0244-01,SIM-2027-0244,P059,,,,Premium Controller - Simulated 2027 Release 04,PS5 DualSense,PS5 DualSense,1,375.00,375.00,PREM-2027-04,10,SIM-PREM-2027-04-10,true
SIM-2027-0245-01,SIM-2027-0245,P059,,,,Premium Controller - Simulated 2027 Release 04,PS5 DualSense,PS5 DualSense,1,375.00,375.00,PREM-2027-04,11,SIM-PREM-2027-04-11,true
SIM-2027-0246-01,SIM-2027-0246,P054,10754955936025,52968936898841,PS5-WHT-HE-003,Refurbished PS5 Glacier White Controller Hall Effect Joysticks,Default Title,PS5 DualSense,1,74.99,74.99,,,SIM-REF-2027-042,true
SIM-2027-0247-01,SIM-2027-0247,P053,10754953085209,52968922808601,PS5-CMO-002,Refurbished PS5 Gray Camouflage Controller,Default Title,PS5 DualSense,1,59.99,59.99,,,SIM-REF-2027-043,true
SIM-2027-0248-01,SIM-2027-0248,P051,10754952986905,52968922710297,PS5-GPR-001,Refurbished PS5 Galactic Purple Controller Hall Effect Joysticks,Default Title,PS5 DualSense,1,74.99,74.99,,,SIM-REF-2027-044,true
SIM-2027-0249-01,SIM-2027-0249,P059,,,,Premium Controller - Simulated 2027 Release 04,PS5 DualSense,PS5 DualSense,1,375.00,375.00,PREM-2027-04,12,SIM-PREM-2027-04-12,true
SIM-2027-0250-01,SIM-2027-0250,P019,10307923411225,53147929379097,TR-REPAIR-STANDARD-HE-N,Mail-In Controller Repair Service,Standard / Hall Effect / None,PS5 DualSense,1,84.98,84.98,,,,true
SIM-2027-0251-01,SIM-2027-0251,P012,10307923411225,53147929149721,TR-REPAIR-BASIC-TMR-MCT,Mail-In Controller Repair Service,Basic / TMR / Mouse-Click Triggers,PS5 DualSense,1,141.97,141.97,,,,true
SIM-2027-0251-02,SIM-2027-0251,P055,10806653845785,53147452932377,,TechRevive Service Add-Ons,Mail-In Kit,Not applicable,1,19.99,19.99,,,,true
SIM-2027-0252-01,SIM-2027-0252,P042,10307762979097,52164166811929,TR-BUNDLE-PZ,Performance Upgrade Bundles,PATIENT ZERO,PS5 DualSense,1,189.99,189.99,,,,true
SIM-2027-0253-01,SIM-2027-0253,P039,10307923411225,53147930034457,TR-REPAIR-FTR-JCP,Mail-In Controller Repair Service,Full Tech Revival / Joy-Con Pair / None,Nintendo Switch Joy-Con Pair,1,134.98,134.98,,,,true
SIM-2027-0254-01,SIM-2027-0254,P059,,,,Premium Controller - Simulated 2027 Release 04,PS5 DualSense,PS5 DualSense,1,375.00,375.00,PREM-2027-04,13,SIM-PREM-2027-04-13,true
SIM-2027-0255-01,SIM-2027-0255,P059,,,,Premium Controller - Simulated 2027 Release 04,PS5 DualSense,PS5 DualSense,1,375.00,375.00,PREM-2027-04,14,SIM-PREM-2027-04-14,true
SIM-2027-0256-01,SIM-2027-0256,P047,10313115336985,53147930755353,TR-ALC-HE-N-N,Build Your Own Controller Upgrades,Hall Effect / None / None,PS5 DualSense,1,42.99,42.99,,,,true
SIM-2027-0257-01,SIM-2027-0257,P059,,,,Premium Controller - Simulated 2027 Release 04,PS5 DualSense,PS5 DualSense,1,375.00,375.00,PREM-2027-04,15,SIM-PREM-2027-04-15,true
SIM-2027-0258-01,SIM-2027-0258,P023,10307923411225,53147929510169,TR-REPAIR-STANDARD-TMR-N,Mail-In Controller Repair Service,Standard / TMR / None,Xbox Series X/S,1,91.98,91.98,,,,true
SIM-2027-0258-02,SIM-2027-0258,P055,10806653845785,53147452932377,,TechRevive Service Add-Ons,Mail-In Kit,Not applicable,1,19.99,19.99,,,,true
SIM-2027-0259-01,SIM-2027-0259,P041,10307762979097,52164166779161,TR-BUNDLE-AP,Performance Upgrade Bundles,APEX PREDATOR,PS5 DualSense,1,129.99,129.99,,,,true
SIM-2027-0260-01,SIM-2027-0260,P049,10313115336985,53147931017497,TR-ALC-TMR-N-N,Build Your Own Controller Upgrades,TMR / None / None,Xbox Series X/S,1,49.99,49.99,,,,true
SIM-2027-0260-02,SIM-2027-0260,P055,10806653845785,53147452932377,,TechRevive Service Add-Ons,Mail-In Kit,Not applicable,1,19.99,19.99,,,,true
SIM-2027-0261-01,SIM-2027-0261,P011,10307923411225,53147929116953,TR-REPAIR-BASIC-TMR-N,Mail-In Controller Repair Service,Basic / TMR / None,Xbox Series X/S,1,76.98,76.98,,,,true
SIM-2027-0262-01,SIM-2027-0262,P040,10307762979097,52164166746393,TR-BUNDLE-OB,Performance Upgrade Bundles,OUTBREAK,Xbox Series X/S,1,79.99,79.99,,,,true
SIM-2027-0262-02,SIM-2027-0262,P055,10806653845785,53147452932377,,TechRevive Service Add-Ons,Mail-In Kit,Not applicable,1,19.99,19.99,,,,true
SIM-2027-0263-01,SIM-2027-0263,P064,10754953052441,52968922775833,PS5-WHT-HE-001,Refurbished PS5 Glacier White Controller Hall Effect Joysticks,Default Title,PS5 DualSense,1,69.99,69.99,,,SIM-REF-2027-045,true
SIM-2027-0264-01,SIM-2027-0264,P027,10307923411225,53147929641241,TR-REPAIR-STANDARD-JCP,Mail-In Controller Repair Service,Standard / Joy-Con Pair / None,Nintendo Switch Joy-Con Pair,1,80.98,80.98,,,,true
SIM-2027-0265-01,SIM-2027-0265,P045,10313115336985,53147930624281,TR-ALC-N-TRIG-N,Build Your Own Controller Upgrades,None / Triggers and Bumpers / None,Xbox Series X/S,1,69.99,69.99,,,,true
SIM-2027-0266-01,SIM-2027-0266,P053,10754953085209,52968922808601,PS5-CMO-002,Refurbished PS5 Gray Camouflage Controller,Default Title,PS5 DualSense,1,59.99,59.99,,,SIM-REF-2027-046,true
SIM-2027-0267-01,SIM-2027-0267,P031,10307923411225,53147929772313,TR-REPAIR-FTR-HE-N,Mail-In Controller Repair Service,Full Tech Revival / Hall Effect / None,PS5 DualSense,1,114.98,114.98,,,,true
SIM-2027-0268-01,SIM-2027-0268,P053,10754953085209,52968922808601,PS5-CMO-002,Refurbished PS5 Gray Camouflage Controller,Default Title,PS5 DualSense,1,59.99,59.99,,,SIM-REF-2027-047,true
SIM-2027-0269-01,SIM-2027-0269,P002,10307923411225,52164748345625,TR-REPAIR-STANDARD,Mail-In Controller Repair Service,Standard / None / None,PS4 DualShock 4,1,44.99,44.99,,,,true
SIM-2027-0270-01,SIM-2027-0270,P024,10307923411225,53147929542937,TR-REPAIR-STANDARD-TMR-MCT,Mail-In Controller Repair Service,Standard / TMR / Mouse-Click Triggers,PS5 DualSense,1,156.97,156.97,,,,true
SIM-2027-0271-01,SIM-2027-0271,P017,10307923411225,53147929313561,TR-REPAIR-STANDARD-N-4BP,Mail-In Controller Repair Service,Standard / None / Four Back Paddles,PS5 DualSense,1,134.98,134.98,,,,true
SIM-2027-0272-01,SIM-2027-0272,P052,10754953019673,52968922743065,PS5-WHT-HE-004,Refurbished PS5 Glacier White Controller Hall Effect Joysticks,Default Title,PS5 DualSense,1,69.99,69.99,,,SIM-REF-2027-048,true
SIM-2027-0273-01,SIM-2027-0273,P043,10313115336985,53147930525977,TR-ALC-N-N-4RI,Build Your Own Controller Upgrades,None / None / Four Rear Inputs,Xbox Series X/S,1,94.99,94.99,,,,true
SIM-2027-0274-01,SIM-2027-0274,P026,10307923411225,53147929608473,TR-REPAIR-STANDARD-TMR-MCT-4BP,Mail-In Controller Repair Service,Standard / TMR / Mouse-Click Triggers + Four Back Paddles,PS5 DualSense,1,246.96,246.96,,,,true
SIM-2027-0274-02,SIM-2027-0274,P055,10806653845785,53147452932377,,TechRevive Service Add-Ons,Mail-In Kit,Not applicable,1,19.99,19.99,,,,true
SIM-2027-0275-01,SIM-2027-0275,P011,10307923411225,53147929116953,TR-REPAIR-BASIC-TMR-N,Mail-In Controller Repair Service,Basic / TMR / None,Xbox Series X/S,1,76.98,76.98,,,,true
SIM-2027-0276-01,SIM-2027-0276,P050,10313115336985,53147931246873,TR-ALC-TMR-FULL-4RI,Build Your Own Controller Upgrades,TMR / Complete Control Set / Four Rear Inputs,Xbox Series X/S,1,244.97,244.97,,,,true
SIM-2027-0277-01,SIM-2027-0277,P048,10313115336985,53147930886425,TR-ALC-HE-TRIG-N,Build Your Own Controller Upgrades,Hall Effect / Triggers and Bumpers / None,PS5 DualSense,1,112.98,112.98,,,,true
SIM-2027-0278-01,SIM-2027-0278,P011,10307923411225,53147929116953,TR-REPAIR-BASIC-TMR-N,Mail-In Controller Repair Service,Basic / TMR / None,PS5 DualSense,1,76.98,76.98,,,,true
SIM-2027-0279-01,SIM-2027-0279,P044,10313115336985,53147930558745,TR-ALC-N-FACE-N,Build Your Own Controller Upgrades,None / Face Buttons and D-Pad / None,PS5 DualSense,1,44.99,44.99,,,,true
SIM-2027-0280-01,SIM-2027-0280,P001,10307923411225,52164748312857,TR-REPAIR-BASIC,Mail-In Controller Repair Service,Basic / None / None,Xbox Series X/S,1,29.99,29.99,,,,true
SIM-2027-0281-01,SIM-2027-0281,P049,10313115336985,53147931017497,TR-ALC-TMR-N-N,Build Your Own Controller Upgrades,TMR / None / None,PS5 DualSense,1,49.99,49.99,,,,true
SIM-2027-0282-01,SIM-2027-0282,P064,10754953052441,52968922775833,PS5-WHT-HE-001,Refurbished PS5 Glacier White Controller Hall Effect Joysticks,Default Title,PS5 DualSense,1,69.99,69.99,,,SIM-REF-2027-049,true
SIM-2027-0283-01,SIM-2027-0283,P045,10313115336985,53147930624281,TR-ALC-N-TRIG-N,Build Your Own Controller Upgrades,None / Triggers and Bumpers / None,PS5 DualSense,1,69.99,69.99,,,,true
SIM-2027-0284-01,SIM-2027-0284,P019,10307923411225,53147929379097,TR-REPAIR-STANDARD-HE-N,Mail-In Controller Repair Service,Standard / Hall Effect / None,Xbox Series X/S,1,84.98,84.98,,,,true
SIM-2027-0284-02,SIM-2027-0284,P055,10806653845785,53147452932377,,TechRevive Service Add-Ons,Mail-In Kit,Not applicable,1,19.99,19.99,,,,true
SIM-2027-0285-01,SIM-2027-0285,P048,10313115336985,53147930886425,TR-ALC-HE-TRIG-N,Build Your Own Controller Upgrades,Hall Effect / Triggers and Bumpers / None,PS5 DualSense,1,112.98,112.98,,,,true
SIM-2027-0286-01,SIM-2027-0286,P002,10307923411225,52164748345625,TR-REPAIR-STANDARD,Mail-In Controller Repair Service,Standard / None / None,PS5 DualSense,1,44.99,44.99,,,,true
SIM-2027-0287-01,SIM-2027-0287,P039,10307923411225,53147930034457,TR-REPAIR-FTR-JCP,Mail-In Controller Repair Service,Full Tech Revival / Joy-Con Pair / None,Nintendo Switch Joy-Con Pair,1,134.98,134.98,,,,true
SIM-2027-0288-01,SIM-2027-0288,P040,10307762979097,52164166746393,TR-BUNDLE-OB,Performance Upgrade Bundles,OUTBREAK,PS5 DualSense,1,79.99,79.99,,,,true
SIM-2027-0288-02,SIM-2027-0288,P055,10806653845785,53147452932377,,TechRevive Service Add-Ons,Mail-In Kit,Not applicable,1,19.99,19.99,,,,true
SIM-2027-0289-01,SIM-2027-0289,P043,10313115336985,53147930525977,TR-ALC-N-N-4RI,Build Your Own Controller Upgrades,None / None / Four Rear Inputs,PS5 DualSense,1,94.99,94.99,,,,true
SIM-2027-0290-01,SIM-2027-0290,P060,,,,Premium Controller - Simulated 2027 Release 05,PS5 DualSense,PS5 DualSense,1,500.00,500.00,PREM-2027-05,1,SIM-PREM-2027-05-01,true
SIM-2027-0291-01,SIM-2027-0291,P035,10307923411225,53147929903385,TR-REPAIR-FTR-TMR-N,Mail-In Controller Repair Service,Full Tech Revival / TMR / None,PS5 DualSense,1,121.98,121.98,,,,true
SIM-2027-0292-01,SIM-2027-0292,P060,,,,Premium Controller - Simulated 2027 Release 05,PS5 DualSense,PS5 DualSense,1,500.00,500.00,PREM-2027-05,2,SIM-PREM-2027-05-02,true
SIM-2027-0293-01,SIM-2027-0293,P047,10313115336985,53147930755353,TR-ALC-HE-N-N,Build Your Own Controller Upgrades,Hall Effect / None / None,Xbox Series X/S,1,42.99,42.99,,,,true
SIM-2027-0294-01,SIM-2027-0294,P053,10754953085209,52968922808601,PS5-CMO-002,Refurbished PS5 Gray Camouflage Controller,Default Title,PS5 DualSense,1,59.99,59.99,,,SIM-REF-2027-050,true
SIM-2027-0295-01,SIM-2027-0295,P047,10313115336985,53147930755353,TR-ALC-HE-N-N,Build Your Own Controller Upgrades,Hall Effect / None / None,PS5 DualSense,1,42.99,42.99,,,,true
SIM-2027-0296-01,SIM-2027-0296,P054,10754955936025,52968936898841,PS5-WHT-HE-003,Refurbished PS5 Glacier White Controller Hall Effect Joysticks,Default Title,PS5 DualSense,1,74.99,74.99,,,SIM-REF-2027-051,true
SIM-2027-0297-01,SIM-2027-0297,P048,10313115336985,53147930886425,TR-ALC-HE-TRIG-N,Build Your Own Controller Upgrades,Hall Effect / Triggers and Bumpers / None,PS5 DualSense,1,112.98,112.98,,,,true
SIM-2027-0297-02,SIM-2027-0297,P055,10806653845785,53147452932377,,TechRevive Service Add-Ons,Mail-In Kit,Not applicable,1,19.99,19.99,,,,true
SIM-2027-0298-01,SIM-2027-0298,P001,10307923411225,52164748312857,TR-REPAIR-BASIC,Mail-In Controller Repair Service,Basic / None / None,Nintendo Switch Pro,1,29.99,29.99,,,,true
SIM-2027-0299-01,SIM-2027-0299,P060,,,,Premium Controller - Simulated 2027 Release 05,PS5 DualSense,PS5 DualSense,1,500.00,500.00,PREM-2027-05,3,SIM-PREM-2027-05-03,true
SIM-2027-0300-01,SIM-2027-0300,P053,10754953085209,52968922808601,PS5-CMO-002,Refurbished PS5 Gray Camouflage Controller,Default Title,PS5 DualSense,1,59.99,59.99,,,SIM-REF-2027-052,true
SIM-2027-0301-01,SIM-2027-0301,P060,,,,Premium Controller - Simulated 2027 Release 05,PS5 DualSense,PS5 DualSense,1,500.00,500.00,PREM-2027-05,4,SIM-PREM-2027-05-04,true
SIM-2027-0302-01,SIM-2027-0302,P011,10307923411225,53147929116953,TR-REPAIR-BASIC-TMR-N,Mail-In Controller Repair Service,Basic / TMR / None,PS5 DualSense,1,76.98,76.98,,,,true
SIM-2027-0303-01,SIM-2027-0303,P060,,,,Premium Controller - Simulated 2027 Release 05,PS5 DualSense,PS5 DualSense,1,500.00,500.00,PREM-2027-05,5,SIM-PREM-2027-05-05,true
SIM-2027-0304-01,SIM-2027-0304,P052,10754953019673,52968922743065,PS5-WHT-HE-004,Refurbished PS5 Glacier White Controller Hall Effect Joysticks,Default Title,PS5 DualSense,1,69.99,69.99,,,SIM-REF-2027-053,true
SIM-2027-0305-01,SIM-2027-0305,P060,,,,Premium Controller - Simulated 2027 Release 05,PS5 DualSense,PS5 DualSense,1,500.00,500.00,PREM-2027-05,6,SIM-PREM-2027-05-06,true
SIM-2027-0306-01,SIM-2027-0306,P064,10754953052441,52968922775833,PS5-WHT-HE-001,Refurbished PS5 Glacier White Controller Hall Effect Joysticks,Default Title,PS5 DualSense,1,69.99,69.99,,,SIM-REF-2027-054,true
SIM-2027-0307-01,SIM-2027-0307,P040,10307762979097,52164166746393,TR-BUNDLE-OB,Performance Upgrade Bundles,OUTBREAK,Xbox Series X/S,1,79.99,79.99,,,,true
SIM-2027-0308-01,SIM-2027-0308,P060,,,,Premium Controller - Simulated 2027 Release 05,PS5 DualSense,PS5 DualSense,1,500.00,500.00,PREM-2027-05,7,SIM-PREM-2027-05-07,true
SIM-2027-0309-01,SIM-2027-0309,P027,10307923411225,53147929641241,TR-REPAIR-STANDARD-JCP,Mail-In Controller Repair Service,Standard / Joy-Con Pair / None,Nintendo Switch Joy-Con Pair,1,80.98,80.98,,,,true
SIM-2027-0310-01,SIM-2027-0310,P054,10754955936025,52968936898841,PS5-WHT-HE-003,Refurbished PS5 Glacier White Controller Hall Effect Joysticks,Default Title,PS5 DualSense,1,74.99,74.99,,,SIM-REF-2027-055,true
SIM-2027-0311-01,SIM-2027-0311,P060,,,,Premium Controller - Simulated 2027 Release 05,PS5 DualSense,PS5 DualSense,1,500.00,500.00,PREM-2027-05,8,SIM-PREM-2027-05-08,true
SIM-2027-0312-01,SIM-2027-0312,P049,10313115336985,53147931017497,TR-ALC-TMR-N-N,Build Your Own Controller Upgrades,TMR / None / None,PS5 DualSense,1,49.99,49.99,,,,true
SIM-2027-0313-01,SIM-2027-0313,P007,10307923411225,53147928985881,TR-REPAIR-BASIC-HE-N,Mail-In Controller Repair Service,Basic / Hall Effect / None,PS5 DualSense,1,69.98,69.98,,,,true
SIM-2027-0314-01,SIM-2027-0314,P041,10307762979097,52164166779161,TR-BUNDLE-AP,Performance Upgrade Bundles,APEX PREDATOR,Nintendo Switch Pro,1,129.99,129.99,,,,true
SIM-2027-0315-01,SIM-2027-0315,P060,,,,Premium Controller - Simulated 2027 Release 05,PS5 DualSense,PS5 DualSense,1,500.00,500.00,PREM-2027-05,9,SIM-PREM-2027-05-09,true
SIM-2027-0316-01,SIM-2027-0316,P008,10307923411225,53147929018649,TR-REPAIR-BASIC-HE-MCT,Mail-In Controller Repair Service,Basic / Hall Effect / Mouse-Click Triggers,PS5 DualSense,1,134.97,134.97,,,,true
SIM-2027-0317-01,SIM-2027-0317,P054,10754955936025,52968936898841,PS5-WHT-HE-003,Refurbished PS5 Glacier White Controller Hall Effect Joysticks,Default Title,PS5 DualSense,1,74.99,74.99,,,SIM-REF-2027-056,true
SIM-2027-0318-01,SIM-2027-0318,P052,10754953019673,52968922743065,PS5-WHT-HE-004,Refurbished PS5 Glacier White Controller Hall Effect Joysticks,Default Title,PS5 DualSense,1,69.99,69.99,,,SIM-REF-2027-057,true
SIM-2027-0319-01,SIM-2027-0319,P041,10307762979097,52164166779161,TR-BUNDLE-AP,Performance Upgrade Bundles,APEX PREDATOR,Xbox Series X/S,1,129.99,129.99,,,,true
SIM-2027-0320-01,SIM-2027-0320,P060,,,,Premium Controller - Simulated 2027 Release 05,PS5 DualSense,PS5 DualSense,1,500.00,500.00,PREM-2027-05,10,SIM-PREM-2027-05-10,true
SIM-2027-0321-01,SIM-2027-0321,P007,10307923411225,53147928985881,TR-REPAIR-BASIC-HE-N,Mail-In Controller Repair Service,Basic / Hall Effect / None,PS5 DualSense,1,69.98,69.98,,,,true
SIM-2027-0322-01,SIM-2027-0322,P027,10307923411225,53147929641241,TR-REPAIR-STANDARD-JCP,Mail-In Controller Repair Service,Standard / Joy-Con Pair / None,Nintendo Switch Joy-Con Pair,1,80.98,80.98,,,,true
SIM-2027-0322-02,SIM-2027-0322,P055,10806653845785,53147452932377,,TechRevive Service Add-Ons,Mail-In Kit,Not applicable,1,19.99,19.99,,,,true
SIM-2027-0323-01,SIM-2027-0323,P013,10307923411225,53147929182489,TR-REPAIR-BASIC-TMR-4BP,Mail-In Controller Repair Service,Basic / TMR / Four Back Paddles,PS5 DualSense,1,166.97,166.97,,,,true
SIM-2027-0323-02,SIM-2027-0323,P055,10806653845785,53147452932377,,TechRevive Service Add-Ons,Mail-In Kit,Not applicable,1,19.99,19.99,,,,true
SIM-2027-0324-01,SIM-2027-0324,P054,10754955936025,52968936898841,PS5-WHT-HE-003,Refurbished PS5 Glacier White Controller Hall Effect Joysticks,Default Title,PS5 DualSense,1,74.99,74.99,,,SIM-REF-2027-058,true
SIM-2027-0325-01,SIM-2027-0325,P051,10754952986905,52968922710297,PS5-GPR-001,Refurbished PS5 Galactic Purple Controller Hall Effect Joysticks,Default Title,PS5 DualSense,1,74.99,74.99,,,SIM-REF-2027-059,true
SIM-2027-0326-01,SIM-2027-0326,P049,10313115336985,53147931017497,TR-ALC-TMR-N-N,Build Your Own Controller Upgrades,TMR / None / None,PS5 DualSense,1,49.99,49.99,,,,true
SIM-2027-0327-01,SIM-2027-0327,P064,10754953052441,52968922775833,PS5-WHT-HE-001,Refurbished PS5 Glacier White Controller Hall Effect Joysticks,Default Title,PS5 DualSense,1,69.99,69.99,,,SIM-REF-2027-060,true
SIM-2027-0328-01,SIM-2027-0328,P041,10307762979097,52164166779161,TR-BUNDLE-AP,Performance Upgrade Bundles,APEX PREDATOR,Xbox Series X/S,1,129.99,129.99,,,,true
SIM-2027-0328-02,SIM-2027-0328,P055,10806653845785,53147452932377,,TechRevive Service Add-Ons,Mail-In Kit,Not applicable,1,19.99,19.99,,,,true
SIM-2027-0329-01,SIM-2027-0329,P023,10307923411225,53147929510169,TR-REPAIR-STANDARD-TMR-N,Mail-In Controller Repair Service,Standard / TMR / None,PS5 DualSense,1,91.98,91.98,,,,true
SIM-2027-0330-01,SIM-2027-0330,P060,,,,Premium Controller - Simulated 2027 Release 05,PS5 DualSense,PS5 DualSense,1,500.00,500.00,PREM-2027-05,11,SIM-PREM-2027-05-11,true
SIM-2027-0331-01,SIM-2027-0331,P049,10313115336985,53147931017497,TR-ALC-TMR-N-N,Build Your Own Controller Upgrades,TMR / None / None,Xbox Series X/S,1,49.99,49.99,,,,true
SIM-2027-0332-01,SIM-2027-0332,P002,10307923411225,52164748345625,TR-REPAIR-STANDARD,Mail-In Controller Repair Service,Standard / None / None,PS4 DualShock 4,1,44.99,44.99,,,,true
SIM-2027-0333-01,SIM-2027-0333,P054,10754955936025,52968936898841,PS5-WHT-HE-003,Refurbished PS5 Glacier White Controller Hall Effect Joysticks,Default Title,PS5 DualSense,1,74.99,74.99,,,SIM-REF-2027-061,true
SIM-2027-0334-01,SIM-2027-0334,P060,,,,Premium Controller - Simulated 2027 Release 05,PS5 DualSense,PS5 DualSense,1,500.00,500.00,PREM-2027-05,12,SIM-PREM-2027-05-12,true
SIM-2027-0335-01,SIM-2027-0335,P060,,,,Premium Controller - Simulated 2027 Release 05,PS5 DualSense,PS5 DualSense,1,500.00,500.00,PREM-2027-05,13,SIM-PREM-2027-05-13,true
SIM-2027-0336-01,SIM-2027-0336,P060,,,,Premium Controller - Simulated 2027 Release 05,PS5 DualSense,PS5 DualSense,1,500.00,500.00,PREM-2027-05,14,SIM-PREM-2027-05-14,true
SIM-2027-0337-01,SIM-2027-0337,P060,,,,Premium Controller - Simulated 2027 Release 05,PS5 DualSense,PS5 DualSense,1,500.00,500.00,PREM-2027-05,15,SIM-PREM-2027-05-15,true
SIM-2027-0338-01,SIM-2027-0338,P053,10754953085209,52968922808601,PS5-CMO-002,Refurbished PS5 Gray Camouflage Controller,Default Title,PS5 DualSense,1,59.99,59.99,,,SIM-REF-2027-062,true
SIM-2027-0339-01,SIM-2027-0339,P051,10754952986905,52968922710297,PS5-GPR-001,Refurbished PS5 Galactic Purple Controller Hall Effect Joysticks,Default Title,PS5 DualSense,1,74.99,74.99,,,SIM-REF-2027-063,true
SIM-2027-0340-01,SIM-2027-0340,P045,10313115336985,53147930624281,TR-ALC-N-TRIG-N,Build Your Own Controller Upgrades,None / Triggers and Bumpers / None,PS5 DualSense,1,69.99,69.99,,,,true
SIM-2027-0340-02,SIM-2027-0340,P055,10806653845785,53147452932377,,TechRevive Service Add-Ons,Mail-In Kit,Not applicable,1,19.99,19.99,,,,true
SIM-2027-0341-01,SIM-2027-0341,P020,10307923411225,53147929411865,TR-REPAIR-STANDARD-HE-MCT,Mail-In Controller Repair Service,Standard / Hall Effect / Mouse-Click Triggers,PS5 DualSense,1,149.97,149.97,,,,true
SIM-2027-0341-02,SIM-2027-0341,P055,10806653845785,53147452932377,,TechRevive Service Add-Ons,Mail-In Kit,Not applicable,1,19.99,19.99,,,,true
SIM-2027-0342-01,SIM-2027-0342,P054,10754955936025,52968936898841,PS5-WHT-HE-003,Refurbished PS5 Glacier White Controller Hall Effect Joysticks,Default Title,PS5 DualSense,1,74.99,74.99,,,SIM-REF-2027-064,true
SIM-2027-0343-01,SIM-2027-0343,P054,10754955936025,52968936898841,PS5-WHT-HE-003,Refurbished PS5 Glacier White Controller Hall Effect Joysticks,Default Title,PS5 DualSense,1,74.99,74.99,,,SIM-REF-2027-065,true
SIM-2027-0344-01,SIM-2027-0344,P027,10307923411225,53147929641241,TR-REPAIR-STANDARD-JCP,Mail-In Controller Repair Service,Standard / Joy-Con Pair / None,Nintendo Switch Joy-Con Pair,1,80.98,80.98,,,,true
SIM-2027-0344-02,SIM-2027-0344,P055,10806653845785,53147452932377,,TechRevive Service Add-Ons,Mail-In Kit,Not applicable,1,19.99,19.99,,,,true
SIM-2027-0345-01,SIM-2027-0345,P023,10307923411225,53147929510169,TR-REPAIR-STANDARD-TMR-N,Mail-In Controller Repair Service,Standard / TMR / None,PS5 DualSense,1,91.98,91.98,,,,true
SIM-2027-0346-01,SIM-2027-0346,P023,10307923411225,53147929510169,TR-REPAIR-STANDARD-TMR-N,Mail-In Controller Repair Service,Standard / TMR / None,Xbox Series X/S,1,91.98,91.98,,,,true
SIM-2027-0347-01,SIM-2027-0347,P027,10307923411225,53147929641241,TR-REPAIR-STANDARD-JCP,Mail-In Controller Repair Service,Standard / Joy-Con Pair / None,Nintendo Switch Joy-Con Pair,1,80.98,80.98,,,,true
SIM-2027-0348-01,SIM-2027-0348,P045,10313115336985,53147930624281,TR-ALC-N-TRIG-N,Build Your Own Controller Upgrades,None / Triggers and Bumpers / None,PS5 DualSense,1,69.99,69.99,,,,true
SIM-2027-0349-01,SIM-2027-0349,P035,10307923411225,53147929903385,TR-REPAIR-FTR-TMR-N,Mail-In Controller Repair Service,Full Tech Revival / TMR / None,PS5 DualSense,1,121.98,121.98,,,,true
SIM-2027-0350-01,SIM-2027-0350,P052,10754953019673,52968922743065,PS5-WHT-HE-004,Refurbished PS5 Glacier White Controller Hall Effect Joysticks,Default Title,PS5 DualSense,1,69.99,69.99,,,SIM-REF-2027-066,true
SIM-2027-0351-01,SIM-2027-0351,P023,10307923411225,53147929510169,TR-REPAIR-STANDARD-TMR-N,Mail-In Controller Repair Service,Standard / TMR / None,Xbox Series X/S,1,91.98,91.98,,,,true
SIM-2027-0352-01,SIM-2027-0352,P019,10307923411225,53147929379097,TR-REPAIR-STANDARD-HE-N,Mail-In Controller Repair Service,Standard / Hall Effect / None,PS5 DualSense,1,84.98,84.98,,,,true
SIM-2027-0353-01,SIM-2027-0353,P007,10307923411225,53147928985881,TR-REPAIR-BASIC-HE-N,Mail-In Controller Repair Service,Basic / Hall Effect / None,Xbox Series X/S,1,69.98,69.98,,,,true
SIM-2027-0354-01,SIM-2027-0354,P036,10307923411225,53147929936153,TR-REPAIR-FTR-TMR-MCT,Mail-In Controller Repair Service,Full Tech Revival / TMR / Mouse-Click Triggers,PS5 DualSense,1,186.97,186.97,,,,true
SIM-2027-0355-01,SIM-2027-0355,P054,10754955936025,52968936898841,PS5-WHT-HE-003,Refurbished PS5 Glacier White Controller Hall Effect Joysticks,Default Title,PS5 DualSense,1,74.99,74.99,,,SIM-REF-2027-067,true
SIM-2027-0356-01,SIM-2027-0356,P041,10307762979097,52164166779161,TR-BUNDLE-AP,Performance Upgrade Bundles,APEX PREDATOR,PS5 DualSense,1,129.99,129.99,,,,true
SIM-2027-0356-02,SIM-2027-0356,P055,10806653845785,53147452932377,,TechRevive Service Add-Ons,Mail-In Kit,Not applicable,1,19.99,19.99,,,,true
SIM-2027-0357-01,SIM-2027-0357,P051,10754952986905,52968922710297,PS5-GPR-001,Refurbished PS5 Galactic Purple Controller Hall Effect Joysticks,Default Title,PS5 DualSense,1,74.99,74.99,,,SIM-REF-2027-068,true
SIM-2027-0358-01,SIM-2027-0358,P016,10307923411225,53147929280793,TR-REPAIR-STANDARD-N-MCT,Mail-In Controller Repair Service,Standard / None / Mouse-Click Triggers,PS5 DualSense,1,109.98,109.98,,,,true
SIM-2027-0358-02,SIM-2027-0358,P055,10806653845785,53147452932377,,TechRevive Service Add-Ons,Mail-In Kit,Not applicable,1,19.99,19.99,,,,true
SIM-2027-0359-01,SIM-2027-0359,P027,10307923411225,53147929641241,TR-REPAIR-STANDARD-JCP,Mail-In Controller Repair Service,Standard / Joy-Con Pair / None,Nintendo Switch Joy-Con Pair,1,80.98,80.98,,,,true
SIM-2027-0360-01,SIM-2027-0360,P043,10313115336985,53147930525977,TR-ALC-N-N-4RI,Build Your Own Controller Upgrades,None / None / Four Rear Inputs,PS5 DualSense,1,94.99,94.99,,,,true
SIM-2027-0360-02,SIM-2027-0360,P055,10806653845785,53147452932377,,TechRevive Service Add-Ons,Mail-In Kit,Not applicable,1,19.99,19.99,,,,true
SIM-2027-0361-01,SIM-2027-0361,P042,10307762979097,52164166811929,TR-BUNDLE-PZ,Performance Upgrade Bundles,PATIENT ZERO,PS5 DualSense,1,189.99,189.99,,,,true
SIM-2027-0362-01,SIM-2027-0362,P024,10307923411225,53147929542937,TR-REPAIR-STANDARD-TMR-MCT,Mail-In Controller Repair Service,Standard / TMR / Mouse-Click Triggers,PS5 DualSense,1,156.97,156.97,,,,true
SIM-2027-0363-01,SIM-2027-0363,P051,10754952986905,52968922710297,PS5-GPR-001,Refurbished PS5 Galactic Purple Controller Hall Effect Joysticks,Default Title,PS5 DualSense,1,74.99,74.99,,,SIM-REF-2027-069,true
SIM-2027-0364-01,SIM-2027-0364,P041,10307762979097,52164166779161,TR-BUNDLE-AP,Performance Upgrade Bundles,APEX PREDATOR,PS5 DualSense,1,129.99,129.99,,,,true
SIM-2027-0365-01,SIM-2027-0365,P051,10754952986905,52968922710297,PS5-GPR-001,Refurbished PS5 Galactic Purple Controller Hall Effect Joysticks,Default Title,PS5 DualSense,1,74.99,74.99,,,SIM-REF-2027-070,true
SIM-2027-0366-01,SIM-2027-0366,P049,10313115336985,53147931017497,TR-ALC-TMR-N-N,Build Your Own Controller Upgrades,TMR / None / None,Xbox Series X/S,1,49.99,49.99,,,,true
SIM-2027-0366-02,SIM-2027-0366,P055,10806653845785,53147452932377,,TechRevive Service Add-Ons,Mail-In Kit,Not applicable,1,19.99,19.99,,,,true
SIM-2027-0367-01,SIM-2027-0367,P041,10307762979097,52164166779161,TR-BUNDLE-AP,Performance Upgrade Bundles,APEX PREDATOR,PS5 DualSense,1,129.99,129.99,,,,true
SIM-2027-0368-01,SIM-2027-0368,P053,10754953085209,52968922808601,PS5-CMO-002,Refurbished PS5 Gray Camouflage Controller,Default Title,PS5 DualSense,1,59.99,59.99,,,SIM-REF-2027-071,true
SIM-2027-0369-01,SIM-2027-0369,P002,10307923411225,52164748345625,TR-REPAIR-STANDARD,Mail-In Controller Repair Service,Standard / None / None,Xbox Series X/S,1,44.99,44.99,,,,true
SIM-2027-0369-02,SIM-2027-0369,P055,10806653845785,53147452932377,,TechRevive Service Add-Ons,Mail-In Kit,Not applicable,1,19.99,19.99,,,,true
SIM-2027-0370-01,SIM-2027-0370,P023,10307923411225,53147929510169,TR-REPAIR-STANDARD-TMR-N,Mail-In Controller Repair Service,Standard / TMR / None,PS5 DualSense,1,91.98,91.98,,,,true
SIM-2027-0370-02,SIM-2027-0370,P055,10806653845785,53147452932377,,TechRevive Service Add-Ons,Mail-In Kit,Not applicable,1,19.99,19.99,,,,true
SIM-2027-0371-01,SIM-2027-0371,P053,10754953085209,52968922808601,PS5-CMO-002,Refurbished PS5 Gray Camouflage Controller,Default Title,PS5 DualSense,1,59.99,59.99,,,SIM-REF-2027-072,true
SIM-2027-0372-01,SIM-2027-0372,P035,10307923411225,53147929903385,TR-REPAIR-FTR-TMR-N,Mail-In Controller Repair Service,Full Tech Revival / TMR / None,PS5 DualSense,1,121.98,121.98,,,,true
SIM-2027-0373-01,SIM-2027-0373,P042,10307762979097,52164166811929,TR-BUNDLE-PZ,Performance Upgrade Bundles,PATIENT ZERO,Xbox Series X/S,1,189.99,189.99,,,,true
SIM-2027-0374-01,SIM-2027-0374,P046,10313115336985,53147930689817,TR-ALC-N-FULL-N,Build Your Own Controller Upgrades,None / Complete Control Set / None,Nintendo Switch Pro,1,99.99,99.99,,,,true
SIM-2027-0374-02,SIM-2027-0374,P055,10806653845785,53147452932377,,TechRevive Service Add-Ons,Mail-In Kit,Not applicable,1,19.99,19.99,,,,true
SIM-2027-0375-01,SIM-2027-0375,P015,10307923411225,53147929248025,TR-REPAIR-BASIC-JCP,Mail-In Controller Repair Service,Basic / Joy-Con Pair / None,Nintendo Switch Joy-Con Pair,1,53.98,53.98,,,,true
SIM-2027-0376-01,SIM-2027-0376,P040,10307762979097,52164166746393,TR-BUNDLE-OB,Performance Upgrade Bundles,OUTBREAK,PS5 DualSense,1,79.99,79.99,,,,true
SIM-2027-0376-02,SIM-2027-0376,P055,10806653845785,53147452932377,,TechRevive Service Add-Ons,Mail-In Kit,Not applicable,1,19.99,19.99,,,,true
SIM-2027-0377-01,SIM-2027-0377,P049,10313115336985,53147931017497,TR-ALC-TMR-N-N,Build Your Own Controller Upgrades,TMR / None / None,PS5 DualSense,1,49.99,49.99,,,,true
SIM-2027-0378-01,SIM-2027-0378,P051,10754952986905,52968922710297,PS5-GPR-001,Refurbished PS5 Galactic Purple Controller Hall Effect Joysticks,Default Title,PS5 DualSense,1,74.99,74.99,,,SIM-REF-2027-073,true
SIM-2027-0379-01,SIM-2027-0379,P041,10307762979097,52164166779161,TR-BUNDLE-AP,Performance Upgrade Bundles,APEX PREDATOR,PS5 DualSense,1,129.99,129.99,,,,true
SIM-2027-0379-02,SIM-2027-0379,P055,10806653845785,53147452932377,,TechRevive Service Add-Ons,Mail-In Kit,Not applicable,1,19.99,19.99,,,,true
SIM-2027-0380-01,SIM-2027-0380,P031,10307923411225,53147929772313,TR-REPAIR-FTR-HE-N,Mail-In Controller Repair Service,Full Tech Revival / Hall Effect / None,PS5 DualSense,1,114.98,114.98,,,,true
SIM-2027-0381-01,SIM-2027-0381,P002,10307923411225,52164748345625,TR-REPAIR-STANDARD,Mail-In Controller Repair Service,Standard / None / None,PS4 DualShock 4,1,44.99,44.99,,,,true
SIM-2027-0382-01,SIM-2027-0382,P061,,,,Premium Controller - Simulated 2027 Release 06,PS5 DualSense,PS5 DualSense,1,425.00,425.00,PREM-2027-06,1,SIM-PREM-2027-06-01,true
SIM-2027-0383-01,SIM-2027-0383,P019,10307923411225,53147929379097,TR-REPAIR-STANDARD-HE-N,Mail-In Controller Repair Service,Standard / Hall Effect / None,Nintendo Switch Pro,1,84.98,84.98,,,,true
SIM-2027-0383-02,SIM-2027-0383,P055,10806653845785,53147452932377,,TechRevive Service Add-Ons,Mail-In Kit,Not applicable,1,19.99,19.99,,,,true
SIM-2027-0384-01,SIM-2027-0384,P027,10307923411225,53147929641241,TR-REPAIR-STANDARD-JCP,Mail-In Controller Repair Service,Standard / Joy-Con Pair / None,Nintendo Switch Joy-Con Pair,1,80.98,80.98,,,,true
SIM-2027-0385-01,SIM-2027-0385,P035,10307923411225,53147929903385,TR-REPAIR-FTR-TMR-N,Mail-In Controller Repair Service,Full Tech Revival / TMR / None,PS5 DualSense,1,121.98,121.98,,,,true
SIM-2027-0386-01,SIM-2027-0386,P064,10754953052441,52968922775833,PS5-WHT-HE-001,Refurbished PS5 Glacier White Controller Hall Effect Joysticks,Default Title,PS5 DualSense,1,69.99,69.99,,,SIM-REF-2027-074,true
SIM-2027-0387-01,SIM-2027-0387,P061,,,,Premium Controller - Simulated 2027 Release 06,PS5 DualSense,PS5 DualSense,1,425.00,425.00,PREM-2027-06,2,SIM-PREM-2027-06-02,true
SIM-2027-0388-01,SIM-2027-0388,P027,10307923411225,53147929641241,TR-REPAIR-STANDARD-JCP,Mail-In Controller Repair Service,Standard / Joy-Con Pair / None,Nintendo Switch Joy-Con Pair,1,80.98,80.98,,,,true
SIM-2027-0388-02,SIM-2027-0388,P055,10806653845785,53147452932377,,TechRevive Service Add-Ons,Mail-In Kit,Not applicable,1,19.99,19.99,,,,true
SIM-2027-0389-01,SIM-2027-0389,P051,10754952986905,52968922710297,PS5-GPR-001,Refurbished PS5 Galactic Purple Controller Hall Effect Joysticks,Default Title,PS5 DualSense,1,74.99,74.99,,,SIM-REF-2027-075,true
SIM-2027-0390-01,SIM-2027-0390,P015,10307923411225,53147929248025,TR-REPAIR-BASIC-JCP,Mail-In Controller Repair Service,Basic / Joy-Con Pair / None,Nintendo Switch Joy-Con Pair,1,53.98,53.98,,,,true
SIM-2027-0391-01,SIM-2027-0391,P049,10313115336985,53147931017497,TR-ALC-TMR-N-N,Build Your Own Controller Upgrades,TMR / None / None,PS5 DualSense,1,49.99,49.99,,,,true
SIM-2027-0391-02,SIM-2027-0391,P055,10806653845785,53147452932377,,TechRevive Service Add-Ons,Mail-In Kit,Not applicable,1,19.99,19.99,,,,true
SIM-2027-0392-01,SIM-2027-0392,P011,10307923411225,53147929116953,TR-REPAIR-BASIC-TMR-N,Mail-In Controller Repair Service,Basic / TMR / None,PS5 DualSense,1,76.98,76.98,,,,true
SIM-2027-0393-01,SIM-2027-0393,P053,10754953085209,52968922808601,PS5-CMO-002,Refurbished PS5 Gray Camouflage Controller,Default Title,PS5 DualSense,1,59.99,59.99,,,SIM-REF-2027-076,true
SIM-2027-0394-01,SIM-2027-0394,P002,10307923411225,52164748345625,TR-REPAIR-STANDARD,Mail-In Controller Repair Service,Standard / None / None,PS5 DualSense,1,44.99,44.99,,,,true
SIM-2027-0394-02,SIM-2027-0394,P055,10806653845785,53147452932377,,TechRevive Service Add-Ons,Mail-In Kit,Not applicable,1,19.99,19.99,,,,true
SIM-2027-0395-01,SIM-2027-0395,P040,10307762979097,52164166746393,TR-BUNDLE-OB,Performance Upgrade Bundles,OUTBREAK,Nintendo Switch Pro,1,79.99,79.99,,,,true
SIM-2027-0396-01,SIM-2027-0396,P044,10313115336985,53147930558745,TR-ALC-N-FACE-N,Build Your Own Controller Upgrades,None / Face Buttons and D-Pad / None,PS5 DualSense,1,44.99,44.99,,,,true
SIM-2027-0397-01,SIM-2027-0397,P051,10754952986905,52968922710297,PS5-GPR-001,Refurbished PS5 Galactic Purple Controller Hall Effect Joysticks,Default Title,PS5 DualSense,1,74.99,74.99,,,SIM-REF-2027-077,true
SIM-2027-0398-01,SIM-2027-0398,P061,,,,Premium Controller - Simulated 2027 Release 06,PS5 DualSense,PS5 DualSense,1,425.00,425.00,PREM-2027-06,3,SIM-PREM-2027-06-03,true
SIM-2027-0399-01,SIM-2027-0399,P049,10313115336985,53147931017497,TR-ALC-TMR-N-N,Build Your Own Controller Upgrades,TMR / None / None,PS5 DualSense,1,49.99,49.99,,,,true
SIM-2027-0400-01,SIM-2027-0400,P027,10307923411225,53147929641241,TR-REPAIR-STANDARD-JCP,Mail-In Controller Repair Service,Standard / Joy-Con Pair / None,Nintendo Switch Joy-Con Pair,1,80.98,80.98,,,,true
SIM-2027-0401-01,SIM-2027-0401,P061,,,,Premium Controller - Simulated 2027 Release 06,PS5 DualSense,PS5 DualSense,1,425.00,425.00,PREM-2027-06,4,SIM-PREM-2027-06-04,true
SIM-2027-0402-01,SIM-2027-0402,P020,10307923411225,53147929411865,TR-REPAIR-STANDARD-HE-MCT,Mail-In Controller Repair Service,Standard / Hall Effect / Mouse-Click Triggers,PS5 DualSense,1,149.97,149.97,,,,true
SIM-2027-0403-01,SIM-2027-0403,P054,10754955936025,52968936898841,PS5-WHT-HE-003,Refurbished PS5 Glacier White Controller Hall Effect Joysticks,Default Title,PS5 DualSense,1,74.99,74.99,,,SIM-REF-2027-078,true
SIM-2027-0404-01,SIM-2027-0404,P040,10307762979097,52164166746393,TR-BUNDLE-OB,Performance Upgrade Bundles,OUTBREAK,Xbox Series X/S,1,79.99,79.99,,,,true
SIM-2027-0405-01,SIM-2027-0405,P051,10754952986905,52968922710297,PS5-GPR-001,Refurbished PS5 Galactic Purple Controller Hall Effect Joysticks,Default Title,PS5 DualSense,1,74.99,74.99,,,SIM-REF-2027-079,true
SIM-2027-0406-01,SIM-2027-0406,P047,10313115336985,53147930755353,TR-ALC-HE-N-N,Build Your Own Controller Upgrades,Hall Effect / None / None,PS5 DualSense,1,42.99,42.99,,,,true
SIM-2027-0407-01,SIM-2027-0407,P041,10307762979097,52164166779161,TR-BUNDLE-AP,Performance Upgrade Bundles,APEX PREDATOR,Xbox Series X/S,1,129.99,129.99,,,,true
SIM-2027-0408-01,SIM-2027-0408,P041,10307762979097,52164166779161,TR-BUNDLE-AP,Performance Upgrade Bundles,APEX PREDATOR,PS5 DualSense,1,129.99,129.99,,,,true
SIM-2027-0408-02,SIM-2027-0408,P055,10806653845785,53147452932377,,TechRevive Service Add-Ons,Mail-In Kit,Not applicable,1,19.99,19.99,,,,true
SIM-2027-0409-01,SIM-2027-0409,P047,10313115336985,53147930755353,TR-ALC-HE-N-N,Build Your Own Controller Upgrades,Hall Effect / None / None,Xbox Series X/S,1,42.99,42.99,,,,true
SIM-2027-0409-02,SIM-2027-0409,P055,10806653845785,53147452932377,,TechRevive Service Add-Ons,Mail-In Kit,Not applicable,1,19.99,19.99,,,,true
SIM-2027-0410-01,SIM-2027-0410,P061,,,,Premium Controller - Simulated 2027 Release 06,PS5 DualSense,PS5 DualSense,1,425.00,425.00,PREM-2027-06,5,SIM-PREM-2027-06-05,true
SIM-2027-0411-01,SIM-2027-0411,P054,10754955936025,52968936898841,PS5-WHT-HE-003,Refurbished PS5 Glacier White Controller Hall Effect Joysticks,Default Title,PS5 DualSense,1,74.99,74.99,,,SIM-REF-2027-080,true
SIM-2027-0412-01,SIM-2027-0412,P049,10313115336985,53147931017497,TR-ALC-TMR-N-N,Build Your Own Controller Upgrades,TMR / None / None,Xbox Series X/S,1,49.99,49.99,,,,true
SIM-2027-0412-02,SIM-2027-0412,P055,10806653845785,53147452932377,,TechRevive Service Add-Ons,Mail-In Kit,Not applicable,1,19.99,19.99,,,,true
SIM-2027-0413-01,SIM-2027-0413,P023,10307923411225,53147929510169,TR-REPAIR-STANDARD-TMR-N,Mail-In Controller Repair Service,Standard / TMR / None,PS5 DualSense,1,91.98,91.98,,,,true
SIM-2027-0413-02,SIM-2027-0413,P055,10806653845785,53147452932377,,TechRevive Service Add-Ons,Mail-In Kit,Not applicable,1,19.99,19.99,,,,true
SIM-2027-0414-01,SIM-2027-0414,P061,,,,Premium Controller - Simulated 2027 Release 06,PS5 DualSense,PS5 DualSense,1,425.00,425.00,PREM-2027-06,6,SIM-PREM-2027-06-06,true
SIM-2027-0415-01,SIM-2027-0415,P051,10754952986905,52968922710297,PS5-GPR-001,Refurbished PS5 Galactic Purple Controller Hall Effect Joysticks,Default Title,PS5 DualSense,1,74.99,74.99,,,SIM-REF-2027-081,true
SIM-2027-0416-01,SIM-2027-0416,P027,10307923411225,53147929641241,TR-REPAIR-STANDARD-JCP,Mail-In Controller Repair Service,Standard / Joy-Con Pair / None,Nintendo Switch Joy-Con Pair,1,80.98,80.98,,,,true
SIM-2027-0417-01,SIM-2027-0417,P052,10754953019673,52968922743065,PS5-WHT-HE-004,Refurbished PS5 Glacier White Controller Hall Effect Joysticks,Default Title,PS5 DualSense,1,69.99,69.99,,,SIM-REF-2027-082,true
SIM-2027-0418-01,SIM-2027-0418,P054,10754955936025,52968936898841,PS5-WHT-HE-003,Refurbished PS5 Glacier White Controller Hall Effect Joysticks,Default Title,PS5 DualSense,1,74.99,74.99,,,SIM-REF-2027-083,true
SIM-2027-0419-01,SIM-2027-0419,P053,10754953085209,52968922808601,PS5-CMO-002,Refurbished PS5 Gray Camouflage Controller,Default Title,PS5 DualSense,1,59.99,59.99,,,SIM-REF-2027-084,true
SIM-2027-0420-01,SIM-2027-0420,P061,,,,Premium Controller - Simulated 2027 Release 06,PS5 DualSense,PS5 DualSense,1,425.00,425.00,PREM-2027-06,7,SIM-PREM-2027-06-07,true
SIM-2027-0421-01,SIM-2027-0421,P061,,,,Premium Controller - Simulated 2027 Release 06,PS5 DualSense,PS5 DualSense,1,425.00,425.00,PREM-2027-06,8,SIM-PREM-2027-06-08,true
SIM-2027-0422-01,SIM-2027-0422,P064,10754953052441,52968922775833,PS5-WHT-HE-001,Refurbished PS5 Glacier White Controller Hall Effect Joysticks,Default Title,PS5 DualSense,1,69.99,69.99,,,SIM-REF-2027-085,true
SIM-2027-0423-01,SIM-2027-0423,P002,10307923411225,52164748345625,TR-REPAIR-STANDARD,Mail-In Controller Repair Service,Standard / None / None,Nintendo Switch Pro,1,44.99,44.99,,,,true
SIM-2027-0424-01,SIM-2027-0424,P023,10307923411225,53147929510169,TR-REPAIR-STANDARD-TMR-N,Mail-In Controller Repair Service,Standard / TMR / None,PS5 DualSense,1,91.98,91.98,,,,true
SIM-2027-0424-02,SIM-2027-0424,P055,10806653845785,53147452932377,,TechRevive Service Add-Ons,Mail-In Kit,Not applicable,1,19.99,19.99,,,,true
SIM-2027-0425-01,SIM-2027-0425,P051,10754952986905,52968922710297,PS5-GPR-001,Refurbished PS5 Galactic Purple Controller Hall Effect Joysticks,Default Title,PS5 DualSense,1,74.99,74.99,,,SIM-REF-2027-086,true
SIM-2027-0426-01,SIM-2027-0426,P061,,,,Premium Controller - Simulated 2027 Release 06,PS5 DualSense,PS5 DualSense,1,425.00,425.00,PREM-2027-06,9,SIM-PREM-2027-06-09,true
SIM-2027-0427-01,SIM-2027-0427,P061,,,,Premium Controller - Simulated 2027 Release 06,PS5 DualSense,PS5 DualSense,1,425.00,425.00,PREM-2027-06,10,SIM-PREM-2027-06-10,true
SIM-2027-0428-01,SIM-2027-0428,P044,10313115336985,53147930558745,TR-ALC-N-FACE-N,Build Your Own Controller Upgrades,None / Face Buttons and D-Pad / None,PS5 DualSense,1,44.99,44.99,,,,true
SIM-2027-0429-01,SIM-2027-0429,P023,10307923411225,53147929510169,TR-REPAIR-STANDARD-TMR-N,Mail-In Controller Repair Service,Standard / TMR / None,PS5 DualSense,1,91.98,91.98,,,,true
SIM-2027-0429-02,SIM-2027-0429,P055,10806653845785,53147452932377,,TechRevive Service Add-Ons,Mail-In Kit,Not applicable,1,19.99,19.99,,,,true
SIM-2027-0430-01,SIM-2027-0430,P061,,,,Premium Controller - Simulated 2027 Release 06,PS5 DualSense,PS5 DualSense,1,425.00,425.00,PREM-2027-06,11,SIM-PREM-2027-06-11,true
SIM-2027-0431-01,SIM-2027-0431,P042,10307762979097,52164166811929,TR-BUNDLE-PZ,Performance Upgrade Bundles,PATIENT ZERO,PS5 DualSense,1,189.99,189.99,,,,true
SIM-2027-0432-01,SIM-2027-0432,P042,10307762979097,52164166811929,TR-BUNDLE-PZ,Performance Upgrade Bundles,PATIENT ZERO,Xbox Series X/S,1,189.99,189.99,,,,true
SIM-2027-0433-01,SIM-2027-0433,P061,,,,Premium Controller - Simulated 2027 Release 06,PS5 DualSense,PS5 DualSense,1,425.00,425.00,PREM-2027-06,12,SIM-PREM-2027-06-12,true
SIM-2027-0434-01,SIM-2027-0434,P027,10307923411225,53147929641241,TR-REPAIR-STANDARD-JCP,Mail-In Controller Repair Service,Standard / Joy-Con Pair / None,Nintendo Switch Joy-Con Pair,1,80.98,80.98,,,,true
SIM-2027-0435-01,SIM-2027-0435,P051,10754952986905,52968922710297,PS5-GPR-001,Refurbished PS5 Galactic Purple Controller Hall Effect Joysticks,Default Title,PS5 DualSense,1,74.99,74.99,,,SIM-REF-2027-087,true
SIM-2027-0436-01,SIM-2027-0436,P052,10754953019673,52968922743065,PS5-WHT-HE-004,Refurbished PS5 Glacier White Controller Hall Effect Joysticks,Default Title,PS5 DualSense,1,69.99,69.99,,,SIM-REF-2027-088,true
SIM-2027-0437-01,SIM-2027-0437,P061,,,,Premium Controller - Simulated 2027 Release 06,PS5 DualSense,PS5 DualSense,1,425.00,425.00,PREM-2027-06,13,SIM-PREM-2027-06-13,true
SIM-2027-0438-01,SIM-2027-0438,P061,,,,Premium Controller - Simulated 2027 Release 06,PS5 DualSense,PS5 DualSense,1,425.00,425.00,PREM-2027-06,14,SIM-PREM-2027-06-14,true
SIM-2027-0439-01,SIM-2027-0439,P003,10307923411225,52164748378393,TR-REPAIR-FTR,Mail-In Controller Repair Service,Full Tech Revival / None / None,Xbox Series X/S,1,74.99,74.99,,,,true
SIM-2027-0439-02,SIM-2027-0439,P055,10806653845785,53147452932377,,TechRevive Service Add-Ons,Mail-In Kit,Not applicable,1,19.99,19.99,,,,true
SIM-2027-0440-01,SIM-2027-0440,P051,10754952986905,52968922710297,PS5-GPR-001,Refurbished PS5 Galactic Purple Controller Hall Effect Joysticks,Default Title,PS5 DualSense,1,74.99,74.99,,,SIM-REF-2027-089,true
SIM-2027-0441-01,SIM-2027-0441,P064,10754953052441,52968922775833,PS5-WHT-HE-001,Refurbished PS5 Glacier White Controller Hall Effect Joysticks,Default Title,PS5 DualSense,1,69.99,69.99,,,SIM-REF-2027-090,true
SIM-2027-0442-01,SIM-2027-0442,P061,,,,Premium Controller - Simulated 2027 Release 06,PS5 DualSense,PS5 DualSense,1,425.00,425.00,PREM-2027-06,15,SIM-PREM-2027-06-15,true
SIM-2027-0443-01,SIM-2027-0443,P028,10307923411225,53147929674009,TR-REPAIR-FTR-N-MCT,Mail-In Controller Repair Service,Full Tech Revival / None / Mouse-Click Triggers,PS5 DualSense,1,139.98,139.98,,,,true
SIM-2027-0444-01,SIM-2027-0444,P033,10307923411225,53147929837849,TR-REPAIR-FTR-HE-4BP,Mail-In Controller Repair Service,Full Tech Revival / Hall Effect / Four Back Paddles,PS5 DualSense,1,204.97,204.97,,,,true
SIM-2027-0445-01,SIM-2027-0445,P051,10754952986905,52968922710297,PS5-GPR-001,Refurbished PS5 Galactic Purple Controller Hall Effect Joysticks,Default Title,PS5 DualSense,1,74.99,74.99,,,SIM-REF-2027-091,true
SIM-2027-0446-01,SIM-2027-0446,P023,10307923411225,53147929510169,TR-REPAIR-STANDARD-TMR-N,Mail-In Controller Repair Service,Standard / TMR / None,PS5 DualSense,1,91.98,91.98,,,,true
SIM-2027-0447-01,SIM-2027-0447,P045,10313115336985,53147930624281,TR-ALC-N-TRIG-N,Build Your Own Controller Upgrades,None / Triggers and Bumpers / None,PS5 DualSense,1,69.99,69.99,,,,true
SIM-2027-0447-02,SIM-2027-0447,P055,10806653845785,53147452932377,,TechRevive Service Add-Ons,Mail-In Kit,Not applicable,1,19.99,19.99,,,,true
SIM-2027-0448-01,SIM-2027-0448,P052,10754953019673,52968922743065,PS5-WHT-HE-004,Refurbished PS5 Glacier White Controller Hall Effect Joysticks,Default Title,PS5 DualSense,1,69.99,69.99,,,SIM-REF-2027-092,true
SIM-2027-0449-01,SIM-2027-0449,P018,10307923411225,53147929346329,TR-REPAIR-STANDARD-N-MCT-4BP,Mail-In Controller Repair Service,Standard / None / Mouse-Click Triggers + Four Back Paddles,PS5 DualSense,1,199.97,199.97,,,,true
SIM-2027-0450-01,SIM-2027-0450,P012,10307923411225,53147929149721,TR-REPAIR-BASIC-TMR-MCT,Mail-In Controller Repair Service,Basic / TMR / Mouse-Click Triggers,PS5 DualSense,1,141.97,141.97,,,,true
SIM-2027-0451-01,SIM-2027-0451,P043,10313115336985,53147930525977,TR-ALC-N-N-4RI,Build Your Own Controller Upgrades,None / None / Four Rear Inputs,PS5 DualSense,1,94.99,94.99,,,,true
SIM-2027-0451-02,SIM-2027-0451,P055,10806653845785,53147452932377,,TechRevive Service Add-Ons,Mail-In Kit,Not applicable,1,19.99,19.99,,,,true
SIM-2027-0452-01,SIM-2027-0452,P015,10307923411225,53147929248025,TR-REPAIR-BASIC-JCP,Mail-In Controller Repair Service,Basic / Joy-Con Pair / None,Nintendo Switch Joy-Con Pair,1,53.98,53.98,,,,true
SIM-2027-0453-01,SIM-2027-0453,P024,10307923411225,53147929542937,TR-REPAIR-STANDARD-TMR-MCT,Mail-In Controller Repair Service,Standard / TMR / Mouse-Click Triggers,PS5 DualSense,1,156.97,156.97,,,,true
SIM-2027-0454-01,SIM-2027-0454,P047,10313115336985,53147930755353,TR-ALC-HE-N-N,Build Your Own Controller Upgrades,Hall Effect / None / None,Xbox Series X/S,1,42.99,42.99,,,,true
SIM-2027-0455-01,SIM-2027-0455,P047,10313115336985,53147930755353,TR-ALC-HE-N-N,Build Your Own Controller Upgrades,Hall Effect / None / None,PS5 DualSense,1,42.99,42.99,,,,true
SIM-2027-0456-01,SIM-2027-0456,P025,10307923411225,53147929575705,TR-REPAIR-STANDARD-TMR-4BP,Mail-In Controller Repair Service,Standard / TMR / Four Back Paddles,PS5 DualSense,1,181.97,181.97,,,,true
SIM-2027-0457-01,SIM-2027-0457,P049,10313115336985,53147931017497,TR-ALC-TMR-N-N,Build Your Own Controller Upgrades,TMR / None / None,PS5 DualSense,1,49.99,49.99,,,,true
SIM-2027-0458-01,SIM-2027-0458,P031,10307923411225,53147929772313,TR-REPAIR-FTR-HE-N,Mail-In Controller Repair Service,Full Tech Revival / Hall Effect / None,Xbox Series X/S,1,114.98,114.98,,,,true
SIM-2027-0458-02,SIM-2027-0458,P055,10806653845785,53147452932377,,TechRevive Service Add-Ons,Mail-In Kit,Not applicable,1,19.99,19.99,,,,true
SIM-2027-0459-01,SIM-2027-0459,P054,10754955936025,52968936898841,PS5-WHT-HE-003,Refurbished PS5 Glacier White Controller Hall Effect Joysticks,Default Title,PS5 DualSense,1,74.99,74.99,,,SIM-REF-2027-093,true
SIM-2027-0460-01,SIM-2027-0460,P051,10754952986905,52968922710297,PS5-GPR-001,Refurbished PS5 Galactic Purple Controller Hall Effect Joysticks,Default Title,PS5 DualSense,1,74.99,74.99,,,SIM-REF-2027-094,true
SIM-2027-0461-01,SIM-2027-0461,P049,10313115336985,53147931017497,TR-ALC-TMR-N-N,Build Your Own Controller Upgrades,TMR / None / None,PS5 DualSense,1,49.99,49.99,,,,true
SIM-2027-0462-01,SIM-2027-0462,P039,10307923411225,53147930034457,TR-REPAIR-FTR-JCP,Mail-In Controller Repair Service,Full Tech Revival / Joy-Con Pair / None,Nintendo Switch Joy-Con Pair,1,134.98,134.98,,,,true
SIM-2027-0463-01,SIM-2027-0463,P002,10307923411225,52164748345625,TR-REPAIR-STANDARD,Mail-In Controller Repair Service,Standard / None / None,PS4 DualShock 4,1,44.99,44.99,,,,true
SIM-2027-0464-01,SIM-2027-0464,P049,10313115336985,53147931017497,TR-ALC-TMR-N-N,Build Your Own Controller Upgrades,TMR / None / None,PS5 DualSense,1,49.99,49.99,,,,true
SIM-2027-0464-02,SIM-2027-0464,P055,10806653845785,53147452932377,,TechRevive Service Add-Ons,Mail-In Kit,Not applicable,1,19.99,19.99,,,,true
SIM-2027-0465-01,SIM-2027-0465,P027,10307923411225,53147929641241,TR-REPAIR-STANDARD-JCP,Mail-In Controller Repair Service,Standard / Joy-Con Pair / None,Nintendo Switch Joy-Con Pair,1,80.98,80.98,,,,true
SIM-2027-0465-02,SIM-2027-0465,P055,10806653845785,53147452932377,,TechRevive Service Add-Ons,Mail-In Kit,Not applicable,1,19.99,19.99,,,,true
SIM-2027-0466-01,SIM-2027-0466,P054,10754955936025,52968936898841,PS5-WHT-HE-003,Refurbished PS5 Glacier White Controller Hall Effect Joysticks,Default Title,PS5 DualSense,1,74.99,74.99,,,SIM-REF-2027-095,true
SIM-2027-0467-01,SIM-2027-0467,P011,10307923411225,53147929116953,TR-REPAIR-BASIC-TMR-N,Mail-In Controller Repair Service,Basic / TMR / None,PS5 DualSense,1,76.98,76.98,,,,true
SIM-2027-0468-01,SIM-2027-0468,P013,10307923411225,53147929182489,TR-REPAIR-BASIC-TMR-4BP,Mail-In Controller Repair Service,Basic / TMR / Four Back Paddles,PS5 DualSense,1,166.97,166.97,,,,true
SIM-2027-0469-01,SIM-2027-0469,P040,10307762979097,52164166746393,TR-BUNDLE-OB,Performance Upgrade Bundles,OUTBREAK,PS5 DualSense,1,79.99,79.99,,,,true
SIM-2027-0470-01,SIM-2027-0470,P023,10307923411225,53147929510169,TR-REPAIR-STANDARD-TMR-N,Mail-In Controller Repair Service,Standard / TMR / None,Xbox Series X/S,1,91.98,91.98,,,,true
SIM-2027-0471-01,SIM-2027-0471,P063,,,,Masterpiece Controller - Simulated 2027 Release 02,PS5 DualSense,PS5 DualSense,1,2000.00,2000.00,MASTER-2027-02,1,SIM-MASTER-2027-02-01,true
SIM-2027-0472-01,SIM-2027-0472,P023,10307923411225,53147929510169,TR-REPAIR-STANDARD-TMR-N,Mail-In Controller Repair Service,Standard / TMR / None,PS5 DualSense,1,91.98,91.98,,,,true
SIM-2027-0473-01,SIM-2027-0473,P054,10754955936025,52968936898841,PS5-WHT-HE-003,Refurbished PS5 Glacier White Controller Hall Effect Joysticks,Default Title,PS5 DualSense,1,74.99,74.99,,,SIM-REF-2027-096,true
SIM-2027-0474-01,SIM-2027-0474,P007,10307923411225,53147928985881,TR-REPAIR-BASIC-HE-N,Mail-In Controller Repair Service,Basic / Hall Effect / None,PS5 DualSense,1,69.98,69.98,,,,true
SIM-2027-0474-02,SIM-2027-0474,P055,10806653845785,53147452932377,,TechRevive Service Add-Ons,Mail-In Kit,Not applicable,1,19.99,19.99,,,,true
SIM-2027-0475-01,SIM-2027-0475,P053,10754953085209,52968922808601,PS5-CMO-002,Refurbished PS5 Gray Camouflage Controller,Default Title,PS5 DualSense,1,59.99,59.99,,,SIM-REF-2027-097,true
SIM-2027-0476-01,SIM-2027-0476,P045,10313115336985,53147930624281,TR-ALC-N-TRIG-N,Build Your Own Controller Upgrades,None / Triggers and Bumpers / None,Xbox Series X/S,1,69.99,69.99,,,,true
SIM-2027-0477-01,SIM-2027-0477,P048,10313115336985,53147930886425,TR-ALC-HE-TRIG-N,Build Your Own Controller Upgrades,Hall Effect / Triggers and Bumpers / None,PS5 DualSense,1,112.98,112.98,,,,true
SIM-2027-0478-01,SIM-2027-0478,P019,10307923411225,53147929379097,TR-REPAIR-STANDARD-HE-N,Mail-In Controller Repair Service,Standard / Hall Effect / None,PS5 DualSense,1,84.98,84.98,,,,true
SIM-2027-0478-02,SIM-2027-0478,P055,10806653845785,53147452932377,,TechRevive Service Add-Ons,Mail-In Kit,Not applicable,1,19.99,19.99,,,,true
SIM-2027-0479-01,SIM-2027-0479,P041,10307762979097,52164166779161,TR-BUNDLE-AP,Performance Upgrade Bundles,APEX PREDATOR,PS5 DualSense,1,129.99,129.99,,,,true
SIM-2027-0480-01,SIM-2027-0480,P023,10307923411225,53147929510169,TR-REPAIR-STANDARD-TMR-N,Mail-In Controller Repair Service,Standard / TMR / None,Nintendo Switch Pro,1,91.98,91.98,,,,true
SIM-2027-0481-01,SIM-2027-0481,P035,10307923411225,53147929903385,TR-REPAIR-FTR-TMR-N,Mail-In Controller Repair Service,Full Tech Revival / TMR / None,Xbox Series X/S,1,121.98,121.98,,,,true
SIM-2027-0481-02,SIM-2027-0481,P055,10806653845785,53147452932377,,TechRevive Service Add-Ons,Mail-In Kit,Not applicable,1,19.99,19.99,,,,true
SIM-2027-0482-01,SIM-2027-0482,P049,10313115336985,53147931017497,TR-ALC-TMR-N-N,Build Your Own Controller Upgrades,TMR / None / None,Xbox Series X/S,1,49.99,49.99,,,,true
SIM-2027-0482-02,SIM-2027-0482,P055,10806653845785,53147452932377,,TechRevive Service Add-Ons,Mail-In Kit,Not applicable,1,19.99,19.99,,,,true
SIM-2027-0483-01,SIM-2027-0483,P031,10307923411225,53147929772313,TR-REPAIR-FTR-HE-N,Mail-In Controller Repair Service,Full Tech Revival / Hall Effect / None,Xbox Series X/S,1,114.98,114.98,,,,true
SIM-2027-0484-01,SIM-2027-0484,P024,10307923411225,53147929542937,TR-REPAIR-STANDARD-TMR-MCT,Mail-In Controller Repair Service,Standard / TMR / Mouse-Click Triggers,PS5 DualSense,1,156.97,156.97,,,,true
SIM-2027-0484-02,SIM-2027-0484,P055,10806653845785,53147452932377,,TechRevive Service Add-Ons,Mail-In Kit,Not applicable,1,19.99,19.99,,,,true
SIM-2027-0485-01,SIM-2027-0485,P001,10307923411225,52164748312857,TR-REPAIR-BASIC,Mail-In Controller Repair Service,Basic / None / None,PS5 DualSense,1,29.99,29.99,,,,true
SIM-2027-0486-01,SIM-2027-0486,P045,10313115336985,53147930624281,TR-ALC-N-TRIG-N,Build Your Own Controller Upgrades,None / Triggers and Bumpers / None,Xbox Series X/S,1,69.99,69.99,,,,true
SIM-2027-0486-02,SIM-2027-0486,P055,10806653845785,53147452932377,,TechRevive Service Add-Ons,Mail-In Kit,Not applicable,1,19.99,19.99,,,,true
SIM-2027-0487-01,SIM-2027-0487,P024,10307923411225,53147929542937,TR-REPAIR-STANDARD-TMR-MCT,Mail-In Controller Repair Service,Standard / TMR / Mouse-Click Triggers,PS5 DualSense,1,156.97,156.97,,,,true
SIM-2027-0488-01,SIM-2027-0488,P041,10307762979097,52164166779161,TR-BUNDLE-AP,Performance Upgrade Bundles,APEX PREDATOR,Nintendo Switch Pro,1,129.99,129.99,,,,true
SIM-2027-0489-01,SIM-2027-0489,P042,10307762979097,52164166811929,TR-BUNDLE-PZ,Performance Upgrade Bundles,PATIENT ZERO,Nintendo Switch Pro,1,189.99,189.99,,,,true
SIM-2027-0490-01,SIM-2027-0490,P036,10307923411225,53147929936153,TR-REPAIR-FTR-TMR-MCT,Mail-In Controller Repair Service,Full Tech Revival / TMR / Mouse-Click Triggers,PS5 DualSense,1,186.97,186.97,,,,true
SIM-2027-0490-02,SIM-2027-0490,P055,10806653845785,53147452932377,,TechRevive Service Add-Ons,Mail-In Kit,Not applicable,1,19.99,19.99,,,,true
SIM-2027-0491-01,SIM-2027-0491,P024,10307923411225,53147929542937,TR-REPAIR-STANDARD-TMR-MCT,Mail-In Controller Repair Service,Standard / TMR / Mouse-Click Triggers,PS5 DualSense,1,156.97,156.97,,,,true
SIM-2027-0492-01,SIM-2027-0492,P064,10754953052441,52968922775833,PS5-WHT-HE-001,Refurbished PS5 Glacier White Controller Hall Effect Joysticks,Default Title,PS5 DualSense,1,69.99,69.99,,,SIM-REF-2027-098,true
SIM-2027-0493-01,SIM-2027-0493,P007,10307923411225,53147928985881,TR-REPAIR-BASIC-HE-N,Mail-In Controller Repair Service,Basic / Hall Effect / None,Nintendo Switch Pro,1,69.98,69.98,,,,true
SIM-2027-0494-01,SIM-2027-0494,P037,10307923411225,53147929968921,TR-REPAIR-FTR-TMR-4BP,Mail-In Controller Repair Service,Full Tech Revival / TMR / Four Back Paddles,PS5 DualSense,1,211.97,211.97,,,,true
SIM-2027-0494-02,SIM-2027-0494,P055,10806653845785,53147452932377,,TechRevive Service Add-Ons,Mail-In Kit,Not applicable,1,19.99,19.99,,,,true
SIM-2027-0495-01,SIM-2027-0495,P049,10313115336985,53147931017497,TR-ALC-TMR-N-N,Build Your Own Controller Upgrades,TMR / None / None,PS5 DualSense,1,49.99,49.99,,,,true
SIM-2027-0496-01,SIM-2027-0496,P002,10307923411225,52164748345625,TR-REPAIR-STANDARD,Mail-In Controller Repair Service,Standard / None / None,Xbox Series X/S,1,44.99,44.99,,,,true
SIM-2027-0496-02,SIM-2027-0496,P055,10806653845785,53147452932377,,TechRevive Service Add-Ons,Mail-In Kit,Not applicable,1,19.99,19.99,,,,true
SIM-2027-0497-01,SIM-2027-0497,P040,10307762979097,52164166746393,TR-BUNDLE-OB,Performance Upgrade Bundles,OUTBREAK,PS5 DualSense,1,79.99,79.99,,,,true
SIM-2027-0498-01,SIM-2027-0498,P011,10307923411225,53147929116953,TR-REPAIR-BASIC-TMR-N,Mail-In Controller Repair Service,Basic / TMR / None,PS5 DualSense,1,76.98,76.98,,,,true
SIM-2027-0498-02,SIM-2027-0498,P055,10806653845785,53147452932377,,TechRevive Service Add-Ons,Mail-In Kit,Not applicable,1,19.99,19.99,,,,true
SIM-2027-0499-01,SIM-2027-0499,P049,10313115336985,53147931017497,TR-ALC-TMR-N-N,Build Your Own Controller Upgrades,TMR / None / None,Xbox Series X/S,1,49.99,49.99,,,,true
SIM-2027-0499-02,SIM-2027-0499,P055,10806653845785,53147452932377,,TechRevive Service Add-Ons,Mail-In Kit,Not applicable,1,19.99,19.99,,,,true
SIM-2027-0500-01,SIM-2027-0500,P048,10313115336985,53147930886425,TR-ALC-HE-TRIG-N,Build Your Own Controller Upgrades,Hall Effect / Triggers and Bumpers / None,PS5 DualSense,1,112.98,112.98,,,,true
