order_item_id,order_id,order_date,sales_channel,customer_id,customer_type,catalog_entry_id,product_id,variant_id,sku,sku_status,product_title,variant_title,analysis_category,analysis_product_type,repair_tier,joystick_upgrade,mouse_click_upgrade,rear_input_upgrade,controller_model,quantity,unit_price_usd,line_total_usd,currency,mail_in_method,session_id,device_type,referrer_source,referrer_name,release_id,edition_number,simulated_unit_id,price_basis,is_synthetic
SIM-2027-0001-01,SIM-2027-0001,2027-01-01,Online Store,C0001,New,P049,10313115336985,53147931017497,TR-ALC-TMR-N-N,present_in_shopify,Build Your Own Controller Upgrades,TMR / None / None,Upgrade,Individual upgrades,Not applicable,TMR,None,None,Xbox Series X/S,1,49.99,49.99,USD,Self ship,SIM-S000014,Mobile,Direct,Direct,,,,verified_site_price,true
SIM-2027-0002-01,SIM-2027-0002,2027-01-02,Online Store,C0001,Returning,P035,10307923411225,53147929903385,TR-REPAIR-FTR-TMR-N,present_in_shopify,Mail-In Controller Repair Service,Full Tech Revival / TMR / None,Repair,Repair service,Full Tech Revival,TMR,None,None,Nintendo Switch Pro,1,121.98,121.98,USD,Self ship,SIM-S000084,Desktop,Direct,Direct,,,,verified_site_price,true
SIM-2027-0003-01,SIM-2027-0003,2027-01-02,Online Store,C0002,New,P056,,,,not_created_hypothetical_release,Premium Controller - Simulated 2027 Release 01,PS5 DualSense,Premium,Premium controller,Not applicable,Not applicable,Not applicable,Not applicable,PS5 DualSense,1,475.00,475.00,USD,Not applicable,SIM-S000062,Mobile,Search,Google,PREM-2027-01,1,SIM-PREM-2027-01-01,owner_approved_simulation_range,true
SIM-2027-0004-01,SIM-2027-0004,2027-01-03,eBay,C0003,New,P051,10754952986905,52968922710297,PS5-GPR-001,present_in_shopify,Refurbished PS5 Galactic Purple Controller Hall Effect Joysticks,Default Title,Refurbished,Refurbished controller,Not applicable,Not applicable,Not applicable,Not applicable,PS5 DualSense,1,74.99,74.99,USD,Not applicable,,,,,,,SIM-REF-2027-001,verified_site_price,true
SIM-2027-0005-01,SIM-2027-0005,2027-01-03,Online Store,C0002,Returning,P056,,,,not_created_hypothetical_release,Premium Controller - Simulated 2027 Release 01,PS5 DualSense,Premium,Premium controller,Not applicable,Not applicable,Not applicable,Not applicable,PS5 DualSense,1,475.00,475.00,USD,Not applicable,SIM-S000138,Mobile,Direct,Direct,PREM-2027-01,2,SIM-PREM-2027-01-02,owner_approved_simulation_range,true
SIM-2027-0006-01,SIM-2027-0006,2027-01-04,Online Store,C0002,Returning,P023,10307923411225,53147929510169,TR-REPAIR-STANDARD-TMR-N,present_in_shopify,Mail-In Controller Repair Service,Standard / TMR / None,Repair,Repair service,Standard,TMR,None,None,PS5 DualSense,1,91.98,91.98,USD,Self ship,SIM-S000164,Desktop,Direct,Direct,,,,verified_site_price,true
SIM-2027-0007-01,SIM-2027-0007,2027-01-04,eBay,C0001,Returning,P054,10754955936025,52968936898841,PS5-WHT-HE-003,present_in_shopify,Refurbished PS5 Glacier White Controller Hall Effect Joysticks,Default Title,Refurbished,Refurbished controller,Not applicable,Not applicable,Not applicable,Not applicable,PS5 DualSense,1,74.99,74.99,USD,Not applicable,,,,,,,SIM-REF-2027-002,verified_site_price,true
SIM-2027-0008-01,SIM-2027-0008,2027-01-04,Online Store,C0004,New,P031,10307923411225,53147929772313,TR-REPAIR-FTR-HE-N,present_in_shopify,Mail-In Controller Repair Service,Full Tech Revival / Hall Effect / None,Repair,Repair service,Full Tech Revival,Hall Effect,None,None,PS5 DualSense,1,114.98,114.98,USD,Self ship,SIM-S000155,Mobile,Direct,Direct,,,,verified_site_price,true
SIM-2027-0009-01,SIM-2027-0009,2027-01-05,Online Store,C0005,New,P020,10307923411225,53147929411865,TR-REPAIR-STANDARD-HE-MCT,present_in_shopify,Mail-In Controller Repair Service,Standard / Hall Effect / Mouse-Click Triggers,Repair,Repair service,Standard,Hall Effect,Mouse-Click Triggers,None,PS5 DualSense,1,149.97,149.97,USD,Self ship,SIM-S000187,Mobile,Search,Google,,,,verified_site_price,true
SIM-2027-0010-01,SIM-2027-0010,2027-01-06,Online Store,C0006,New,P052,10754953019673,52968922743065,PS5-WHT-HE-004,present_in_shopify,Refurbished PS5 Glacier White Controller Hall Effect Joysticks,Default Title,Refurbished,Refurbished controller,Not applicable,Not applicable,Not applicable,Not applicable,PS5 DualSense,1,69.99,69.99,USD,Not applicable,SIM-S000242,Desktop,Direct,Direct,,,SIM-REF-2027-003,verified_site_price,true
SIM-2027-0011-01,SIM-2027-0011,2027-01-07,Online Store,C0007,New,P040,10307762979097,52164166746393,TR-BUNDLE-OB,present_in_shopify,Performance Upgrade Bundles,OUTBREAK,Upgrade,Upgrade bundle,Not applicable,Hall Effect,Mouse-Click Triggers,None,PS5 DualSense,1,79.99,79.99,USD,Self ship,SIM-S000276,Desktop,Social,Instagram,,,,verified_site_price,true
SIM-2027-0012-01,SIM-2027-0012,2027-01-07,Online Store,C0008,New,P056,,,,not_created_hypothetical_release,Premium Controller - Simulated 2027 Release 01,PS5 DualSense,Premium,Premium controller,Not applicable,Not applicable,Not applicable,Not applicable,PS5 DualSense,1,475.00,475.00,USD,Not applicable,SIM-S000296,Desktop,Direct,Direct,PREM-2027-01,3,SIM-PREM-2027-01-03,owner_approved_simulation_range,true
SIM-2027-0013-01,SIM-2027-0013,2027-01-07,eBay,C0009,New,P053,10754953085209,52968922808601,PS5-CMO-002,present_in_shopify,Refurbished PS5 Gray Camouflage Controller,Default Title,Refurbished,Refurbished controller,Not applicable,Not applicable,Not applicable,Not applicable,PS5 DualSense,1,59.99,59.99,USD,Not applicable,,,,,,,SIM-REF-2027-004,verified_site_price,true
SIM-2027-0014-01,SIM-2027-0014,2027-01-07,Online Store,C0010,New,P027,10307923411225,53147929641241,TR-REPAIR-STANDARD-JCP,present_in_shopify,Mail-In Controller Repair Service,Standard / Joy-Con Pair / None,Repair,Repair service,Standard,None,None,None,Nintendo Switch Joy-Con Pair,1,80.98,80.98,USD,Mail-In Kit,SIM-S000255,Desktop,Search,Google,,,,verified_site_price,true
SIM-2027-0014-02,SIM-2027-0014,2027-01-07,Online Store,C0010,New,P055,10806653845785,53147452932377,,blank_in_shopify,TechRevive Service Add-Ons,Mail-In Kit,Mail-In Kit,Mail-In Kit,Not applicable,Not applicable,Not applicable,Not applicable,Not applicable,1,19.99,19.99,USD,Mail-In Kit,SIM-S000255,Desktop,Search,Google,,,,verified_site_price,true
SIM-2027-0015-01,SIM-2027-0015,2027-01-09,Online Store,C0011,New,P042,10307762979097,52164166811929,TR-BUNDLE-PZ,present_in_shopify,Performance Upgrade Bundles,PATIENT ZERO,Upgrade,Upgrade bundle,Not applicable,TMR,"Mouse-Click Triggers, Face Buttons and D-Pad",Four Rear Inputs,PS5 DualSense,1,189.99,189.99,USD,Self ship,SIM-S000395,Desktop,Social,Facebook,,,,verified_site_price,true
SIM-2027-0016-01,SIM-2027-0016,2027-01-10,Online Store,C0012,New,P023,10307923411225,53147929510169,TR-REPAIR-STANDARD-TMR-N,present_in_shopify,Mail-In Controller Repair Service,Standard / TMR / None,Repair,Repair service,Standard,TMR,None,None,Nintendo Switch Pro,1,91.98,91.98,USD,Self ship,SIM-S000450,Desktop,Search,Google,,,,verified_site_price,true
SIM-2027-0017-01,SIM-2027-0017,2027-01-10,Online Store,C0013,New,P056,,,,not_created_hypothetical_release,Premium Controller - Simulated 2027 Release 01,PS5 DualSense,Premium,Premium controller,Not applicable,Not applicable,Not applicable,Not applicable,PS5 DualSense,1,475.00,475.00,USD,Not applicable,SIM-S000418,Mobile,Search,Google,PREM-2027-01,4,SIM-PREM-2027-01-04,owner_approved_simulation_range,true
SIM-2027-0018-01,SIM-2027-0018,2027-01-12,Online Store,C0014,New,P056,,,,not_created_hypothetical_release,Premium Controller - Simulated 2027 Release 01,PS5 DualSense,Premium,Premium controller,Not applicable,Not applicable,Not applicable,Not applicable,PS5 DualSense,1,475.00,475.00,USD,Not applicable,SIM-S000510,Desktop,Email,Email campaign,PREM-2027-01,5,SIM-PREM-2027-01-05,owner_approved_simulation_range,true
SIM-2027-0019-01,SIM-2027-0019,2027-01-12,Online Store,C0015,New,P023,10307923411225,53147929510169,TR-REPAIR-STANDARD-TMR-N,present_in_shopify,Mail-In Controller Repair Service,Standard / TMR / None,Repair,Repair service,Standard,TMR,None,None,Nintendo Switch Pro,1,91.98,91.98,USD,Self ship,SIM-S000514,Mobile,Search,Google,,,,verified_site_price,true
SIM-2027-0020-01,SIM-2027-0020,2027-01-13,eBay,C0008,Returning,P053,10754953085209,52968922808601,PS5-CMO-002,present_in_shopify,Refurbished PS5 Gray Camouflage Controller,Default Title,Refurbished,Refurbished controller,Not applicable,Not applicable,Not applicable,Not applicable,PS5 DualSense,1,59.99,59.99,USD,Not applicable,,,,,,,SIM-REF-2027-005,verified_site_price,true
SIM-2027-0021-01,SIM-2027-0021,2027-01-16,Online Store,C0016,New,P064,10754953052441,52968922775833,PS5-WHT-HE-001,present_in_shopify,Refurbished PS5 Glacier White Controller Hall Effect Joysticks,Default Title,Refurbished,Refurbished controller,Not applicable,Not applicable,Not applicable,Not applicable,PS5 DualSense,1,69.99,69.99,USD,Not applicable,SIM-S000721,Mobile,Email,Email campaign,,,SIM-REF-2027-006,verified_site_price,true
SIM-2027-0022-01,SIM-2027-0022,2027-01-16,Online Store,C0007,Returning,P019,10307923411225,53147929379097,TR-REPAIR-STANDARD-HE-N,present_in_shopify,Mail-In Controller Repair Service,Standard / Hall Effect / None,Repair,Repair service,Standard,Hall Effect,None,None,PS5 DualSense,1,84.98,84.98,USD,Mail-In Kit,SIM-S000664,Desktop,Direct,Direct,,,,verified_site_price,true
SIM-2027-0022-02,SIM-2027-0022,2027-01-16,Online Store,C0007,Returning,P055,10806653845785,53147452932377,,blank_in_shopify,TechRevive Service Add-Ons,Mail-In Kit,Mail-In Kit,Mail-In Kit,Not applicable,Not applicable,Not applicable,Not applicable,Not applicable,1,19.99,19.99,USD,Mail-In Kit,SIM-S000664,Desktop,Direct,Direct,,,,verified_site_price,true
SIM-2027-0023-01,SIM-2027-0023,2027-01-17,Online Store,C0017,New,P056,,,,not_created_hypothetical_release,Premium Controller - Simulated 2027 Release 01,PS5 DualSense,Premium,Premium controller,Not applicable,Not applicable,Not applicable,Not applicable,PS5 DualSense,1,475.00,475.00,USD,Not applicable,SIM-S000756,Mobile,Direct,Direct,PREM-2027-01,6,SIM-PREM-2027-01-06,owner_approved_simulation_range,true
SIM-2027-0024-01,SIM-2027-0024,2027-01-17,Online Store,C0018,New,P042,10307762979097,52164166811929,TR-BUNDLE-PZ,present_in_shopify,Performance Upgrade Bundles,PATIENT ZERO,Upgrade,Upgrade bundle,Not applicable,TMR,"Mouse-Click Triggers, Face Buttons and D-Pad",Four Rear Inputs,PS5 DualSense,1,189.99,189.99,USD,Self ship,SIM-S000759,Mobile,Direct,Direct,,,,verified_site_price,true
SIM-2027-0025-01,SIM-2027-0025,2027-01-18,Online Store,C0019,New,P040,10307762979097,52164166746393,TR-BUNDLE-OB,present_in_shopify,Performance Upgrade Bundles,OUTBREAK,Upgrade,Upgrade bundle,Not applicable,Hall Effect,Mouse-Click Triggers,None,PS5 DualSense,1,79.99,79.99,USD,Self ship,SIM-S000797,Desktop,Search,Google,,,,verified_site_price,true
SIM-2027-0026-01,SIM-2027-0026,2027-01-18,Online Store,C0020,New,P053,10754953085209,52968922808601,PS5-CMO-002,present_in_shopify,Refurbished PS5 Gray Camouflage Controller,Default Title,Refurbished,Refurbished controller,Not applicable,Not applicable,Not applicable,Not applicable,PS5 DualSense,1,59.99,59.99,USD,Not applicable,SIM-S000808,Desktop,Search,Google,,,SIM-REF-2027-007,verified_site_price,true
SIM-2027-0027-01,SIM-2027-0027,2027-01-19,Online Store,C0021,New,P056,,,,not_created_hypothetical_release,Premium Controller - Simulated 2027 Release 01,PS5 DualSense,Premium,Premium controller,Not applicable,Not applicable,Not applicable,Not applicable,PS5 DualSense,1,475.00,475.00,USD,Not applicable,SIM-S000876,Mobile,Social,Instagram,PREM-2027-01,7,SIM-PREM-2027-01-07,owner_approved_simulation_range,true
SIM-2027-0028-01,SIM-2027-0028,2027-01-20,Online Store,C0022,New,P056,,,,not_created_hypothetical_release,Premium Controller - Simulated 2027 Release 01,PS5 DualSense,Premium,Premium controller,Not applicable,Not applicable,Not applicable,Not applicable,PS5 DualSense,1,475.00,475.00,USD,Not applicable,SIM-S000900,Desktop,Social,Facebook,PREM-2027-01,8,SIM-PREM-2027-01-08,owner_approved_simulation_range,true
SIM-2027-0029-01,SIM-2027-0029,2027-01-20,Online Store,C0020,Returning,P047,10313115336985,53147930755353,TR-ALC-HE-N-N,present_in_shopify,Build Your Own Controller Upgrades,Hall Effect / None / None,Upgrade,Individual upgrades,Not applicable,Hall Effect,None,None,Nintendo Switch Pro,1,42.99,42.99,USD,Mail-In Kit,SIM-S000907,Desktop,Search,Google,,,,verified_site_price,true
SIM-2027-0029-02,SIM-2027-0029,2027-01-20,Online Store,C0020,Returning,P055,10806653845785,53147452932377,,blank_in_shopify,TechRevive Service Add-Ons,Mail-In Kit,Mail-In Kit,Mail-In Kit,Not applicable,Not applicable,Not applicable,Not applicable,Not applicable,1,19.99,19.99,USD,Mail-In Kit,SIM-S000907,Desktop,Search,Google,,,,verified_site_price,true
SIM-2027-0030-01,SIM-2027-0030,2027-01-21,Online Store,C0022,Returning,P056,,,,not_created_hypothetical_release,Premium Controller - Simulated 2027 Release 01,PS5 DualSense,Premium,Premium controller,Not applicable,Not applicable,Not applicable,Not applicable,PS5 DualSense,1,475.00,475.00,USD,Not applicable,SIM-S000974,Desktop,Search,Google,PREM-2027-01,9,SIM-PREM-2027-01-09,owner_approved_simulation_range,true
SIM-2027-0031-01,SIM-2027-0031,2027-01-22,Online Store,C0016,Returning,P056,,,,not_created_hypothetical_release,Premium Controller - Simulated 2027 Release 01,PS5 DualSense,Premium,Premium controller,Not applicable,Not applicable,Not applicable,Not applicable,PS5 DualSense,1,475.00,475.00,USD,Not applicable,SIM-S001019,Desktop,Search,Google,PREM-2027-01,10,SIM-PREM-2027-01-10,owner_approved_simulation_range,true
SIM-2027-0032-01,SIM-2027-0032,2027-01-23,Online Store,C0020,Returning,P056,,,,not_created_hypothetical_release,Premium Controller - Simulated 2027 Release 01,PS5 DualSense,Premium,Premium controller,Not applicable,Not applicable,Not applicable,Not applicable,PS5 DualSense,1,475.00,475.00,USD,Not applicable,SIM-S001030,Mobile,Email,Email campaign,PREM-2027-01,11,SIM-PREM-2027-01-11,owner_approved_simulation_range,true
SIM-2027-0033-01,SIM-2027-0033,2027-01-24,Online Store,C0016,Returning,P016,10307923411225,53147929280793,TR-REPAIR-STANDARD-N-MCT,present_in_shopify,Mail-In Controller Repair Service,Standard / None / Mouse-Click Triggers,Repair,Repair service,Standard,None,Mouse-Click Triggers,None,PS5 DualSense,1,109.98,109.98,USD,Self ship,SIM-S001104,Mobile,Email,Email campaign,,,,verified_site_price,true
SIM-2027-0034-01,SIM-2027-0034,2027-01-25,Online Store,C0023,New,P023,10307923411225,53147929510169,TR-REPAIR-STANDARD-TMR-N,present_in_shopify,Mail-In Controller Repair Service,Standard / TMR / None,Repair,Repair service,Standard,TMR,None,None,Xbox Series X/S,1,91.98,91.98,USD,Self ship,SIM-S001167,Mobile,Direct,Direct,,,,verified_site_price,true
SIM-2027-0035-01,SIM-2027-0035,2027-01-26,Online Store,C0024,New,P056,,,,not_created_hypothetical_release,Premium Controller - Simulated 2027 Release 01,PS5 DualSense,Premium,Premium controller,Not applicable,Not applicable,Not applicable,Not applicable,PS5 DualSense,1,475.00,475.00,USD,Not applicable,SIM-S001185,Tablet,Search,Google,PREM-2027-01,12,SIM-PREM-2027-01-12,owner_approved_simulation_range,true
SIM-2027-0036-01,SIM-2027-0036,2027-01-26,Online Store,C0025,New,P056,,,,not_created_hypothetical_release,Premium Controller - Simulated 2027 Release 01,PS5 DualSense,Premium,Premium controller,Not applicable,Not applicable,Not applicable,Not applicable,PS5 DualSense,1,475.00,475.00,USD,Not applicable,SIM-S001241,Mobile,Search,Google,PREM-2027-01,13,SIM-PREM-2027-01-13,owner_approved_simulation_range,true
SIM-2027-0037-01,SIM-2027-0037,2027-01-27,Online Store,C0011,Returning,P056,,,,not_created_hypothetical_release,Premium Controller - Simulated 2027 Release 01,PS5 DualSense,Premium,Premium controller,Not applicable,Not applicable,Not applicable,Not applicable,PS5 DualSense,1,475.00,475.00,USD,Not applicable,SIM-S001278,Desktop,Email,Email campaign,PREM-2027-01,14,SIM-PREM-2027-01-14,owner_approved_simulation_range,true
SIM-2027-0038-01,SIM-2027-0038,2027-01-27,Online Store,C0026,New,P023,10307923411225,53147929510169,TR-REPAIR-STANDARD-TMR-N,present_in_shopify,Mail-In Controller Repair Service,Standard / TMR / None,Repair,Repair service,Standard,TMR,None,None,Nintendo Switch Pro,1,91.98,91.98,USD,Self ship,SIM-S001279,Tablet,Email,Email campaign,,,,verified_site_price,true
SIM-2027-0039-01,SIM-2027-0039,2027-01-27,Online Store,C0027,New,P007,10307923411225,53147928985881,TR-REPAIR-BASIC-HE-N,present_in_shopify,Mail-In Controller Repair Service,Basic / Hall Effect / None,Repair,Repair service,Basic,Hall Effect,None,None,PS5 DualSense,1,69.98,69.98,USD,Self ship,SIM-S001268,Desktop,Social,Instagram,,,,verified_site_price,true
SIM-2027-0040-01,SIM-2027-0040,2027-01-29,Online Store,C0028,New,P019,10307923411225,53147929379097,TR-REPAIR-STANDARD-HE-N,present_in_shopify,Mail-In Controller Repair Service,Standard / Hall Effect / None,Repair,Repair service,Standard,Hall Effect,None,None,PS5 DualSense,1,84.98,84.98,USD,Mail-In Kit,SIM-S001359,Desktop,Search,Google,,,,verified_site_price,true
SIM-2027-0040-02,SIM-2027-0040,2027-01-29,Online Store,C0028,New,P055,10806653845785,53147452932377,,blank_in_shopify,TechRevive Service Add-Ons,Mail-In Kit,Mail-In Kit,Mail-In Kit,Not applicable,Not applicable,Not applicable,Not applicable,Not applicable,1,19.99,19.99,USD,Mail-In Kit,SIM-S001359,Desktop,Search,Google,,,,verified_site_price,true
SIM-2027-0041-01,SIM-2027-0041,2027-01-29,Online Store,C0029,New,P056,,,,not_created_hypothetical_release,Premium Controller - Simulated 2027 Release 01,PS5 DualSense,Premium,Premium controller,Not applicable,Not applicable,Not applicable,Not applicable,PS5 DualSense,1,475.00,475.00,USD,Not applicable,SIM-S001364,Mobile,Direct,Direct,PREM-2027-01,15,SIM-PREM-2027-01-15,owner_approved_simulation_range,true
SIM-2027-0042-01,SIM-2027-0042,2027-01-29,Online Store,C0030,New,P045,10313115336985,53147930624281,TR-ALC-N-TRIG-N,present_in_shopify,Build Your Own Controller Upgrades,None / Triggers and Bumpers / None,Upgrade,Individual upgrades,Not applicable,None,Triggers and Bumpers,None,PS5 DualSense,1,69.99,69.99,USD,Self ship,SIM-S001332,Mobile,Search,Google,,,,verified_site_price,true
SIM-2027-0043-01,SIM-2027-0043,2027-01-29,Online Store,C0031,New,P041,10307762979097,52164166779161,TR-BUNDLE-AP,present_in_shopify,Performance Upgrade Bundles,APEX PREDATOR,Upgrade,Upgrade bundle,Not applicable,TMR,"Mouse-Click Triggers, Face Buttons and D-Pad",None,Xbox Series X/S,1,129.99,129.99,USD,Mail-In Kit,SIM-S001340,Desktop,Social,Facebook,,,,verified_site_price,true
SIM-2027-0043-02,SIM-2027-0043,2027-01-29,Online Store,C0031,New,P055,10806653845785,53147452932377,,blank_in_shopify,TechRevive Service Add-Ons,Mail-In Kit,Mail-In Kit,Mail-In Kit,Not applicable,Not applicable,Not applicable,Not applicable,Not applicable,1,19.99,19.99,USD,Mail-In Kit,SIM-S001340,Desktop,Social,Facebook,,,,verified_site_price,true
SIM-2027-0044-01,SIM-2027-0044,2027-01-31,Online Store,C0032,New,P019,10307923411225,53147929379097,TR-REPAIR-STANDARD-HE-N,present_in_shopify,Mail-In Controller Repair Service,Standard / Hall Effect / None,Repair,Repair service,Standard,Hall Effect,None,None,PS5 DualSense,1,84.98,84.98,USD,Self ship,SIM-S001418,Mobile,Email,Email campaign,,,,verified_site_price,true
SIM-2027-0045-01,SIM-2027-0045,2027-01-31,eBay,C0021,Returning,P051,10754952986905,52968922710297,PS5-GPR-001,present_in_shopify,Refurbished PS5 Galactic Purple Controller Hall Effect Joysticks,Default Title,Refurbished,Refurbished controller,Not applicable,Not applicable,Not applicable,Not applicable,PS5 DualSense,1,74.99,74.99,USD,Not applicable,,,,,,,SIM-REF-2027-008,verified_site_price,true
SIM-2027-0046-01,SIM-2027-0046,2027-02-03,Online Store,C0010,Returning,P023,10307923411225,53147929510169,TR-REPAIR-STANDARD-TMR-N,present_in_shopify,Mail-In Controller Repair Service,Standard / TMR / None,Repair,Repair service,Standard,TMR,None,None,Xbox Series X/S,1,91.98,91.98,USD,Mail-In Kit,SIM-S001554,Mobile,Direct,Direct,,,,verified_site_price,true
SIM-2027-0046-02,SIM-2027-0046,2027-02-03,Online Store,C0010,Returning,P055,10806653845785,53147452932377,,blank_in_shopify,TechRevive Service Add-Ons,Mail-In Kit,Mail-In Kit,Mail-In Kit,Not applicable,Not applicable,Not applicable,Not applicable,Not applicable,1,19.99,19.99,USD,Mail-In Kit,SIM-S001554,Mobile,Direct,Direct,,,,verified_site_price,true
SIM-2027-0047-01,SIM-2027-0047,2027-02-04,Online Store,C0033,New,P049,10313115336985,53147931017497,TR-ALC-TMR-N-N,present_in_shopify,Build Your Own Controller Upgrades,TMR / None / None,Upgrade,Individual upgrades,Not applicable,TMR,None,None,Xbox Series X/S,1,49.99,49.99,USD,Self ship,SIM-S001601,Mobile,Direct,Direct,,,,verified_site_price,true
SIM-2027-0048-01,SIM-2027-0048,2027-02-05,Online Store,C0025,Returning,P023,10307923411225,53147929510169,TR-REPAIR-STANDARD-TMR-N,present_in_shopify,Mail-In Controller Repair Service,Standard / TMR / None,Repair,Repair service,Standard,TMR,None,None,Xbox Series X/S,1,91.98,91.98,USD,Mail-In Kit,SIM-S001624,Desktop,Direct,Direct,,,,verified_site_price,true
SIM-2027-0048-02,SIM-2027-0048,2027-02-05,Online Store,C0025,Returning,P055,10806653845785,53147452932377,,blank_in_shopify,TechRevive Service Add-Ons,Mail-In Kit,Mail-In Kit,Mail-In Kit,Not applicable,Not applicable,Not applicable,Not applicable,Not applicable,1,19.99,19.99,USD,Mail-In Kit,SIM-S001624,Desktop,Direct,Direct,,,,verified_site_price,true
SIM-2027-0049-01,SIM-2027-0049,2027-02-06,Online Store,C0034,New,P023,10307923411225,53147929510169,TR-REPAIR-STANDARD-TMR-N,present_in_shopify,Mail-In Controller Repair Service,Standard / TMR / None,Repair,Repair service,Standard,TMR,None,None,Xbox Series X/S,1,91.98,91.98,USD,Self ship,SIM-S001666,Desktop,Direct,Direct,,,,verified_site_price,true
SIM-2027-0050-01,SIM-2027-0050,2027-02-07,Online Store,C0011,Returning,P041,10307762979097,52164166779161,TR-BUNDLE-AP,present_in_shopify,Performance Upgrade Bundles,APEX PREDATOR,Upgrade,Upgrade bundle,Not applicable,TMR,"Mouse-Click Triggers, Face Buttons and D-Pad",None,PS5 DualSense,1,129.99,129.99,USD,Mail-In Kit,SIM-S001728,Mobile,Social,Facebook,,,,verified_site_price,true
SIM-2027-0050-02,SIM-2027-0050,2027-02-07,Online Store,C0011,Returning,P055,10806653845785,53147452932377,,blank_in_shopify,TechRevive Service Add-Ons,Mail-In Kit,Mail-In Kit,Mail-In Kit,Not applicable,Not applicable,Not applicable,Not applicable,Not applicable,1,19.99,19.99,USD,Mail-In Kit,SIM-S001728,Mobile,Social,Facebook,,,,verified_site_price,true
SIM-2027-0051-01,SIM-2027-0051,2027-02-10,eBay,C0019,Returning,P052,10754953019673,52968922743065,PS5-WHT-HE-004,present_in_shopify,Refurbished PS5 Glacier White Controller Hall Effect Joysticks,Default Title,Refurbished,Refurbished controller,Not applicable,Not applicable,Not applicable,Not applicable,PS5 DualSense,1,69.99,69.99,USD,Not applicable,,,,,,,SIM-REF-2027-009,verified_site_price,true
SIM-2027-0052-01,SIM-2027-0052,2027-02-12,Online Store,C0035,New,P049,10313115336985,53147931017497,TR-ALC-TMR-N-N,present_in_shopify,Build Your Own Controller Upgrades,TMR / None / None,Upgrade,Individual upgrades,Not applicable,TMR,None,None,PS5 DualSense,1,49.99,49.99,USD,Mail-In Kit,SIM-S001931,Desktop,Direct,Direct,,,,verified_site_price,true
SIM-2027-0052-02,SIM-2027-0052,2027-02-12,Online Store,C0035,New,P055,10806653845785,53147452932377,,blank_in_shopify,TechRevive Service Add-Ons,Mail-In Kit,Mail-In Kit,Mail-In Kit,Not applicable,Not applicable,Not applicable,Not applicable,Not applicable,1,19.99,19.99,USD,Mail-In Kit,SIM-S001931,Desktop,Direct,Direct,,,,verified_site_price,true
SIM-2027-0053-01,SIM-2027-0053,2027-02-14,Online Store,C0036,New,P039,10307923411225,53147930034457,TR-REPAIR-FTR-JCP,present_in_shopify,Mail-In Controller Repair Service,Full Tech Revival / Joy-Con Pair / None,Repair,Repair service,Full Tech Revival,None,None,None,Nintendo Switch Joy-Con Pair,1,134.98,134.98,USD,Self ship,SIM-S002029,Mobile,Social,Facebook,,,,verified_site_price,true
SIM-2027-0054-01,SIM-2027-0054,2027-02-15,eBay,C0030,Returning,P051,10754952986905,52968922710297,PS5-GPR-001,present_in_shopify,Refurbished PS5 Galactic Purple Controller Hall Effect Joysticks,Default Title,Refurbished,Refurbished controller,Not applicable,Not applicable,Not applicable,Not applicable,PS5 DualSense,1,74.99,74.99,USD,Not applicable,,,,,,,SIM-REF-2027-010,verified_site_price,true
SIM-2027-0055-01,SIM-2027-0055,2027-02-17,Online Store,C0037,New,P023,10307923411225,53147929510169,TR-REPAIR-STANDARD-TMR-N,present_in_shopify,Mail-In Controller Repair Service,Standard / TMR / None,Repair,Repair service,Standard,TMR,None,None,PS5 DualSense,1,91.98,91.98,USD,Self ship,SIM-S002133,Mobile,Direct,Direct,,,,verified_site_price,true
SIM-2027-0056-01,SIM-2027-0056,2027-02-18,Online Store,C0038,New,P047,10313115336985,53147930755353,TR-ALC-HE-N-N,present_in_shopify,Build Your Own Controller Upgrades,Hall Effect / None / None,Upgrade,Individual upgrades,Not applicable,Hall Effect,None,None,Xbox Series X/S,1,42.99,42.99,USD,Self ship,SIM-S002176,Mobile,Direct,Direct,,,,verified_site_price,true
SIM-2027-0057-01,SIM-2027-0057,2027-02-20,Online Store,C0018,Returning,P023,10307923411225,53147929510169,TR-REPAIR-STANDARD-TMR-N,present_in_shopify,Mail-In Controller Repair Service,Standard / TMR / None,Repair,Repair service,Standard,TMR,None,None,PS5 DualSense,1,91.98,91.98,USD,Mail-In Kit,SIM-S002239,Mobile,Search,Google,,,,verified_site_price,true
SIM-2027-0057-02,SIM-2027-0057,2027-02-20,Online Store,C0018,Returning,P055,10806653845785,53147452932377,,blank_in_shopify,TechRevive Service Add-Ons,Mail-In Kit,Mail-In Kit,Mail-In Kit,Not applicable,Not applicable,Not applicable,Not applicable,Not applicable,1,19.99,19.99,USD,Mail-In Kit,SIM-S002239,Mobile,Search,Google,,,,verified_site_price,true
SIM-2027-0058-01,SIM-2027-0058,2027-02-22,Online Store,C0039,New,P011,10307923411225,53147929116953,TR-REPAIR-BASIC-TMR-N,present_in_shopify,Mail-In Controller Repair Service,Basic / TMR / None,Repair,Repair service,Basic,TMR,None,None,PS5 DualSense,1,76.98,76.98,USD,Mail-In Kit,SIM-S002336,Mobile,Search,Google,,,,verified_site_price,true
SIM-2027-0058-02,SIM-2027-0058,2027-02-22,Online Store,C0039,New,P055,10806653845785,53147452932377,,blank_in_shopify,TechRevive Service Add-Ons,Mail-In Kit,Mail-In Kit,Mail-In Kit,Not applicable,Not applicable,Not applicable,Not applicable,Not applicable,1,19.99,19.99,USD,Mail-In Kit,SIM-S002336,Mobile,Search,Google,,,,verified_site_price,true
SIM-2027-0059-01,SIM-2027-0059,2027-02-23,Online Store,C0040,New,P001,10307923411225,52164748312857,TR-REPAIR-BASIC,present_in_shopify,Mail-In Controller Repair Service,Basic / None / None,Repair,Repair service,Basic,None,None,None,PS5 DualSense,1,29.99,29.99,USD,Self ship,SIM-S002376,Mobile,Social,Instagram,,,,verified_site_price,true
SIM-2027-0060-01,SIM-2027-0060,2027-02-23,Online Store,C0041,New,P042,10307762979097,52164166811929,TR-BUNDLE-PZ,present_in_shopify,Performance Upgrade Bundles,PATIENT ZERO,Upgrade,Upgrade bundle,Not applicable,TMR,"Mouse-Click Triggers, Face Buttons and D-Pad",Four Rear Inputs,PS5 DualSense,1,189.99,189.99,USD,Self ship,SIM-S002367,Mobile,Search,Google,,,,verified_site_price,true
SIM-2027-0061-01,SIM-2027-0061,2027-02-25,Online Store,C0011,Returning,P039,10307923411225,53147930034457,TR-REPAIR-FTR-JCP,present_in_shopify,Mail-In Controller Repair Service,Full Tech Revival / Joy-Con Pair / None,Repair,Repair service,Full Tech Revival,None,None,None,Nintendo Switch Joy-Con Pair,1,134.98,134.98,USD,Mail-In Kit,SIM-S002439,Desktop,Search,Google,,,,verified_site_price,true
SIM-2027-0061-02,SIM-2027-0061,2027-02-25,Online Store,C0011,Returning,P055,10806653845785,53147452932377,,blank_in_shopify,TechRevive Service Add-Ons,Mail-In Kit,Mail-In Kit,Mail-In Kit,Not applicable,Not applicable,Not applicable,Not applicable,Not applicable,1,19.99,19.99,USD,Mail-In Kit,SIM-S002439,Desktop,Search,Google,,,,verified_site_price,true
SIM-2027-0062-01,SIM-2027-0062,2027-02-25,Online Store,C0042,New,P041,10307762979097,52164166779161,TR-BUNDLE-AP,present_in_shopify,Performance Upgrade Bundles,APEX PREDATOR,Upgrade,Upgrade bundle,Not applicable,TMR,"Mouse-Click Triggers, Face Buttons and D-Pad",None,Nintendo Switch Pro,1,129.99,129.99,USD,Mail-In Kit,SIM-S002447,Mobile,Search,Google,,,,verified_site_price,true
SIM-2027-0062-02,SIM-2027-0062,2027-02-25,Online Store,C0042,New,P055,10806653845785,53147452932377,,blank_in_shopify,TechRevive Service Add-Ons,Mail-In Kit,Mail-In Kit,Mail-In Kit,Not applicable,Not applicable,Not applicable,Not applicable,Not applicable,1,19.99,19.99,USD,Mail-In Kit,SIM-S002447,Mobile,Search,Google,,,,verified_site_price,true
SIM-2027-0063-01,SIM-2027-0063,2027-02-25,Online Store,C0043,New,P023,10307923411225,53147929510169,TR-REPAIR-STANDARD-TMR-N,present_in_shopify,Mail-In Controller Repair Service,Standard / TMR / None,Repair,Repair service,Standard,TMR,None,None,Xbox Series X/S,1,91.98,91.98,USD,Mail-In Kit,SIM-S002432,Mobile,Direct,Direct,,,,verified_site_price,true
SIM-2027-0063-02,SIM-2027-0063,2027-02-25,Online Store,C0043,New,P055,10806653845785,53147452932377,,blank_in_shopify,TechRevive Service Add-Ons,Mail-In Kit,Mail-In Kit,Mail-In Kit,Not applicable,Not applicable,Not applicable,Not applicable,Not applicable,1,19.99,19.99,USD,Mail-In Kit,SIM-S002432,Mobile,Direct,Direct,,,,verified_site_price,true
SIM-2027-0064-01,SIM-2027-0064,2027-02-26,eBay,C0044,New,P053,10754953085209,52968922808601,PS5-CMO-002,present_in_shopify,Refurbished PS5 Gray Camouflage Controller,Default Title,Refurbished,Refurbished controller,Not applicable,Not applicable,Not applicable,Not applicable,PS5 DualSense,1,59.99,59.99,USD,Not applicable,,,,,,,SIM-REF-2027-011,verified_site_price,true
SIM-2027-0065-01,SIM-2027-0065,2027-02-26,Online Store,C0045,New,P047,10313115336985,53147930755353,TR-ALC-HE-N-N,present_in_shopify,Build Your Own Controller Upgrades,Hall Effect / None / None,Upgrade,Individual upgrades,Not applicable,Hall Effect,None,None,PS5 DualSense,1,42.99,42.99,USD,Self ship,SIM-S002484,Mobile,Social,Instagram,,,,verified_site_price,true
SIM-2027-0066-01,SIM-2027-0066,2027-02-27,eBay,C0046,New,P064,10754953052441,52968922775833,PS5-WHT-HE-001,present_in_shopify,Refurbished PS5 Glacier White Controller Hall Effect Joysticks,Default Title,Refurbished,Refurbished controller,Not applicable,Not applicable,Not applicable,Not applicable,PS5 DualSense,1,69.99,69.99,USD,Not applicable,,,,,,,SIM-REF-2027-012,verified_site_price,true
SIM-2027-0067-01,SIM-2027-0067,2027-02-27,eBay,C0034,Returning,P051,10754952986905,52968922710297,PS5-GPR-001,present_in_shopify,Refurbished PS5 Galactic Purple Controller Hall Effect Joysticks,Default Title,Refurbished,Refurbished controller,Not applicable,Not applicable,Not applicable,Not applicable,PS5 DualSense,1,74.99,74.99,USD,Not applicable,,,,,,,SIM-REF-2027-013,verified_site_price,true
SIM-2027-0068-01,SIM-2027-0068,2027-02-28,Online Store,C0047,New,P041,10307762979097,52164166779161,TR-BUNDLE-AP,present_in_shopify,Performance Upgrade Bundles,APEX PREDATOR,Upgrade,Upgrade bundle,Not applicable,TMR,"Mouse-Click Triggers, Face Buttons and D-Pad",None,Xbox Series X/S,1,129.99,129.99,USD,Self ship,SIM-S002523,Desktop,Social,Instagram,,,,verified_site_price,true
SIM-2027-0069-01,SIM-2027-0069,2027-03-02,Online Store,C0048,New,P015,10307923411225,53147929248025,TR-REPAIR-BASIC-JCP,present_in_shopify,Mail-In Controller Repair Service,Basic / Joy-Con Pair / None,Repair,Repair service,Basic,None,None,None,Nintendo Switch Joy-Con Pair,1,53.98,53.98,USD,Mail-In Kit,SIM-S002638,Mobile,Email,Email campaign,,,,verified_site_price,true
SIM-2027-0069-02,SIM-2027-0069,2027-03-02,Online Store,C0048,New,P055,10806653845785,53147452932377,,blank_in_shopify,TechRevive Service Add-Ons,Mail-In Kit,Mail-In Kit,Mail-In Kit,Not applicable,Not applicable,Not applicable,Not applicable,Not applicable,1,19.99,19.99,USD,Mail-In Kit,SIM-S002638,Mobile,Email,Email campaign,,,,verified_site_price,true
SIM-2027-0070-01,SIM-2027-0070,2027-03-04,Online Store,C0049,New,P057,,,,not_created_hypothetical_release,Premium Controller - Simulated 2027 Release 02,PS5 DualSense,Premium,Premium controller,Not applicable,Not applicable,Not applicable,Not applicable,PS5 DualSense,1,350.00,350.00,USD,Not applicable,SIM-S002741,Mobile,Social,Instagram,PREM-2027-02,1,SIM-PREM-2027-02-01,owner_approved_simulation_range,true
SIM-2027-0071-01,SIM-2027-0071,2027-03-05,eBay,C0021,Returning,P054,10754955936025,52968936898841,PS5-WHT-HE-003,present_in_shopify,Refurbished PS5 Glacier White Controller Hall Effect Joysticks,Default Title,Refurbished,Refurbished controller,Not applicable,Not applicable,Not applicable,Not applicable,PS5 DualSense,1,74.99,74.99,USD,Not applicable,,,,,,,SIM-REF-2027-014,verified_site_price,true
SIM-2027-0072-01,SIM-2027-0072,2027-03-07,Online Store,C0050,New,P019,10307923411225,53147929379097,TR-REPAIR-STANDARD-HE-N,present_in_shopify,Mail-In Controller Repair Service,Standard / Hall Effect / None,Repair,Repair service,Standard,Hall Effect,None,None,PS5 DualSense,1,84.98,84.98,USD,Self ship,SIM-S002840,Desktop,Direct,Direct,,,,verified_site_price,true
SIM-2027-0073-01,SIM-2027-0073,2027-03-07,Online Store,C0051,New,P024,10307923411225,53147929542937,TR-REPAIR-STANDARD-TMR-MCT,present_in_shopify,Mail-In Controller Repair Service,Standard / TMR / Mouse-Click Triggers,Repair,Repair service,Standard,TMR,Mouse-Click Triggers,None,PS5 DualSense,1,156.97,156.97,USD,Self ship,SIM-S002839,Desktop,Direct,Direct,,,,verified_site_price,true
SIM-2027-0074-01,SIM-2027-0074,2027-03-08,Online Store,C0052,New,P053,10754953085209,52968922808601,PS5-CMO-002,present_in_shopify,Refurbished PS5 Gray Camouflage Controller,Default Title,Refurbished,Refurbished controller,Not applicable,Not applicable,Not applicable,Not applicable,PS5 DualSense,1,59.99,59.99,USD,Not applicable,SIM-S002899,Mobile,Search,Google,,,SIM-REF-2027-015,verified_site_price,true
SIM-2027-0075-01,SIM-2027-0075,2027-03-08,Online Store,C0053,New,P057,,,,not_created_hypothetical_release,Premium Controller - Simulated 2027 Release 02,PS5 DualSense,Premium,Premium controller,Not applicable,Not applicable,Not applicable,Not applicable,PS5 DualSense,1,350.00,350.00,USD,Not applicable,SIM-S002894,Mobile,Direct,Direct,PREM-2027-02,2,SIM-PREM-2027-02-02,owner_approved_simulation_range,true
SIM-2027-0076-01,SIM-2027-0076,2027-03-09,Online Store,C0038,Returning,P002,10307923411225,52164748345625,TR-REPAIR-STANDARD,present_in_shopify,Mail-In Controller Repair Service,Standard / None / None,Repair,Repair service,Standard,None,None,None,PS5 DualSense,1,44.99,44.99,USD,Self ship,SIM-S002950,Mobile,Email,Email campaign,,,,verified_site_price,true
SIM-2027-0077-01,SIM-2027-0077,2027-03-09,Online Store,C0036,Returning,P041,10307762979097,52164166779161,TR-BUNDLE-AP,present_in_shopify,Performance Upgrade Bundles,APEX PREDATOR,Upgrade,Upgrade bundle,Not applicable,TMR,"Mouse-Click Triggers, Face Buttons and D-Pad",None,PS5 DualSense,1,129.99,129.99,USD,Self ship,SIM-S002939,Mobile,Social,Facebook,,,,verified_site_price,true
SIM-2027-0078-01,SIM-2027-0078,2027-03-10,Online Store,C0042,Returning,P057,,,,not_created_hypothetical_release,Premium Controller - Simulated 2027 Release 02,PS5 DualSense,Premium,Premium controller,Not applicable,Not applicable,Not applicable,Not applicable,PS5 DualSense,1,350.00,350.00,USD,Not applicable,SIM-S002990,Mobile,Search,Google,PREM-2027-02,3,SIM-PREM-2027-02-03,owner_approved_simulation_range,true
SIM-2027-0079-01,SIM-2027-0079,2027-03-10,Online Store,C0054,New,P057,,,,not_created_hypothetical_release,Premium Controller - Simulated 2027 Release 02,PS5 DualSense,Premium,Premium controller,Not applicable,Not applicable,Not applicable,Not applicable,PS5 DualSense,1,350.00,350.00,USD,Not applicable,SIM-S002993,Tablet,Search,Google,PREM-2027-02,4,SIM-PREM-2027-02-04,owner_approved_simulation_range,true
SIM-2027-0080-01,SIM-2027-0080,2027-03-11,Online Store,C0055,New,P057,,,,not_created_hypothetical_release,Premium Controller - Simulated 2027 Release 02,PS5 DualSense,Premium,Premium controller,Not applicable,Not applicable,Not applicable,Not applicable,PS5 DualSense,1,350.00,350.00,USD,Not applicable,SIM-S003044,Mobile,Direct,Direct,PREM-2027-02,5,SIM-PREM-2027-02-05,owner_approved_simulation_range,true
SIM-2027-0081-01,SIM-2027-0081,2027-03-11,Online Store,C0056,New,P011,10307923411225,53147929116953,TR-REPAIR-BASIC-TMR-N,present_in_shopify,Mail-In Controller Repair Service,Basic / TMR / None,Repair,Repair service,Basic,TMR,None,None,Xbox Series X/S,1,76.98,76.98,USD,Self ship,SIM-S003033,Desktop,Search,Google,,,,verified_site_price,true
SIM-2027-0082-01,SIM-2027-0082,2027-03-13,Online Store,C0057,New,P027,10307923411225,53147929641241,TR-REPAIR-STANDARD-JCP,present_in_shopify,Mail-In Controller Repair Service,Standard / Joy-Con Pair / None,Repair,Repair service,Standard,None,None,None,Nintendo Switch Joy-Con Pair,1,80.98,80.98,USD,Mail-In Kit,SIM-S003139,Desktop,Search,Google,,,,verified_site_price,true
SIM-2027-0082-02,SIM-2027-0082,2027-03-13,Online Store,C0057,New,P055,10806653845785,53147452932377,,blank_in_shopify,TechRevive Service Add-Ons,Mail-In Kit,Mail-In Kit,Mail-In Kit,Not applicable,Not applicable,Not applicable,Not applicable,Not applicable,1,19.99,19.99,USD,Mail-In Kit,SIM-S003139,Desktop,Search,Google,,,,verified_site_price,true
SIM-2027-0083-01,SIM-2027-0083,2027-03-14,Online Store,C0030,Returning,P049,10313115336985,53147931017497,TR-ALC-TMR-N-N,present_in_shopify,Build Your Own Controller Upgrades,TMR / None / None,Upgrade,Individual upgrades,Not applicable,TMR,None,None,PS5 DualSense,1,49.99,49.99,USD,Self ship,SIM-S003198,Mobile,Search,Google,,,,verified_site_price,true
SIM-2027-0084-01,SIM-2027-0084,2027-03-15,Online Store,C0058,New,P057,,,,not_created_hypothetical_release,Premium Controller - Simulated 2027 Release 02,PS5 DualSense,Premium,Premium controller,Not applicable,Not applicable,Not applicable,Not applicable,PS5 DualSense,1,350.00,350.00,USD,Not applicable,SIM-S003274,Desktop,Social,Instagram,PREM-2027-02,6,SIM-PREM-2027-02-06,owner_approved_simulation_range,true
SIM-2027-0085-01,SIM-2027-0085,2027-03-17,Online Store,C0032,Returning,P023,10307923411225,53147929510169,TR-REPAIR-STANDARD-TMR-N,present_in_shopify,Mail-In Controller Repair Service,Standard / TMR / None,Repair,Repair service,Standard,TMR,None,None,PS5 DualSense,1,91.98,91.98,USD,Mail-In Kit,SIM-S003330,Mobile,Search,Google,,,,verified_site_price,true
SIM-2027-0085-02,SIM-2027-0085,2027-03-17,Online Store,C0032,Returning,P055,10806653845785,53147452932377,,blank_in_shopify,TechRevive Service Add-Ons,Mail-In Kit,Mail-In Kit,Mail-In Kit,Not applicable,Not applicable,Not applicable,Not applicable,Not applicable,1,19.99,19.99,USD,Mail-In Kit,SIM-S003330,Mobile,Search,Google,,,,verified_site_price,true
SIM-2027-0086-01,SIM-2027-0086,2027-03-18,Online Store,C0059,New,P003,10307923411225,52164748378393,TR-REPAIR-FTR,present_in_shopify,Mail-In Controller Repair Service,Full Tech Revival / None / None,Repair,Repair service,Full Tech Revival,None,None,None,Xbox Series X/S,1,74.99,74.99,USD,Mail-In Kit,SIM-S003406,Mobile,Direct,Direct,,,,verified_site_price,true
SIM-2027-0086-02,SIM-2027-0086,2027-03-18,Online Store,C0059,New,P055,10806653845785,53147452932377,,blank_in_shopify,TechRevive Service Add-Ons,Mail-In Kit,Mail-In Kit,Mail-In Kit,Not applicable,Not applicable,Not applicable,Not applicable,Not applicable,1,19.99,19.99,USD,Mail-In Kit,SIM-S003406,Mobile,Direct,Direct,,,,verified_site_price,true
SIM-2027-0087-01,SIM-2027-0087,2027-03-18,Online Store,C0058,Returning,P035,10307923411225,53147929903385,TR-REPAIR-FTR-TMR-N,present_in_shopify,Mail-In Controller Repair Service,Full Tech Revival / TMR / None,Repair,Repair service,Full Tech Revival,TMR,None,None,Xbox Series X/S,1,121.98,121.98,USD,Mail-In Kit,SIM-S003372,Mobile,Search,Google,,,,verified_site_price,true
SIM-2027-0087-02,SIM-2027-0087,2027-03-18,Online Store,C0058,Returning,P055,10806653845785,53147452932377,,blank_in_shopify,TechRevive Service Add-Ons,Mail-In Kit,Mail-In Kit,Mail-In Kit,Not applicable,Not applicable,Not applicable,Not applicable,Not applicable,1,19.99,19.99,USD,Mail-In Kit,SIM-S003372,Mobile,Search,Google,,,,verified_site_price,true
SIM-2027-0088-01,SIM-2027-0088,2027-03-19,Online Store,C0060,New,P049,10313115336985,53147931017497,TR-ALC-TMR-N-N,present_in_shopify,Build Your Own Controller Upgrades,TMR / None / None,Upgrade,Individual upgrades,Not applicable,TMR,None,None,Nintendo Switch Pro,1,49.99,49.99,USD,Mail-In Kit,SIM-S003438,Mobile,Search,Google,,,,verified_site_price,true
SIM-2027-0088-02,SIM-2027-0088,2027-03-19,Online Store,C0060,New,P055,10806653845785,53147452932377,,blank_in_shopify,TechRevive Service Add-Ons,Mail-In Kit,Mail-In Kit,Mail-In Kit,Not applicable,Not applicable,Not applicable,Not applicable,Not applicable,1,19.99,19.99,USD,Mail-In Kit,SIM-S003438,Mobile,Search,Google,,,,verified_site_price,true
SIM-2027-0089-01,SIM-2027-0089,2027-03-19,Online Store,C0061,New,P050,10313115336985,53147931246873,TR-ALC-TMR-FULL-4RI,present_in_shopify,Build Your Own Controller Upgrades,TMR / Complete Control Set / Four Rear Inputs,Upgrade,Individual upgrades,Not applicable,TMR,Complete Control Set,Four Rear Inputs,PS5 DualSense,1,244.97,244.97,USD,Self ship,SIM-S003431,Mobile,Search,Google,,,,verified_site_price,true
SIM-2027-0090-01,SIM-2027-0090,2027-03-20,Online Store,C0047,Returning,P057,,,,not_created_hypothetical_release,Premium Controller - Simulated 2027 Release 02,PS5 DualSense,Premium,Premium controller,Not applicable,Not applicable,Not applicable,Not applicable,PS5 DualSense,1,350.00,350.00,USD,Not applicable,SIM-S003453,Desktop,Search,Google,PREM-2027-02,7,SIM-PREM-2027-02-07,owner_approved_simulation_range,true
SIM-2027-0091-01,SIM-2027-0091,2027-03-20,Online Store,C0062,New,P057,,,,not_created_hypothetical_release,Premium Controller - Simulated 2027 Release 02,PS5 DualSense,Premium,Premium controller,Not applicable,Not applicable,Not applicable,Not applicable,PS5 DualSense,1,350.00,350.00,USD,Not applicable,SIM-S003474,Mobile,Direct,Direct,PREM-2027-02,8,SIM-PREM-2027-02-08,owner_approved_simulation_range,true
SIM-2027-0092-01,SIM-2027-0092,2027-03-20,Online Store,C0063,New,P057,,,,not_created_hypothetical_release,Premium Controller - Simulated 2027 Release 02,PS5 DualSense,Premium,Premium controller,Not applicable,Not applicable,Not applicable,Not applicable,PS5 DualSense,1,350.00,350.00,USD,Not applicable,SIM-S003458,Desktop,Search,Google,PREM-2027-02,9,SIM-PREM-2027-02-09,owner_approved_simulation_range,true
SIM-2027-0093-01,SIM-2027-0093,2027-03-22,Online Store,C0043,Returning,P057,,,,not_created_hypothetical_release,Premium Controller - Simulated 2027 Release 02,PS5 DualSense,Premium,Premium controller,Not applicable,Not applicable,Not applicable,Not applicable,PS5 DualSense,1,350.00,350.00,USD,Not applicable,SIM-S003536,Desktop,Email,Email campaign,PREM-2027-02,10,SIM-PREM-2027-02-10,owner_approved_simulation_range,true
SIM-2027-0094-01,SIM-2027-0094,2027-03-24,Online Store,C0064,New,P023,10307923411225,53147929510169,TR-REPAIR-STANDARD-TMR-N,present_in_shopify,Mail-In Controller Repair Service,Standard / TMR / None,Repair,Repair service,Standard,TMR,None,None,Xbox Series X/S,1,91.98,91.98,USD,Self ship,SIM-S003646,Mobile,Direct,Direct,,,,verified_site_price,true
SIM-2027-0095-01,SIM-2027-0095,2027-03-25,Online Store,C0065,New,P057,,,,not_created_hypothetical_release,Premium Controller - Simulated 2027 Release 02,PS5 DualSense,Premium,Premium controller,Not applicable,Not applicable,Not applicable,Not applicable,PS5 DualSense,1,350.00,350.00,USD,Not applicable,SIM-S003656,Desktop,Social,Instagram,PREM-2027-02,11,SIM-PREM-2027-02-11,owner_approved_simulation_range,true
SIM-2027-0096-01,SIM-2027-0096,2027-03-26,Online Store,C0044,Returning,P023,10307923411225,53147929510169,TR-REPAIR-STANDARD-TMR-N,present_in_shopify,Mail-In Controller Repair Service,Standard / TMR / None,Repair,Repair service,Standard,TMR,None,None,Xbox Series X/S,1,91.98,91.98,USD,Self ship,SIM-S003720,Desktop,Social,Instagram,,,,verified_site_price,true
SIM-2027-0097-01,SIM-2027-0097,2027-03-27,Online Store,C0066,New,P039,10307923411225,53147930034457,TR-REPAIR-FTR-JCP,present_in_shopify,Mail-In Controller Repair Service,Full Tech Revival / Joy-Con Pair / None,Repair,Repair service,Full Tech Revival,None,None,None,Nintendo Switch Joy-Con Pair,1,134.98,134.98,USD,Self ship,SIM-S003753,Mobile,Direct,Direct,,,,verified_site_price,true
SIM-2027-0098-01,SIM-2027-0098,2027-03-29,Online Store,C0057,Returning,P057,,,,not_created_hypothetical_release,Premium Controller - Simulated 2027 Release 02,PS5 DualSense,Premium,Premium controller,Not applicable,Not applicable,Not applicable,Not applicable,PS5 DualSense,1,350.00,350.00,USD,Not applicable,SIM-S003860,Mobile,Direct,Direct,PREM-2027-02,12,SIM-PREM-2027-02-12,owner_approved_simulation_range,true
SIM-2027-0099-01,SIM-2027-0099,2027-03-29,Online Store,C0067,New,P057,,,,not_created_hypothetical_release,Premium Controller - Simulated 2027 Release 02,PS5 DualSense,Premium,Premium controller,Not applicable,Not applicable,Not applicable,Not applicable,PS5 DualSense,1,350.00,350.00,USD,Not applicable,SIM-S003840,Mobile,Direct,Direct,PREM-2027-02,13,SIM-PREM-2027-02-13,owner_approved_simulation_range,true
SIM-2027-0100-01,SIM-2027-0100,2027-03-30,Online Store,C0011,Returning,P057,,,,not_created_hypothetical_release,Premium Controller - Simulated 2027 Release 02,PS5 DualSense,Premium,Premium controller,Not applicable,Not applicable,Not applicable,Not applicable,PS5 DualSense,1,350.00,350.00,USD,Not applicable,SIM-S003884,Mobile,Direct,Direct,PREM-2027-02,14,SIM-PREM-2027-02-14,owner_approved_simulation_range,true
SIM-2027-0101-01,SIM-2027-0101,2027-03-30,Online Store,C0043,Returning,P041,10307762979097,52164166779161,TR-BUNDLE-AP,present_in_shopify,Performance Upgrade Bundles,APEX PREDATOR,Upgrade,Upgrade bundle,Not applicable,TMR,"Mouse-Click Triggers, Face Buttons and D-Pad",None,Xbox Series X/S,1,129.99,129.99,USD,Self ship,SIM-S003909,Desktop,Direct,Direct,,,,verified_site_price,true
SIM-2027-0102-01,SIM-2027-0102,2027-03-30,Online Store,C0068,New,P050,10313115336985,53147931246873,TR-ALC-TMR-FULL-4RI,present_in_shopify,Build Your Own Controller Upgrades,TMR / Complete Control Set / Four Rear Inputs,Upgrade,Individual upgrades,Not applicable,TMR,Complete Control Set,Four Rear Inputs,PS5 DualSense,1,244.97,244.97,USD,Self ship,SIM-S003894,Mobile,Direct,Direct,,,,verified_site_price,true
SIM-2027-0103-01,SIM-2027-0103,2027-03-31,Online Store,C0069,New,P042,10307762979097,52164166811929,TR-BUNDLE-PZ,present_in_shopify,Performance Upgrade Bundles,PATIENT ZERO,Upgrade,Upgrade bundle,Not applicable,TMR,"Mouse-Click Triggers, Face Buttons and D-Pad",Four Rear Inputs,PS5 DualSense,1,189.99,189.99,USD,Self ship,SIM-S003938,Mobile,Social,Facebook,,,,verified_site_price,true
SIM-2027-0104-01,SIM-2027-0104,2027-03-31,Online Store,C0069,Returning,P057,,,,not_created_hypothetical_release,Premium Controller - Simulated 2027 Release 02,PS5 DualSense,Premium,Premium controller,Not applicable,Not applicable,Not applicable,Not applicable,PS5 DualSense,1,350.00,350.00,USD,Not applicable,SIM-S003922,Desktop,Direct,Direct,PREM-2027-02,15,SIM-PREM-2027-02-15,owner_approved_simulation_range,true
SIM-2027-0105-01,SIM-2027-0105,2027-04-01,Online Store,C0070,New,P035,10307923411225,53147929903385,TR-REPAIR-FTR-TMR-N,present_in_shopify,Mail-In Controller Repair Service,Full Tech Revival / TMR / None,Repair,Repair service,Full Tech Revival,TMR,None,None,PS5 DualSense,1,121.98,121.98,USD,Self ship,SIM-S003962,Desktop,Email,Email campaign,,,,verified_site_price,true
SIM-2027-0106-01,SIM-2027-0106,2027-04-05,Online Store,C0071,New,P015,10307923411225,53147929248025,TR-REPAIR-BASIC-JCP,present_in_shopify,Mail-In Controller Repair Service,Basic / Joy-Con Pair / None,Repair,Repair service,Basic,None,None,None,Nintendo Switch Joy-Con Pair,1,53.98,53.98,USD,Mail-In Kit,SIM-S004165,Desktop,Direct,Direct,,,,verified_site_price,true
SIM-2027-0106-02,SIM-2027-0106,2027-04-05,Online Store,C0071,New,P055,10806653845785,53147452932377,,blank_in_shopify,TechRevive Service Add-Ons,Mail-In Kit,Mail-In Kit,Mail-In Kit,Not applicable,Not applicable,Not applicable,Not applicable,Not applicable,1,19.99,19.99,USD,Mail-In Kit,SIM-S004165,Desktop,Direct,Direct,,,,verified_site_price,true
SIM-2027-0107-01,SIM-2027-0107,2027-04-05,Online Store,C0072,New,P047,10313115336985,53147930755353,TR-ALC-HE-N-N,present_in_shopify,Build Your Own Controller Upgrades,Hall Effect / None / None,Upgrade,Individual upgrades,Not applicable,Hall Effect,None,None,Xbox Series X/S,1,42.99,42.99,USD,Mail-In Kit,SIM-S004187,Desktop,Search,Google,,,,verified_site_price,true
SIM-2027-0107-02,SIM-2027-0107,2027-04-05,Online Store,C0072,New,P055,10806653845785,53147452932377,,blank_in_shopify,TechRevive Service Add-Ons,Mail-In Kit,Mail-In Kit,Mail-In Kit,Not applicable,Not applicable,Not applicable,Not applicable,Not applicable,1,19.99,19.99,USD,Mail-In Kit,SIM-S004187,Desktop,Search,Google,,,,verified_site_price,true
SIM-2027-0108-01,SIM-2027-0108,2027-04-06,Online Store,C0043,Returning,P049,10313115336985,53147931017497,TR-ALC-TMR-N-N,present_in_shopify,Build Your Own Controller Upgrades,TMR / None / None,Upgrade,Individual upgrades,Not applicable,TMR,None,None,PS5 DualSense,1,49.99,49.99,USD,Self ship,SIM-S004213,Desktop,Social,Instagram,,,,verified_site_price,true
SIM-2027-0109-01,SIM-2027-0109,2027-04-06,Online Store,C0073,New,P044,10313115336985,53147930558745,TR-ALC-N-FACE-N,present_in_shopify,Build Your Own Controller Upgrades,None / Face Buttons and D-Pad / None,Upgrade,Individual upgrades,Not applicable,None,Face Buttons and D-Pad,None,PS5 DualSense,1,44.99,44.99,USD,Self ship,SIM-S004227,Mobile,Direct,Direct,,,,verified_site_price,true
SIM-2027-0110-01,SIM-2027-0110,2027-04-10,Online Store,C0074,New,P041,10307762979097,52164166779161,TR-BUNDLE-AP,present_in_shopify,Performance Upgrade Bundles,APEX PREDATOR,Upgrade,Upgrade bundle,Not applicable,TMR,"Mouse-Click Triggers, Face Buttons and D-Pad",None,PS5 DualSense,1,129.99,129.99,USD,Mail-In Kit,SIM-S004367,Mobile,Direct,Direct,,,,verified_site_price,true
SIM-2027-0110-02,SIM-2027-0110,2027-04-10,Online Store,C0074,New,P055,10806653845785,53147452932377,,blank_in_shopify,TechRevive Service Add-Ons,Mail-In Kit,Mail-In Kit,Mail-In Kit,Not applicable,Not applicable,Not applicable,Not applicable,Not applicable,1,19.99,19.99,USD,Mail-In Kit,SIM-S004367,Mobile,Direct,Direct,,,,verified_site_price,true
SIM-2027-0111-01,SIM-2027-0111,2027-04-10,Online Store,C0075,New,P011,10307923411225,53147929116953,TR-REPAIR-BASIC-TMR-N,present_in_shopify,Mail-In Controller Repair Service,Basic / TMR / None,Repair,Repair service,Basic,TMR,None,None,Xbox Series X/S,1,76.98,76.98,USD,Self ship,SIM-S004368,Mobile,Direct,Direct,,,,verified_site_price,true
SIM-2027-0112-01,SIM-2027-0112,2027-04-11,Online Store,C0076,New,P053,10754953085209,52968922808601,PS5-CMO-002,present_in_shopify,Refurbished PS5 Gray Camouflage Controller,Default Title,Refurbished,Refurbished controller,Not applicable,Not applicable,Not applicable,Not applicable,PS5 DualSense,1,59.99,59.99,USD,Not applicable,SIM-S004418,Desktop,Direct,Direct,,,SIM-REF-2027-016,verified_site_price,true
SIM-2027-0113-01,SIM-2027-0113,2027-04-12,Online Store,C0077,New,P049,10313115336985,53147931017497,TR-ALC-TMR-N-N,present_in_shopify,Build Your Own Controller Upgrades,TMR / None / None,Upgrade,Individual upgrades,Not applicable,TMR,None,None,PS5 DualSense,1,49.99,49.99,USD,Self ship,SIM-S004450,Mobile,Direct,Direct,,,,verified_site_price,true
SIM-2027-0114-01,SIM-2027-0114,2027-04-13,eBay,C0078,New,P054,10754955936025,52968936898841,PS5-WHT-HE-003,present_in_shopify,Refurbished PS5 Glacier White Controller Hall Effect Joysticks,Default Title,Refurbished,Refurbished controller,Not applicable,Not applicable,Not applicable,Not applicable,PS5 DualSense,1,74.99,74.99,USD,Not applicable,,,,,,,SIM-REF-2027-017,verified_site_price,true
SIM-2027-0115-01,SIM-2027-0115,2027-04-14,Online Store,C0007,Returning,P041,10307762979097,52164166779161,TR-BUNDLE-AP,present_in_shopify,Performance Upgrade Bundles,APEX PREDATOR,Upgrade,Upgrade bundle,Not applicable,TMR,"Mouse-Click Triggers, Face Buttons and D-Pad",None,PS5 DualSense,1,129.99,129.99,USD,Self ship,SIM-S004530,Desktop,Direct,Direct,,,,verified_site_price,true
SIM-2027-0116-01,SIM-2027-0116,2027-04-14,Online Store,C0076,Returning,P049,10313115336985,53147931017497,TR-ALC-TMR-N-N,present_in_shopify,Build Your Own Controller Upgrades,TMR / None / None,Upgrade,Individual upgrades,Not applicable,TMR,None,None,PS5 DualSense,1,49.99,49.99,USD,Self ship,SIM-S004542,Desktop,Direct,Direct,,,,verified_site_price,true
SIM-2027-0117-01,SIM-2027-0117,2027-04-15,Online Store,C0079,New,P040,10307762979097,52164166746393,TR-BUNDLE-OB,present_in_shopify,Performance Upgrade Bundles,OUTBREAK,Upgrade,Upgrade bundle,Not applicable,Hall Effect,Mouse-Click Triggers,None,PS5 DualSense,1,79.99,79.99,USD,Self ship,SIM-S004596,Mobile,Direct,Direct,,,,verified_site_price,true
SIM-2027-0118-01,SIM-2027-0118,2027-04-16,Online Store,C0038,Returning,P047,10313115336985,53147930755353,TR-ALC-HE-N-N,present_in_shopify,Build Your Own Controller Upgrades,Hall Effect / None / None,Upgrade,Individual upgrades,Not applicable,Hall Effect,None,None,PS5 DualSense,1,42.99,42.99,USD,Self ship,SIM-S004634,Mobile,Email,Email campaign,,,,verified_site_price,true
SIM-2027-0119-01,SIM-2027-0119,2027-04-16,Online Store,C0080,New,P023,10307923411225,53147929510169,TR-REPAIR-STANDARD-TMR-N,present_in_shopify,Mail-In Controller Repair Service,Standard / TMR / None,Repair,Repair service,Standard,TMR,None,None,Nintendo Switch Pro,1,91.98,91.98,USD,Self ship,SIM-S004629,Mobile,Social,Facebook,,,,verified_site_price,true
SIM-2027-0120-01,SIM-2027-0120,2027-04-17,Online Store,C0081,New,P039,10307923411225,53147930034457,TR-REPAIR-FTR-JCP,present_in_shopify,Mail-In Controller Repair Service,Full Tech Revival / Joy-Con Pair / None,Repair,Repair service,Full Tech Revival,None,None,None,Nintendo Switch Joy-Con Pair,1,134.98,134.98,USD,Self ship,SIM-S004671,Mobile,Direct,Direct,,,,verified_site_price,true
SIM-2027-0121-01,SIM-2027-0121,2027-04-22,Online Store,C0082,New,P049,10313115336985,53147931017497,TR-ALC-TMR-N-N,present_in_shopify,Build Your Own Controller Upgrades,TMR / None / None,Upgrade,Individual upgrades,Not applicable,TMR,None,None,PS5 DualSense,1,49.99,49.99,USD,Mail-In Kit,SIM-S004902,Mobile,Social,Instagram,,,,verified_site_price,true
SIM-2027-0121-02,SIM-2027-0121,2027-04-22,Online Store,C0082,New,P055,10806653845785,53147452932377,,blank_in_shopify,TechRevive Service Add-Ons,Mail-In Kit,Mail-In Kit,Mail-In Kit,Not applicable,Not applicable,Not applicable,Not applicable,Not applicable,1,19.99,19.99,USD,Mail-In Kit,SIM-S004902,Mobile,Social,Instagram,,,,verified_site_price,true
SIM-2027-0122-01,SIM-2027-0122,2027-04-24,Online Store,C0050,Returning,P007,10307923411225,53147928985881,TR-REPAIR-BASIC-HE-N,present_in_shopify,Mail-In Controller Repair Service,Basic / Hall Effect / None,Repair,Repair service,Basic,Hall Effect,None,None,Xbox Series X/S,1,69.98,69.98,USD,Mail-In Kit,SIM-S004959,Tablet,Social,Instagram,,,,verified_site_price,true
SIM-2027-0122-02,SIM-2027-0122,2027-04-24,Online Store,C0050,Returning,P055,10806653845785,53147452932377,,blank_in_shopify,TechRevive Service Add-Ons,Mail-In Kit,Mail-In Kit,Mail-In Kit,Not applicable,Not applicable,Not applicable,Not applicable,Not applicable,1,19.99,19.99,USD,Mail-In Kit,SIM-S004959,Tablet,Social,Instagram,,,,verified_site_price,true
SIM-2027-0123-01,SIM-2027-0123,2027-04-24,Online Store,C0083,New,P027,10307923411225,53147929641241,TR-REPAIR-STANDARD-JCP,present_in_shopify,Mail-In Controller Repair Service,Standard / Joy-Con Pair / None,Repair,Repair service,Standard,None,None,None,Nintendo Switch Joy-Con Pair,1,80.98,80.98,USD,Mail-In Kit,SIM-S004966,Mobile,Direct,Direct,,,,verified_site_price,true
SIM-2027-0123-02,SIM-2027-0123,2027-04-24,Online Store,C0083,New,P055,10806653845785,53147452932377,,blank_in_shopify,TechRevive Service Add-Ons,Mail-In Kit,Mail-In Kit,Mail-In Kit,Not applicable,Not applicable,Not applicable,Not applicable,Not applicable,1,19.99,19.99,USD,Mail-In Kit,SIM-S004966,Mobile,Direct,Direct,,,,verified_site_price,true
SIM-2027-0124-01,SIM-2027-0124,2027-04-24,eBay,C0084,New,P054,10754955936025,52968936898841,PS5-WHT-HE-003,present_in_shopify,Refurbished PS5 Glacier White Controller Hall Effect Joysticks,Default Title,Refurbished,Refurbished controller,Not applicable,Not applicable,Not applicable,Not applicable,PS5 DualSense,1,74.99,74.99,USD,Not applicable,,,,,,,SIM-REF-2027-018,verified_site_price,true
SIM-2027-0125-01,SIM-2027-0125,2027-04-25,Online Store,C0085,New,P019,10307923411225,53147929379097,TR-REPAIR-STANDARD-HE-N,present_in_shopify,Mail-In Controller Repair Service,Standard / Hall Effect / None,Repair,Repair service,Standard,Hall Effect,None,None,PS5 DualSense,1,84.98,84.98,USD,Self ship,SIM-S005003,Mobile,Email,Email campaign,,,,verified_site_price,true
SIM-2027-0126-01,SIM-2027-0126,2027-04-26,Online Store,C0050,Returning,P045,10313115336985,53147930624281,TR-ALC-N-TRIG-N,present_in_shopify,Build Your Own Controller Upgrades,None / Triggers and Bumpers / None,Upgrade,Individual upgrades,Not applicable,None,Triggers and Bumpers,None,PS5 DualSense,1,69.99,69.99,USD,Self ship,SIM-S005017,Desktop,Search,Google,,,,verified_site_price,true
SIM-2027-0127-01,SIM-2027-0127,2027-04-28,Online Store,C0086,New,P047,10313115336985,53147930755353,TR-ALC-HE-N-N,present_in_shopify,Build Your Own Controller Upgrades,Hall Effect / None / None,Upgrade,Individual upgrades,Not applicable,Hall Effect,None,None,Xbox Series X/S,1,42.99,42.99,USD,Self ship,SIM-S005091,Desktop,Social,Instagram,,,,verified_site_price,true
SIM-2027-0128-01,SIM-2027-0128,2027-04-28,eBay,C0087,New,P051,10754952986905,52968922710297,PS5-GPR-001,present_in_shopify,Refurbished PS5 Galactic Purple Controller Hall Effect Joysticks,Default Title,Refurbished,Refurbished controller,Not applicable,Not applicable,Not applicable,Not applicable,PS5 DualSense,1,74.99,74.99,USD,Not applicable,,,,,,,SIM-REF-2027-019,verified_site_price,true
SIM-2027-0129-01,SIM-2027-0129,2027-04-29,Online Store,C0088,New,P048,10313115336985,53147930886425,TR-ALC-HE-TRIG-N,present_in_shopify,Build Your Own Controller Upgrades,Hall Effect / Triggers and Bumpers / None,Upgrade,Individual upgrades,Not applicable,Hall Effect,Triggers and Bumpers,None,PS5 DualSense,1,112.98,112.98,USD,Mail-In Kit,SIM-S005125,Mobile,Search,Google,,,,verified_site_price,true
SIM-2027-0129-02,SIM-2027-0129,2027-04-29,Online Store,C0088,New,P055,10806653845785,53147452932377,,blank_in_shopify,TechRevive Service Add-Ons,Mail-In Kit,Mail-In Kit,Mail-In Kit,Not applicable,Not applicable,Not applicable,Not applicable,Not applicable,1,19.99,19.99,USD,Mail-In Kit,SIM-S005125,Mobile,Search,Google,,,,verified_site_price,true
SIM-2027-0130-01,SIM-2027-0130,2027-04-29,Online Store,C0089,New,P016,10307923411225,53147929280793,TR-REPAIR-STANDARD-N-MCT,present_in_shopify,Mail-In Controller Repair Service,Standard / None / Mouse-Click Triggers,Repair,Repair service,Standard,None,Mouse-Click Triggers,None,PS5 DualSense,1,109.98,109.98,USD,Mail-In Kit,SIM-S005133,Mobile,Direct,Direct,,,,verified_site_price,true
SIM-2027-0130-02,SIM-2027-0130,2027-04-29,Online Store,C0089,New,P055,10806653845785,53147452932377,,blank_in_shopify,TechRevive Service Add-Ons,Mail-In Kit,Mail-In Kit,Mail-In Kit,Not applicable,Not applicable,Not applicable,Not applicable,Not applicable,1,19.99,19.99,USD,Mail-In Kit,SIM-S005133,Mobile,Direct,Direct,,,,verified_site_price,true
SIM-2027-0131-01,SIM-2027-0131,2027-05-03,Online Store,C0082,Returning,P058,,,,not_created_hypothetical_release,Premium Controller - Simulated 2027 Release 03,PS5 DualSense,Premium,Premium controller,Not applicable,Not applicable,Not applicable,Not applicable,PS5 DualSense,1,450.00,450.00,USD,Not applicable,SIM-S005302,Desktop,Direct,Direct,PREM-2027-03,1,SIM-PREM-2027-03-01,owner_approved_simulation_range,true
SIM-2027-0132-01,SIM-2027-0132,2027-05-03,Online Store,C0051,Returning,P058,,,,not_created_hypothetical_release,Premium Controller - Simulated 2027 Release 03,PS5 DualSense,Premium,Premium controller,Not applicable,Not applicable,Not applicable,Not applicable,PS5 DualSense,1,450.00,450.00,USD,Not applicable,SIM-S005317,Mobile,Direct,Direct,PREM-2027-03,2,SIM-PREM-2027-03-02,owner_approved_simulation_range,true
SIM-2027-0133-01,SIM-2027-0133,2027-05-03,Online Store,C0090,New,P016,10307923411225,53147929280793,TR-REPAIR-STANDARD-N-MCT,present_in_shopify,Mail-In Controller Repair Service,Standard / None / Mouse-Click Triggers,Repair,Repair service,Standard,None,Mouse-Click Triggers,None,PS5 DualSense,1,109.98,109.98,USD,Self ship,SIM-S005309,Mobile,Search,Google,,,,verified_site_price,true
SIM-2027-0134-01,SIM-2027-0134,2027-05-05,eBay,C0027,Returning,P051,10754952986905,52968922710297,PS5-GPR-001,present_in_shopify,Refurbished PS5 Galactic Purple Controller Hall Effect Joysticks,Default Title,Refurbished,Refurbished controller,Not applicable,Not applicable,Not applicable,Not applicable,PS5 DualSense,1,74.99,74.99,USD,Not applicable,,,,,,,SIM-REF-2027-020,verified_site_price,true
SIM-2027-0135-01,SIM-2027-0135,2027-05-05,eBay,C0091,New,P053,10754953085209,52968922808601,PS5-CMO-002,present_in_shopify,Refurbished PS5 Gray Camouflage Controller,Default Title,Refurbished,Refurbished controller,Not applicable,Not applicable,Not applicable,Not applicable,PS5 DualSense,1,59.99,59.99,USD,Not applicable,,,,,,,SIM-REF-2027-021,verified_site_price,true
SIM-2027-0136-01,SIM-2027-0136,2027-05-05,Online Store,C0092,New,P019,10307923411225,53147929379097,TR-REPAIR-STANDARD-HE-N,present_in_shopify,Mail-In Controller Repair Service,Standard / Hall Effect / None,Repair,Repair service,Standard,Hall Effect,None,None,PS5 DualSense,1,84.98,84.98,USD,Mail-In Kit,SIM-S005426,Desktop,Direct,Direct,,,,verified_site_price,true
SIM-2027-0136-02,SIM-2027-0136,2027-05-05,Online Store,C0092,New,P055,10806653845785,53147452932377,,blank_in_shopify,TechRevive Service Add-Ons,Mail-In Kit,Mail-In Kit,Mail-In Kit,Not applicable,Not applicable,Not applicable,Not applicable,Not applicable,1,19.99,19.99,USD,Mail-In Kit,SIM-S005426,Desktop,Direct,Direct,,,,verified_site_price,true
SIM-2027-0137-01,SIM-2027-0137,2027-05-07,Online Store,C0093,New,P042,10307762979097,52164166811929,TR-BUNDLE-PZ,present_in_shopify,Performance Upgrade Bundles,PATIENT ZERO,Upgrade,Upgrade bundle,Not applicable,TMR,"Mouse-Click Triggers, Face Buttons and D-Pad",Four Rear Inputs,PS5 DualSense,1,189.99,189.99,USD,Self ship,SIM-S005502,Desktop,Direct,Direct,,,,verified_site_price,true
SIM-2027-0138-01,SIM-2027-0138,2027-05-08,Online Store,C0094,New,P035,10307923411225,53147929903385,TR-REPAIR-FTR-TMR-N,present_in_shopify,Mail-In Controller Repair Service,Full Tech Revival / TMR / None,Repair,Repair service,Full Tech Revival,TMR,None,None,PS5 DualSense,1,121.98,121.98,USD,Self ship,SIM-S005556,Mobile,Direct,Direct,,,,verified_site_price,true
SIM-2027-0139-01,SIM-2027-0139,2027-05-09,Online Store,C0095,New,P022,10307923411225,53147929477401,TR-REPAIR-STANDARD-HE-MCT-4BP,present_in_shopify,Mail-In Controller Repair Service,Standard / Hall Effect / Mouse-Click Triggers + Four Back Paddles,Repair,Repair service,Standard,Hall Effect,Mouse-Click Triggers,Four Back Paddles,PS5 DualSense,1,239.96,239.96,USD,Self ship,SIM-S005607,Mobile,Direct,Direct,,,,verified_site_price,true
SIM-2027-0140-01,SIM-2027-0140,2027-05-10,Online Store,C0096,New,P058,,,,not_created_hypothetical_release,Premium Controller - Simulated 2027 Release 03,PS5 DualSense,Premium,Premium controller,Not applicable,Not applicable,Not applicable,Not applicable,PS5 DualSense,1,450.00,450.00,USD,Not applicable,SIM-S005614,Mobile,Direct,Direct,PREM-2027-03,3,SIM-PREM-2027-03-03,owner_approved_simulation_range,true
SIM-2027-0141-01,SIM-2027-0141,2027-05-10,Online Store,C0014,Returning,P011,10307923411225,53147929116953,TR-REPAIR-BASIC-TMR-N,present_in_shopify,Mail-In Controller Repair Service,Basic / TMR / None,Repair,Repair service,Basic,TMR,None,None,Xbox Series X/S,1,76.98,76.98,USD,Self ship,SIM-S005621,Mobile,Direct,Direct,,,,verified_site_price,true
SIM-2027-0142-01,SIM-2027-0142,2027-05-10,Online Store,C0097,New,P010,10307923411225,53147929084185,TR-REPAIR-BASIC-HE-MCT-4BP,present_in_shopify,Mail-In Controller Repair Service,Basic / Hall Effect / Mouse-Click Triggers + Four Back Paddles,Repair,Repair service,Basic,Hall Effect,Mouse-Click Triggers,Four Back Paddles,PS5 DualSense,1,224.96,224.96,USD,Mail-In Kit,SIM-S005629,Mobile,Email,Email campaign,,,,verified_site_price,true
SIM-2027-0142-02,SIM-2027-0142,2027-05-10,Online Store,C0097,New,P055,10806653845785,53147452932377,,blank_in_shopify,TechRevive Service Add-Ons,Mail-In Kit,Mail-In Kit,Mail-In Kit,Not applicable,Not applicable,Not applicable,Not applicable,Not applicable,1,19.99,19.99,USD,Mail-In Kit,SIM-S005629,Mobile,Email,Email campaign,,,,verified_site_price,true
SIM-2027-0143-01,SIM-2027-0143,2027-05-11,Online Store,C0098,New,P027,10307923411225,53147929641241,TR-REPAIR-STANDARD-JCP,present_in_shopify,Mail-In Controller Repair Service,Standard / Joy-Con Pair / None,Repair,Repair service,Standard,None,None,None,Nintendo Switch Joy-Con Pair,1,80.98,80.98,USD,Self ship,SIM-S005678,Tablet,Search,Google,,,,verified_site_price,true
SIM-2027-0144-01,SIM-2027-0144,2027-05-11,Online Store,C0099,New,P058,,,,not_created_hypothetical_release,Premium Controller - Simulated 2027 Release 03,PS5 DualSense,Premium,Premium controller,Not applicable,Not applicable,Not applicable,Not applicable,PS5 DualSense,1,450.00,450.00,USD,Not applicable,SIM-S005659,Desktop,Direct,Direct,PREM-2027-03,4,SIM-PREM-2027-03-04,owner_approved_simulation_range,true
SIM-2027-0145-01,SIM-2027-0145,2027-05-11,Online Store,C0100,New,P058,,,,not_created_hypothetical_release,Premium Controller - Simulated 2027 Release 03,PS5 DualSense,Premium,Premium controller,Not applicable,Not applicable,Not applicable,Not applicable,PS5 DualSense,1,450.00,450.00,USD,Not applicable,SIM-S005675,Desktop,Direct,Direct,PREM-2027-03,5,SIM-PREM-2027-03-05,owner_approved_simulation_range,true
SIM-2027-0146-01,SIM-2027-0146,2027-05-12,Online Store,C0101,New,P058,,,,not_created_hypothetical_release,Premium Controller - Simulated 2027 Release 03,PS5 DualSense,Premium,Premium controller,Not applicable,Not applicable,Not applicable,Not applicable,PS5 DualSense,1,450.00,450.00,USD,Not applicable,SIM-S005696,Desktop,Search,Google,PREM-2027-03,6,SIM-PREM-2027-03-06,owner_approved_simulation_range,true
SIM-2027-0147-01,SIM-2027-0147,2027-05-13,Online Store,C0102,New,P052,10754953019673,52968922743065,PS5-WHT-HE-004,present_in_shopify,Refurbished PS5 Glacier White Controller Hall Effect Joysticks,Default Title,Refurbished,Refurbished controller,Not applicable,Not applicable,Not applicable,Not applicable,PS5 DualSense,1,69.99,69.99,USD,Not applicable,SIM-S005738,Mobile,Search,Google,,,SIM-REF-2027-022,verified_site_price,true
SIM-2027-0148-01,SIM-2027-0148,2027-05-13,Online Store,C0103,New,P058,,,,not_created_hypothetical_release,Premium Controller - Simulated 2027 Release 03,PS5 DualSense,Premium,Premium controller,Not applicable,Not applicable,Not applicable,Not applicable,PS5 DualSense,1,450.00,450.00,USD,Not applicable,SIM-S005743,Mobile,Email,Email campaign,PREM-2027-03,7,SIM-PREM-2027-03-07,owner_approved_simulation_range,true
SIM-2027-0149-01,SIM-2027-0149,2027-05-14,Online Store,C0063,Returning,P002,10307923411225,52164748345625,TR-REPAIR-STANDARD,present_in_shopify,Mail-In Controller Repair Service,Standard / None / None,Repair,Repair service,Standard,None,None,None,PS5 DualSense,1,44.99,44.99,USD,Self ship,SIM-S005781,Mobile,Direct,Direct,,,,verified_site_price,true
SIM-2027-0150-01,SIM-2027-0150,2027-05-15,Online Store,C0054,Returning,P019,10307923411225,53147929379097,TR-REPAIR-STANDARD-HE-N,present_in_shopify,Mail-In Controller Repair Service,Standard / Hall Effect / None,Repair,Repair service,Standard,Hall Effect,None,None,Xbox Series X/S,1,84.98,84.98,USD,Self ship,SIM-S005839,Mobile,Search,Google,,,,verified_site_price,true
SIM-2027-0151-01,SIM-2027-0151,2027-05-16,Online Store,C0079,Returning,P028,10307923411225,53147929674009,TR-REPAIR-FTR-N-MCT,present_in_shopify,Mail-In Controller Repair Service,Full Tech Revival / None / Mouse-Click Triggers,Repair,Repair service,Full Tech Revival,None,Mouse-Click Triggers,None,PS5 DualSense,1,139.98,139.98,USD,Self ship,SIM-S005903,Mobile,Email,Email campaign,,,,verified_site_price,true
SIM-2027-0152-01,SIM-2027-0152,2027-05-16,Online Store,C0048,Returning,P058,,,,not_created_hypothetical_release,Premium Controller - Simulated 2027 Release 03,PS5 DualSense,Premium,Premium controller,Not applicable,Not applicable,Not applicable,Not applicable,PS5 DualSense,1,450.00,450.00,USD,Not applicable,SIM-S005870,Mobile,Social,Instagram,PREM-2027-03,8,SIM-PREM-2027-03-08,owner_approved_simulation_range,true
SIM-2027-0153-01,SIM-2027-0153,2027-05-17,Online Store,C0104,New,P058,,,,not_created_hypothetical_release,Premium Controller - Simulated 2027 Release 03,PS5 DualSense,Premium,Premium controller,Not applicable,Not applicable,Not applicable,Not applicable,PS5 DualSense,1,450.00,450.00,USD,Not applicable,SIM-S005967,Desktop,Social,Facebook,PREM-2027-03,9,SIM-PREM-2027-03-09,owner_approved_simulation_range,true
SIM-2027-0154-01,SIM-2027-0154,2027-05-17,Online Store,C0105,New,P058,,,,not_created_hypothetical_release,Premium Controller - Simulated 2027 Release 03,PS5 DualSense,Premium,Premium controller,Not applicable,Not applicable,Not applicable,Not applicable,PS5 DualSense,1,450.00,450.00,USD,Not applicable,SIM-S005932,Mobile,Search,Google,PREM-2027-03,10,SIM-PREM-2027-03-10,owner_approved_simulation_range,true
SIM-2027-0155-01,SIM-2027-0155,2027-05-18,eBay,C0106,New,P064,10754953052441,52968922775833,PS5-WHT-HE-001,present_in_shopify,Refurbished PS5 Glacier White Controller Hall Effect Joysticks,Default Title,Refurbished,Refurbished controller,Not applicable,Not applicable,Not applicable,Not applicable,PS5 DualSense,1,69.99,69.99,USD,Not applicable,,,,,,,SIM-REF-2027-023,verified_site_price,true
SIM-2027-0156-01,SIM-2027-0156,2027-05-19,Online Store,C0107,New,P001,10307923411225,52164748312857,TR-REPAIR-BASIC,present_in_shopify,Mail-In Controller Repair Service,Basic / None / None,Repair,Repair service,Basic,None,None,None,PS4 DualShock 4,1,29.99,29.99,USD,Self ship,SIM-S006055,Mobile,Direct,Direct,,,,verified_site_price,true
SIM-2027-0157-01,SIM-2027-0157,2027-05-19,eBay,C0108,New,P054,10754955936025,52968936898841,PS5-WHT-HE-003,present_in_shopify,Refurbished PS5 Glacier White Controller Hall Effect Joysticks,Default Title,Refurbished,Refurbished controller,Not applicable,Not applicable,Not applicable,Not applicable,PS5 DualSense,1,74.99,74.99,USD,Not applicable,,,,,,,SIM-REF-2027-024,verified_site_price,true
SIM-2027-0158-01,SIM-2027-0158,2027-05-20,Online Store,C0109,New,P058,,,,not_created_hypothetical_release,Premium Controller - Simulated 2027 Release 03,PS5 DualSense,Premium,Premium controller,Not applicable,Not applicable,Not applicable,Not applicable,PS5 DualSense,1,450.00,450.00,USD,Not applicable,SIM-S006098,Desktop,Email,Email campaign,PREM-2027-03,11,SIM-PREM-2027-03-11,owner_approved_simulation_range,true
SIM-2027-0159-01,SIM-2027-0159,2027-05-21,Online Store,C0031,Returning,P058,,,,not_created_hypothetical_release,Premium Controller - Simulated 2027 Release 03,PS5 DualSense,Premium,Premium controller,Not applicable,Not applicable,Not applicable,Not applicable,PS5 DualSense,1,450.00,450.00,USD,Not applicable,SIM-S006122,Desktop,Email,Email campaign,PREM-2027-03,12,SIM-PREM-2027-03-12,owner_approved_simulation_range,true
SIM-2027-0160-01,SIM-2027-0160,2027-05-23,Online Store,C0110,New,P015,10307923411225,53147929248025,TR-REPAIR-BASIC-JCP,present_in_shopify,Mail-In Controller Repair Service,Basic / Joy-Con Pair / None,Repair,Repair service,Basic,None,None,None,Nintendo Switch Joy-Con Pair,1,53.98,53.98,USD,Self ship,SIM-S006198,Mobile,Search,Google,,,,verified_site_price,true
SIM-2027-0161-01,SIM-2027-0161,2027-05-24,eBay,C0057,Returning,P052,10754953019673,52968922743065,PS5-WHT-HE-004,present_in_shopify,Refurbished PS5 Glacier White Controller Hall Effect Joysticks,Default Title,Refurbished,Refurbished controller,Not applicable,Not applicable,Not applicable,Not applicable,PS5 DualSense,1,69.99,69.99,USD,Not applicable,,,,,,,SIM-REF-2027-025,verified_site_price,true
SIM-2027-0162-01,SIM-2027-0162,2027-05-24,eBay,C0111,New,P064,10754953052441,52968922775833,PS5-WHT-HE-001,present_in_shopify,Refurbished PS5 Glacier White Controller Hall Effect Joysticks,Default Title,Refurbished,Refurbished controller,Not applicable,Not applicable,Not applicable,Not applicable,PS5 DualSense,1,69.99,69.99,USD,Not applicable,,,,,,,SIM-REF-2027-026,verified_site_price,true
SIM-2027-0163-01,SIM-2027-0163,2027-05-24,Online Store,C0112,New,P041,10307762979097,52164166779161,TR-BUNDLE-AP,present_in_shopify,Performance Upgrade Bundles,APEX PREDATOR,Upgrade,Upgrade bundle,Not applicable,TMR,"Mouse-Click Triggers, Face Buttons and D-Pad",None,Xbox Series X/S,1,129.99,129.99,USD,Self ship,SIM-S006273,Mobile,Search,Google,,,,verified_site_price,true
SIM-2027-0164-01,SIM-2027-0164,2027-05-25,Online Store,C0113,New,P058,,,,not_created_hypothetical_release,Premium Controller - Simulated 2027 Release 03,PS5 DualSense,Premium,Premium controller,Not applicable,Not applicable,Not applicable,Not applicable,PS5 DualSense,1,450.00,450.00,USD,Not applicable,SIM-S006346,Mobile,Email,Email campaign,PREM-2027-03,13,SIM-PREM-2027-03-13,owner_approved_simulation_range,true
SIM-2027-0165-01,SIM-2027-0165,2027-05-27,Online Store,C0114,New,P058,,,,not_created_hypothetical_release,Premium Controller - Simulated 2027 Release 03,PS5 DualSense,Premium,Premium controller,Not applicable,Not applicable,Not applicable,Not applicable,PS5 DualSense,1,450.00,450.00,USD,Not applicable,SIM-S006428,Desktop,Email,Email campaign,PREM-2027-03,14,SIM-PREM-2027-03-14,owner_approved_simulation_range,true
SIM-2027-0166-01,SIM-2027-0166,2027-05-27,eBay,C0008,Returning,P051,10754952986905,52968922710297,PS5-GPR-001,present_in_shopify,Refurbished PS5 Galactic Purple Controller Hall Effect Joysticks,Default Title,Refurbished,Refurbished controller,Not applicable,Not applicable,Not applicable,Not applicable,PS5 DualSense,1,74.99,74.99,USD,Not applicable,,,,,,,SIM-REF-2027-027,verified_site_price,true
SIM-2027-0167-01,SIM-2027-0167,2027-05-28,eBay,C0115,New,P053,10754953085209,52968922808601,PS5-CMO-002,present_in_shopify,Refurbished PS5 Gray Camouflage Controller,Default Title,Refurbished,Refurbished controller,Not applicable,Not applicable,Not applicable,Not applicable,PS5 DualSense,1,59.99,59.99,USD,Not applicable,,,,,,,SIM-REF-2027-028,verified_site_price,true
SIM-2027-0168-01,SIM-2027-0168,2027-05-29,Online Store,C0116,New,P058,,,,not_created_hypothetical_release,Premium Controller - Simulated 2027 Release 03,PS5 DualSense,Premium,Premium controller,Not applicable,Not applicable,Not applicable,Not applicable,PS5 DualSense,1,450.00,450.00,USD,Not applicable,SIM-S006487,Desktop,Social,Facebook,PREM-2027-03,15,SIM-PREM-2027-03-15,owner_approved_simulation_range,true
SIM-2027-0169-01,SIM-2027-0169,2027-05-30,Online Store,C0100,Returning,P024,10307923411225,53147929542937,TR-REPAIR-STANDARD-TMR-MCT,present_in_shopify,Mail-In Controller Repair Service,Standard / TMR / Mouse-Click Triggers,Repair,Repair service,Standard,TMR,Mouse-Click Triggers,None,PS5 DualSense,1,156.97,156.97,USD,Mail-In Kit,SIM-S006577,Desktop,Direct,Direct,,,,verified_site_price,true
SIM-2027-0169-02,SIM-2027-0169,2027-05-30,Online Store,C0100,Returning,P055,10806653845785,53147452932377,,blank_in_shopify,TechRevive Service Add-Ons,Mail-In Kit,Mail-In Kit,Mail-In Kit,Not applicable,Not applicable,Not applicable,Not applicable,Not applicable,1,19.99,19.99,USD,Mail-In Kit,SIM-S006577,Desktop,Direct,Direct,,,,verified_site_price,true
SIM-2027-0170-01,SIM-2027-0170,2027-05-30,Online Store,C0117,New,P053,10754953085209,52968922808601,PS5-CMO-002,present_in_shopify,Refurbished PS5 Gray Camouflage Controller,Default Title,Refurbished,Refurbished controller,Not applicable,Not applicable,Not applicable,Not applicable,PS5 DualSense,1,59.99,59.99,USD,Not applicable,SIM-S006549,Desktop,Search,Google,,,SIM-REF-2027-029,verified_site_price,true
SIM-2027-0171-01,SIM-2027-0171,2027-05-31,Online Store,C0118,New,P041,10307762979097,52164166779161,TR-BUNDLE-AP,present_in_shopify,Performance Upgrade Bundles,APEX PREDATOR,Upgrade,Upgrade bundle,Not applicable,TMR,"Mouse-Click Triggers, Face Buttons and D-Pad",None,PS5 DualSense,1,129.99,129.99,USD,Self ship,SIM-S006655,Desktop,Email,Email campaign,,,,verified_site_price,true
SIM-2027-0172-01,SIM-2027-0172,2027-05-31,Online Store,C0119,New,P051,10754952986905,52968922710297,PS5-GPR-001,present_in_shopify,Refurbished PS5 Galactic Purple Controller Hall Effect Joysticks,Default Title,Refurbished,Refurbished controller,Not applicable,Not applicable,Not applicable,Not applicable,PS5 DualSense,1,74.99,74.99,USD,Not applicable,SIM-S006634,Desktop,Direct,Direct,,,SIM-REF-2027-030,verified_site_price,true
SIM-2027-0173-01,SIM-2027-0173,2027-05-31,Online Store,C0108,Returning,P007,10307923411225,53147928985881,TR-REPAIR-BASIC-HE-N,present_in_shopify,Mail-In Controller Repair Service,Basic / Hall Effect / None,Repair,Repair service,Basic,Hall Effect,None,None,Xbox Series X/S,1,69.98,69.98,USD,Self ship,SIM-S006633,Mobile,Email,Email campaign,,,,verified_site_price,true
SIM-2027-0174-01,SIM-2027-0174,2027-06-02,Online Store,C0074,Returning,P049,10313115336985,53147931017497,TR-ALC-TMR-N-N,present_in_shopify,Build Your Own Controller Upgrades,TMR / None / None,Upgrade,Individual upgrades,Not applicable,TMR,None,None,PS5 DualSense,1,49.99,49.99,USD,Mail-In Kit,SIM-S006716,Mobile,Search,Google,,,,verified_site_price,true
SIM-2027-0174-02,SIM-2027-0174,2027-06-02,Online Store,C0074,Returning,P055,10806653845785,53147452932377,,blank_in_shopify,TechRevive Service Add-Ons,Mail-In Kit,Mail-In Kit,Mail-In Kit,Not applicable,Not applicable,Not applicable,Not applicable,Not applicable,1,19.99,19.99,USD,Mail-In Kit,SIM-S006716,Mobile,Search,Google,,,,verified_site_price,true
SIM-2027-0175-01,SIM-2027-0175,2027-06-02,Online Store,C0120,New,P047,10313115336985,53147930755353,TR-ALC-HE-N-N,present_in_shopify,Build Your Own Controller Upgrades,Hall Effect / None / None,Upgrade,Individual upgrades,Not applicable,Hall Effect,None,None,Xbox Series X/S,1,42.99,42.99,USD,Mail-In Kit,SIM-S006712,Desktop,Search,Google,,,,verified_site_price,true
SIM-2027-0175-02,SIM-2027-0175,2027-06-02,Online Store,C0120,New,P055,10806653845785,53147452932377,,blank_in_shopify,TechRevive Service Add-Ons,Mail-In Kit,Mail-In Kit,Mail-In Kit,Not applicable,Not applicable,Not applicable,Not applicable,Not applicable,1,19.99,19.99,USD,Mail-In Kit,SIM-S006712,Desktop,Search,Google,,,,verified_site_price,true
SIM-2027-0176-01,SIM-2027-0176,2027-06-03,Online Store,C0015,Returning,P019,10307923411225,53147929379097,TR-REPAIR-STANDARD-HE-N,present_in_shopify,Mail-In Controller Repair Service,Standard / Hall Effect / None,Repair,Repair service,Standard,Hall Effect,None,None,Xbox Series X/S,1,84.98,84.98,USD,Self ship,SIM-S006803,Mobile,Social,Instagram,,,,verified_site_price,true
SIM-2027-0177-01,SIM-2027-0177,2027-06-03,Online Store,C0001,Returning,P045,10313115336985,53147930624281,TR-ALC-N-TRIG-N,present_in_shopify,Build Your Own Controller Upgrades,None / Triggers and Bumpers / None,Upgrade,Individual upgrades,Not applicable,None,Triggers and Bumpers,None,Xbox Series X/S,1,69.99,69.99,USD,Mail-In Kit,SIM-S006762,Desktop,Social,Facebook,,,,verified_site_price,true
SIM-2027-0177-02,SIM-2027-0177,2027-06-03,Online Store,C0001,Returning,P055,10806653845785,53147452932377,,blank_in_shopify,TechRevive Service Add-Ons,Mail-In Kit,Mail-In Kit,Mail-In Kit,Not applicable,Not applicable,Not applicable,Not applicable,Not applicable,1,19.99,19.99,USD,Mail-In Kit,SIM-S006762,Desktop,Social,Facebook,,,,verified_site_price,true
SIM-2027-0178-01,SIM-2027-0178,2027-06-03,Online Store,C0121,New,P023,10307923411225,53147929510169,TR-REPAIR-STANDARD-TMR-N,present_in_shopify,Mail-In Controller Repair Service,Standard / TMR / None,Repair,Repair service,Standard,TMR,None,None,PS5 DualSense,1,91.98,91.98,USD,Mail-In Kit,SIM-S006793,Desktop,Social,Instagram,,,,verified_site_price,true
SIM-2027-0178-02,SIM-2027-0178,2027-06-03,Online Store,C0121,New,P055,10806653845785,53147452932377,,blank_in_shopify,TechRevive Service Add-Ons,Mail-In Kit,Mail-In Kit,Mail-In Kit,Not applicable,Not applicable,Not applicable,Not applicable,Not applicable,1,19.99,19.99,USD,Mail-In Kit,SIM-S006793,Desktop,Social,Instagram,,,,verified_site_price,true
SIM-2027-0179-01,SIM-2027-0179,2027-06-03,Online Store,C0074,Returning,P049,10313115336985,53147931017497,TR-ALC-TMR-N-N,present_in_shopify,Build Your Own Controller Upgrades,TMR / None / None,Upgrade,Individual upgrades,Not applicable,TMR,None,None,Xbox Series X/S,1,49.99,49.99,USD,Mail-In Kit,SIM-S006758,Mobile,Direct,Direct,,,,verified_site_price,true
SIM-2027-0179-02,SIM-2027-0179,2027-06-03,Online Store,C0074,Returning,P055,10806653845785,53147452932377,,blank_in_shopify,TechRevive Service Add-Ons,Mail-In Kit,Mail-In Kit,Mail-In Kit,Not applicable,Not applicable,Not applicable,Not applicable,Not applicable,1,19.99,19.99,USD,Mail-In Kit,SIM-S006758,Mobile,Direct,Direct,,,,verified_site_price,true
SIM-2027-0180-01,SIM-2027-0180,2027-06-03,Online Store,C0122,New,P019,10307923411225,53147929379097,TR-REPAIR-STANDARD-HE-N,present_in_shopify,Mail-In Controller Repair Service,Standard / Hall Effect / None,Repair,Repair service,Standard,Hall Effect,None,None,PS5 DualSense,1,84.98,84.98,USD,Mail-In Kit,SIM-S006797,Mobile,Search,Google,,,,verified_site_price,true
SIM-2027-0180-02,SIM-2027-0180,2027-06-03,Online Store,C0122,New,P055,10806653845785,53147452932377,,blank_in_shopify,TechRevive Service Add-Ons,Mail-In Kit,Mail-In Kit,Mail-In Kit,Not applicable,Not applicable,Not applicable,Not applicable,Not applicable,1,19.99,19.99,USD,Mail-In Kit,SIM-S006797,Mobile,Search,Google,,,,verified_site_price,true
SIM-2027-0181-01,SIM-2027-0181,2027-06-03,Online Store,C0043,Returning,P003,10307923411225,52164748378393,TR-REPAIR-FTR,present_in_shopify,Mail-In Controller Repair Service,Full Tech Revival / None / None,Repair,Repair service,Full Tech Revival,None,None,None,PS4 DualShock 4,1,74.99,74.99,USD,Self ship,SIM-S006774,Mobile,Social,Instagram,,,,verified_site_price,true
SIM-2027-0182-01,SIM-2027-0182,2027-06-05,Online Store,C0123,New,P044,10313115336985,53147930558745,TR-ALC-N-FACE-N,present_in_shopify,Build Your Own Controller Upgrades,None / Face Buttons and D-Pad / None,Upgrade,Individual upgrades,Not applicable,None,Face Buttons and D-Pad,None,PS5 DualSense,1,44.99,44.99,USD,Self ship,SIM-S006850,Desktop,Search,Google,,,,verified_site_price,true
SIM-2027-0183-01,SIM-2027-0183,2027-06-08,Online Store,C0124,New,P019,10307923411225,53147929379097,TR-REPAIR-STANDARD-HE-N,present_in_shopify,Mail-In Controller Repair Service,Standard / Hall Effect / None,Repair,Repair service,Standard,Hall Effect,None,None,PS5 DualSense,1,84.98,84.98,USD,Self ship,SIM-S007006,Desktop,Social,Instagram,,,,verified_site_price,true
SIM-2027-0184-01,SIM-2027-0184,2027-06-09,Online Store,C0125,New,P019,10307923411225,53147929379097,TR-REPAIR-STANDARD-HE-N,present_in_shopify,Mail-In Controller Repair Service,Standard / Hall Effect / None,Repair,Repair service,Standard,Hall Effect,None,None,PS5 DualSense,1,84.98,84.98,USD,Self ship,SIM-S007070,Mobile,Social,Facebook,,,,verified_site_price,true
SIM-2027-0185-01,SIM-2027-0185,2027-06-09,Online Store,C0051,Returning,P034,10307923411225,53147929870617,TR-REPAIR-FTR-HE-MCT-4BP,present_in_shopify,Mail-In Controller Repair Service,Full Tech Revival / Hall Effect / Mouse-Click Triggers + Four Back Paddles,Repair,Repair service,Full Tech Revival,Hall Effect,Mouse-Click Triggers,Four Back Paddles,PS5 DualSense,1,269.96,269.96,USD,Mail-In Kit,SIM-S007065,Mobile,Search,Google,,,,verified_site_price,true
SIM-2027-0185-02,SIM-2027-0185,2027-06-09,Online Store,C0051,Returning,P055,10806653845785,53147452932377,,blank_in_shopify,TechRevive Service Add-Ons,Mail-In Kit,Mail-In Kit,Mail-In Kit,Not applicable,Not applicable,Not applicable,Not applicable,Not applicable,1,19.99,19.99,USD,Mail-In Kit,SIM-S007065,Mobile,Search,Google,,,,verified_site_price,true
SIM-2027-0186-01,SIM-2027-0186,2027-06-11,Online Store,C0126,New,P001,10307923411225,52164748312857,TR-REPAIR-BASIC,present_in_shopify,Mail-In Controller Repair Service,Basic / None / None,Repair,Repair service,Basic,None,None,None,PS5 DualSense,1,29.99,29.99,USD,Self ship,SIM-S007157,Mobile,Search,Google,,,,verified_site_price,true
SIM-2027-0187-01,SIM-2027-0187,2027-06-12,Online Store,C0127,New,P053,10754953085209,52968922808601,PS5-CMO-002,present_in_shopify,Refurbished PS5 Gray Camouflage Controller,Default Title,Refurbished,Refurbished controller,Not applicable,Not applicable,Not applicable,Not applicable,PS5 DualSense,1,59.99,59.99,USD,Not applicable,SIM-S007205,Desktop,Social,Instagram,,,SIM-REF-2027-031,verified_site_price,true
SIM-2027-0188-01,SIM-2027-0188,2027-06-12,Online Store,C0128,New,P041,10307762979097,52164166779161,TR-BUNDLE-AP,present_in_shopify,Performance Upgrade Bundles,APEX PREDATOR,Upgrade,Upgrade bundle,Not applicable,TMR,"Mouse-Click Triggers, Face Buttons and D-Pad",None,Xbox Series X/S,1,129.99,129.99,USD,Mail-In Kit,SIM-S007191,Desktop,Search,Google,,,,verified_site_price,true
SIM-2027-0188-02,SIM-2027-0188,2027-06-12,Online Store,C0128,New,P055,10806653845785,53147452932377,,blank_in_shopify,TechRevive Service Add-Ons,Mail-In Kit,Mail-In Kit,Mail-In Kit,Not applicable,Not applicable,Not applicable,Not applicable,Not applicable,1,19.99,19.99,USD,Mail-In Kit,SIM-S007191,Desktop,Search,Google,,,,verified_site_price,true
SIM-2027-0189-01,SIM-2027-0189,2027-06-13,Online Store,C0129,New,P047,10313115336985,53147930755353,TR-ALC-HE-N-N,present_in_shopify,Build Your Own Controller Upgrades,Hall Effect / None / None,Upgrade,Individual upgrades,Not applicable,Hall Effect,None,None,PS5 DualSense,1,42.99,42.99,USD,Mail-In Kit,SIM-S007259,Mobile,Email,Email campaign,,,,verified_site_price,true
SIM-2027-0189-02,SIM-2027-0189,2027-06-13,Online Store,C0129,New,P055,10806653845785,53147452932377,,blank_in_shopify,TechRevive Service Add-Ons,Mail-In Kit,Mail-In Kit,Mail-In Kit,Not applicable,Not applicable,Not applicable,Not applicable,Not applicable,1,19.99,19.99,USD,Mail-In Kit,SIM-S007259,Mobile,Email,Email campaign,,,,verified_site_price,true
SIM-2027-0190-01,SIM-2027-0190,2027-06-15,Online Store,C0106,Returning,P023,10307923411225,53147929510169,TR-REPAIR-STANDARD-TMR-N,present_in_shopify,Mail-In Controller Repair Service,Standard / TMR / None,Repair,Repair service,Standard,TMR,None,None,Xbox Series X/S,1,91.98,91.98,USD,Mail-In Kit,SIM-S007361,Mobile,Direct,Direct,,,,verified_site_price,true
SIM-2027-0190-02,SIM-2027-0190,2027-06-15,Online Store,C0106,Returning,P055,10806653845785,53147452932377,,blank_in_shopify,TechRevive Service Add-Ons,Mail-In Kit,Mail-In Kit,Mail-In Kit,Not applicable,Not applicable,Not applicable,Not applicable,Not applicable,1,19.99,19.99,USD,Mail-In Kit,SIM-S007361,Mobile,Direct,Direct,,,,verified_site_price,true
SIM-2027-0191-01,SIM-2027-0191,2027-06-15,Online Store,C0130,New,P049,10313115336985,53147931017497,TR-ALC-TMR-N-N,present_in_shopify,Build Your Own Controller Upgrades,TMR / None / None,Upgrade,Individual upgrades,Not applicable,TMR,None,None,PS5 DualSense,1,49.99,49.99,USD,Self ship,SIM-S007371,Desktop,Search,Google,,,,verified_site_price,true
SIM-2027-0192-01,SIM-2027-0192,2027-06-16,Online Store,C0131,New,P011,10307923411225,53147929116953,TR-REPAIR-BASIC-TMR-N,present_in_shopify,Mail-In Controller Repair Service,Basic / TMR / None,Repair,Repair service,Basic,TMR,None,None,Xbox Series X/S,1,76.98,76.98,USD,Self ship,SIM-S007400,Desktop,Email,Email campaign,,,,verified_site_price,true
SIM-2027-0193-01,SIM-2027-0193,2027-06-18,Online Store,C0132,New,P048,10313115336985,53147930886425,TR-ALC-HE-TRIG-N,present_in_shopify,Build Your Own Controller Upgrades,Hall Effect / Triggers and Bumpers / None,Upgrade,Individual upgrades,Not applicable,Hall Effect,Triggers and Bumpers,None,Xbox Series X/S,1,112.98,112.98,USD,Mail-In Kit,SIM-S007460,Mobile,Direct,Direct,,,,verified_site_price,true
SIM-2027-0193-02,SIM-2027-0193,2027-06-18,Online Store,C0132,New,P055,10806653845785,53147452932377,,blank_in_shopify,TechRevive Service Add-Ons,Mail-In Kit,Mail-In Kit,Mail-In Kit,Not applicable,Not applicable,Not applicable,Not applicable,Not applicable,1,19.99,19.99,USD,Mail-In Kit,SIM-S007460,Mobile,Direct,Direct,,,,verified_site_price,true
SIM-2027-0194-01,SIM-2027-0194,2027-06-21,Online Store,C0133,New,P011,10307923411225,53147929116953,TR-REPAIR-BASIC-TMR-N,present_in_shopify,Mail-In Controller Repair Service,Basic / TMR / None,Repair,Repair service,Basic,TMR,None,None,PS5 DualSense,1,76.98,76.98,USD,Self ship,SIM-S007600,Desktop,Search,Google,,,,verified_site_price,true
SIM-2027-0195-01,SIM-2027-0195,2027-06-21,eBay,C0102,Returning,P054,10754955936025,52968936898841,PS5-WHT-HE-003,present_in_shopify,Refurbished PS5 Glacier White Controller Hall Effect Joysticks,Default Title,Refurbished,Refurbished controller,Not applicable,Not applicable,Not applicable,Not applicable,PS5 DualSense,1,74.99,74.99,USD,Not applicable,,,,,,,SIM-REF-2027-032,verified_site_price,true
SIM-2027-0196-01,SIM-2027-0196,2027-06-22,Online Store,C0134,New,P027,10307923411225,53147929641241,TR-REPAIR-STANDARD-JCP,present_in_shopify,Mail-In Controller Repair Service,Standard / Joy-Con Pair / None,Repair,Repair service,Standard,None,None,None,Nintendo Switch Joy-Con Pair,1,80.98,80.98,USD,Mail-In Kit,SIM-S007668,Mobile,Email,Email campaign,,,,verified_site_price,true
SIM-2027-0196-02,SIM-2027-0196,2027-06-22,Online Store,C0134,New,P055,10806653845785,53147452932377,,blank_in_shopify,TechRevive Service Add-Ons,Mail-In Kit,Mail-In Kit,Mail-In Kit,Not applicable,Not applicable,Not applicable,Not applicable,Not applicable,1,19.99,19.99,USD,Mail-In Kit,SIM-S007668,Mobile,Email,Email campaign,,,,verified_site_price,true
SIM-2027-0197-01,SIM-2027-0197,2027-06-23,eBay,C0135,New,P051,10754952986905,52968922710297,PS5-GPR-001,present_in_shopify,Refurbished PS5 Galactic Purple Controller Hall Effect Joysticks,Default Title,Refurbished,Refurbished controller,Not applicable,Not applicable,Not applicable,Not applicable,PS5 DualSense,1,74.99,74.99,USD,Not applicable,,,,,,,SIM-REF-2027-033,verified_site_price,true
SIM-2027-0198-01,SIM-2027-0198,2027-06-23,eBay,C0136,New,P054,10754955936025,52968936898841,PS5-WHT-HE-003,present_in_shopify,Refurbished PS5 Glacier White Controller Hall Effect Joysticks,Default Title,Refurbished,Refurbished controller,Not applicable,Not applicable,Not applicable,Not applicable,PS5 DualSense,1,74.99,74.99,USD,Not applicable,,,,,,,SIM-REF-2027-034,verified_site_price,true
SIM-2027-0199-01,SIM-2027-0199,2027-06-23,Online Store,C0137,New,P062,,,,not_created_hypothetical_release,Masterpiece Controller - Simulated 2027 Release 01,PS5 DualSense,Masterpiece,Masterpiece controller,Not applicable,Not applicable,Not applicable,Not applicable,PS5 DualSense,1,1250.00,1250.00,USD,Not applicable,SIM-S007685,Mobile,Direct,Direct,MASTER-2027-01,1,SIM-MASTER-2027-01-01,owner_approved_simulation_range,true
SIM-2027-0200-01,SIM-2027-0200,2027-06-24,Online Store,C0004,Returning,P023,10307923411225,53147929510169,TR-REPAIR-STANDARD-TMR-N,present_in_shopify,Mail-In Controller Repair Service,Standard / TMR / None,Repair,Repair service,Standard,TMR,None,None,PS5 DualSense,1,91.98,91.98,USD,Self ship,SIM-S007755,Mobile,Social,Facebook,,,,verified_site_price,true
SIM-2027-0201-01,SIM-2027-0201,2027-06-25,eBay,C0085,Returning,P054,10754955936025,52968936898841,PS5-WHT-HE-003,present_in_shopify,Refurbished PS5 Glacier White Controller Hall Effect Joysticks,Default Title,Refurbished,Refurbished controller,Not applicable,Not applicable,Not applicable,Not applicable,PS5 DualSense,1,74.99,74.99,USD,Not applicable,,,,,,,SIM-REF-2027-035,verified_site_price,true
SIM-2027-0202-01,SIM-2027-0202,2027-06-26,Online Store,C0138,New,P041,10307762979097,52164166779161,TR-BUNDLE-AP,present_in_shopify,Performance Upgrade Bundles,APEX PREDATOR,Upgrade,Upgrade bundle,Not applicable,TMR,"Mouse-Click Triggers, Face Buttons and D-Pad",None,PS5 DualSense,1,129.99,129.99,USD,Self ship,SIM-S007867,Desktop,Direct,Direct,,,,verified_site_price,true
SIM-2027-0203-01,SIM-2027-0203,2027-06-27,Online Store,C0110,Returning,P045,10313115336985,53147930624281,TR-ALC-N-TRIG-N,present_in_shopify,Build Your Own Controller Upgrades,None / Triggers and Bumpers / None,Upgrade,Individual upgrades,Not applicable,None,Triggers and Bumpers,None,Xbox Series X/S,1,69.99,69.99,USD,Mail-In Kit,SIM-S007882,Tablet,Search,Google,,,,verified_site_price,true
SIM-2027-0203-02,SIM-2027-0203,2027-06-27,Online Store,C0110,Returning,P055,10806653845785,53147452932377,,blank_in_shopify,TechRevive Service Add-Ons,Mail-In Kit,Mail-In Kit,Mail-In Kit,Not applicable,Not applicable,Not applicable,Not applicable,Not applicable,1,19.99,19.99,USD,Mail-In Kit,SIM-S007882,Tablet,Search,Google,,,,verified_site_price,true
SIM-2027-0204-01,SIM-2027-0204,2027-06-27,eBay,C0139,New,P054,10754955936025,52968936898841,PS5-WHT-HE-003,present_in_shopify,Refurbished PS5 Glacier White Controller Hall Effect Joysticks,Default Title,Refurbished,Refurbished controller,Not applicable,Not applicable,Not applicable,Not applicable,PS5 DualSense,1,74.99,74.99,USD,Not applicable,,,,,,,SIM-REF-2027-036,verified_site_price,true
SIM-2027-0205-01,SIM-2027-0205,2027-06-27,Online Store,C0140,New,P007,10307923411225,53147928985881,TR-REPAIR-BASIC-HE-N,present_in_shopify,Mail-In Controller Repair Service,Basic / Hall Effect / None,Repair,Repair service,Basic,Hall Effect,None,None,Xbox Series X/S,1,69.98,69.98,USD,Self ship,SIM-S007926,Mobile,Direct,Direct,,,,verified_site_price,true
SIM-2027-0206-01,SIM-2027-0206,2027-06-29,Online Store,C0141,New,P019,10307923411225,53147929379097,TR-REPAIR-STANDARD-HE-N,present_in_shopify,Mail-In Controller Repair Service,Standard / Hall Effect / None,Repair,Repair service,Standard,Hall Effect,None,None,PS5 DualSense,1,84.98,84.98,USD,Mail-In Kit,SIM-S008022,Mobile,Direct,Direct,,,,verified_site_price,true
SIM-2027-0206-02,SIM-2027-0206,2027-06-29,Online Store,C0141,New,P055,10806653845785,53147452932377,,blank_in_shopify,TechRevive Service Add-Ons,Mail-In Kit,Mail-In Kit,Mail-In Kit,Not applicable,Not applicable,Not applicable,Not applicable,Not applicable,1,19.99,19.99,USD,Mail-In Kit,SIM-S008022,Mobile,Direct,Direct,,,,verified_site_price,true
SIM-2027-0207-01,SIM-2027-0207,2027-06-30,Online Store,C0142,New,P050,10313115336985,53147931246873,TR-ALC-TMR-FULL-4RI,present_in_shopify,Build Your Own Controller Upgrades,TMR / Complete Control Set / Four Rear Inputs,Upgrade,Individual upgrades,Not applicable,TMR,Complete Control Set,Four Rear Inputs,PS5 DualSense,1,244.97,244.97,USD,Self ship,SIM-S008064,Mobile,Search,Google,,,,verified_site_price,true
SIM-2027-0208-01,SIM-2027-0208,2027-06-30,Online Store,C0143,New,P001,10307923411225,52164748312857,TR-REPAIR-BASIC,present_in_shopify,Mail-In Controller Repair Service,Basic / None / None,Repair,Repair service,Basic,None,None,None,Xbox Series X/S,1,29.99,29.99,USD,Self ship,SIM-S008038,Desktop,Direct,Direct,,,,verified_site_price,true
SIM-2027-0209-01,SIM-2027-0209,2027-07-01,Online Store,C0144,New,P053,10754953085209,52968922808601,PS5-CMO-002,present_in_shopify,Refurbished PS5 Gray Camouflage Controller,Default Title,Refurbished,Refurbished controller,Not applicable,Not applicable,Not applicable,Not applicable,PS5 DualSense,1,59.99,59.99,USD,Not applicable,SIM-S008120,Mobile,Direct,Direct,,,SIM-REF-2027-037,verified_site_price,true
SIM-2027-0210-01,SIM-2027-0210,2027-07-01,Online Store,C0145,New,P059,,,,not_created_hypothetical_release,Premium Controller - Simulated 2027 Release 04,PS5 DualSense,Premium,Premium controller,Not applicable,Not applicable,Not applicable,Not applicable,PS5 DualSense,1,375.00,375.00,USD,Not applicable,SIM-S008122,Mobile,Direct,Direct,PREM-2027-04,1,SIM-PREM-2027-04-01,owner_approved_simulation_range,true
SIM-2027-0211-01,SIM-2027-0211,2027-07-02,Online Store,C0146,New,P021,10307923411225,53147929444633,TR-REPAIR-STANDARD-HE-4BP,present_in_shopify,Mail-In Controller Repair Service,Standard / Hall Effect / Four Back Paddles,Repair,Repair service,Standard,Hall Effect,None,Four Back Paddles,PS5 DualSense,1,174.97,174.97,USD,Self ship,SIM-S008128,Desktop,Direct,Direct,,,,verified_site_price,true
SIM-2027-0212-01,SIM-2027-0212,2027-07-04,Online Store,C0147,New,P007,10307923411225,53147928985881,TR-REPAIR-BASIC-HE-N,present_in_shopify,Mail-In Controller Repair Service,Basic / Hall Effect / None,Repair,Repair service,Basic,Hall Effect,None,None,PS5 DualSense,1,69.98,69.98,USD,Self ship,SIM-S008240,Desktop,Direct,Direct,,,,verified_site_price,true
SIM-2027-0213-01,SIM-2027-0213,2027-07-04,Online Store,C0148,New,P019,10307923411225,53147929379097,TR-REPAIR-STANDARD-HE-N,present_in_shopify,Mail-In Controller Repair Service,Standard / Hall Effect / None,Repair,Repair service,Standard,Hall Effect,None,None,PS5 DualSense,1,84.98,84.98,USD,Self ship,SIM-S008241,Desktop,Search,Google,,,,verified_site_price,true
SIM-2027-0214-01,SIM-2027-0214,2027-07-05,Online Store,C0105,Returning,P054,10754955936025,52968936898841,PS5-WHT-HE-003,present_in_shopify,Refurbished PS5 Glacier White Controller Hall Effect Joysticks,Default Title,Refurbished,Refurbished controller,Not applicable,Not applicable,Not applicable,Not applicable,PS5 DualSense,1,74.99,74.99,USD,Not applicable,SIM-S008325,Mobile,Email,Email campaign,,,SIM-REF-2027-038,verified_site_price,true
SIM-2027-0215-01,SIM-2027-0215,2027-07-05,Online Store,C0149,New,P046,10313115336985,53147930689817,TR-ALC-N-FULL-N,present_in_shopify,Build Your Own Controller Upgrades,None / Complete Control Set / None,Upgrade,Individual upgrades,Not applicable,None,Complete Control Set,None,Xbox Series X/S,1,99.99,99.99,USD,Self ship,SIM-S008270,Desktop,Direct,Direct,,,,verified_site_price,true
SIM-2027-0216-01,SIM-2027-0216,2027-07-06,Online Store,C0146,Returning,P059,,,,not_created_hypothetical_release,Premium Controller - Simulated 2027 Release 04,PS5 DualSense,Premium,Premium controller,Not applicable,Not applicable,Not applicable,Not applicable,PS5 DualSense,1,375.00,375.00,USD,Not applicable,SIM-S008347,Mobile,Search,Google,PREM-2027-04,2,SIM-PREM-2027-04-02,owner_approved_simulation_range,true
SIM-2027-0217-01,SIM-2027-0217,2027-07-07,Online Store,C0150,New,P041,10307762979097,52164166779161,TR-BUNDLE-AP,present_in_shopify,Performance Upgrade Bundles,APEX PREDATOR,Upgrade,Upgrade bundle,Not applicable,TMR,"Mouse-Click Triggers, Face Buttons and D-Pad",None,Xbox Series X/S,1,129.99,129.99,USD,Mail-In Kit,SIM-S008414,Mobile,Search,Google,,,,verified_site_price,true
SIM-2027-0217-02,SIM-2027-0217,2027-07-07,Online Store,C0150,New,P055,10806653845785,53147452932377,,blank_in_shopify,TechRevive Service Add-Ons,Mail-In Kit,Mail-In Kit,Mail-In Kit,Not applicable,Not applicable,Not applicable,Not applicable,Not applicable,1,19.99,19.99,USD,Mail-In Kit,SIM-S008414,Mobile,Search,Google,,,,verified_site_price,true
SIM-2027-0218-01,SIM-2027-0218,2027-07-08,Online Store,C0151,New,P003,10307923411225,52164748378393,TR-REPAIR-FTR,present_in_shopify,Mail-In Controller Repair Service,Full Tech Revival / None / None,Repair,Repair service,Full Tech Revival,None,None,None,PS4 DualShock 4,1,74.99,74.99,USD,Self ship,SIM-S008504,Tablet,Search,Google,,,,verified_site_price,true
SIM-2027-0219-01,SIM-2027-0219,2027-07-08,Online Store,C0045,Returning,P040,10307762979097,52164166746393,TR-BUNDLE-OB,present_in_shopify,Performance Upgrade Bundles,OUTBREAK,Upgrade,Upgrade bundle,Not applicable,Hall Effect,Mouse-Click Triggers,None,PS5 DualSense,1,79.99,79.99,USD,Self ship,SIM-S008459,Mobile,Direct,Direct,,,,verified_site_price,true
SIM-2027-0220-01,SIM-2027-0220,2027-07-09,Online Store,C0013,Returning,P041,10307762979097,52164166779161,TR-BUNDLE-AP,present_in_shopify,Performance Upgrade Bundles,APEX PREDATOR,Upgrade,Upgrade bundle,Not applicable,TMR,"Mouse-Click Triggers, Face Buttons and D-Pad",None,Xbox Series X/S,1,129.99,129.99,USD,Mail-In Kit,SIM-S008541,Mobile,Direct,Direct,,,,verified_site_price,true
SIM-2027-0220-02,SIM-2027-0220,2027-07-09,Online Store,C0013,Returning,P055,10806653845785,53147452932377,,blank_in_shopify,TechRevive Service Add-Ons,Mail-In Kit,Mail-In Kit,Mail-In Kit,Not applicable,Not applicable,Not applicable,Not applicable,Not applicable,1,19.99,19.99,USD,Mail-In Kit,SIM-S008541,Mobile,Direct,Direct,,,,verified_site_price,true
SIM-2027-0221-01,SIM-2027-0221,2027-07-09,Online Store,C0054,Returning,P043,10313115336985,53147930525977,TR-ALC-N-N-4RI,present_in_shopify,Build Your Own Controller Upgrades,None / None / Four Rear Inputs,Upgrade,Individual upgrades,Not applicable,None,None,Four Rear Inputs,PS5 DualSense,1,94.99,94.99,USD,Self ship,SIM-S008532,Mobile,Search,Google,,,,verified_site_price,true
SIM-2027-0222-01,SIM-2027-0222,2027-07-10,Online Store,C0007,Returning,P048,10313115336985,53147930886425,TR-ALC-HE-TRIG-N,present_in_shopify,Build Your Own Controller Upgrades,Hall Effect / Triggers and Bumpers / None,Upgrade,Individual upgrades,Not applicable,Hall Effect,Triggers and Bumpers,None,Nintendo Switch Pro,1,112.98,112.98,USD,Mail-In Kit,SIM-S008564,Desktop,Direct,Direct,,,,verified_site_price,true
SIM-2027-0222-02,SIM-2027-0222,2027-07-10,Online Store,C0007,Returning,P055,10806653845785,53147452932377,,blank_in_shopify,TechRevive Service Add-Ons,Mail-In Kit,Mail-In Kit,Mail-In Kit,Not applicable,Not applicable,Not applicable,Not applicable,Not applicable,1,19.99,19.99,USD,Mail-In Kit,SIM-S008564,Desktop,Direct,Direct,,,,verified_site_price,true
SIM-2027-0223-01,SIM-2027-0223,2027-07-10,Online Store,C0152,New,P059,,,,not_created_hypothetical_release,Premium Controller - Simulated 2027 Release 04,PS5 DualSense,Premium,Premium controller,Not applicable,Not applicable,Not applicable,Not applicable,PS5 DualSense,1,375.00,375.00,USD,Not applicable,SIM-S008595,Mobile,Search,Google,PREM-2027-04,3,SIM-PREM-2027-04-03,owner_approved_simulation_range,true
SIM-2027-0224-01,SIM-2027-0224,2027-07-11,Online Store,C0153,New,P012,10307923411225,53147929149721,TR-REPAIR-BASIC-TMR-MCT,present_in_shopify,Mail-In Controller Repair Service,Basic / TMR / Mouse-Click Triggers,Repair,Repair service,Basic,TMR,Mouse-Click Triggers,None,PS5 DualSense,1,141.97,141.97,USD,Mail-In Kit,SIM-S008626,Mobile,Social,Instagram,,,,verified_site_price,true
SIM-2027-0224-02,SIM-2027-0224,2027-07-11,Online Store,C0153,New,P055,10806653845785,53147452932377,,blank_in_shopify,TechRevive Service Add-Ons,Mail-In Kit,Mail-In Kit,Mail-In Kit,Not applicable,Not applicable,Not applicable,Not applicable,Not applicable,1,19.99,19.99,USD,Mail-In Kit,SIM-S008626,Mobile,Social,Instagram,,,,verified_site_price,true
SIM-2027-0225-01,SIM-2027-0225,2027-07-11,Online Store,C0154,New,P059,,,,not_created_hypothetical_release,Premium Controller - Simulated 2027 Release 04,PS5 DualSense,Premium,Premium controller,Not applicable,Not applicable,Not applicable,Not applicable,PS5 DualSense,1,375.00,375.00,USD,Not applicable,SIM-S008630,Desktop,Direct,Direct,PREM-2027-04,4,SIM-PREM-2027-04-04,owner_approved_simulation_range,true
SIM-2027-0226-01,SIM-2027-0226,2027-07-11,Online Store,C0048,Returning,P035,10307923411225,53147929903385,TR-REPAIR-FTR-TMR-N,present_in_shopify,Mail-In Controller Repair Service,Full Tech Revival / TMR / None,Repair,Repair service,Full Tech Revival,TMR,None,None,Xbox Series X/S,1,121.98,121.98,USD,Mail-In Kit,SIM-S008645,Desktop,Direct,Direct,,,,verified_site_price,true
SIM-2027-0226-02,SIM-2027-0226,2027-07-11,Online Store,C0048,Returning,P055,10806653845785,53147452932377,,blank_in_shopify,TechRevive Service Add-Ons,Mail-In Kit,Mail-In Kit,Mail-In Kit,Not applicable,Not applicable,Not applicable,Not applicable,Not applicable,1,19.99,19.99,USD,Mail-In Kit,SIM-S008645,Desktop,Direct,Direct,,,,verified_site_price,true
SIM-2027-0227-01,SIM-2027-0227,2027-07-11,Online Store,C0155,New,P039,10307923411225,53147930034457,TR-REPAIR-FTR-JCP,present_in_shopify,Mail-In Controller Repair Service,Full Tech Revival / Joy-Con Pair / None,Repair,Repair service,Full Tech Revival,None,None,None,Nintendo Switch Joy-Con Pair,1,134.98,134.98,USD,Mail-In Kit,SIM-S008660,Mobile,Direct,Direct,,,,verified_site_price,true
SIM-2027-0227-02,SIM-2027-0227,2027-07-11,Online Store,C0155,New,P055,10806653845785,53147452932377,,blank_in_shopify,TechRevive Service Add-Ons,Mail-In Kit,Mail-In Kit,Mail-In Kit,Not applicable,Not applicable,Not applicable,Not applicable,Not applicable,1,19.99,19.99,USD,Mail-In Kit,SIM-S008660,Mobile,Direct,Direct,,,,verified_site_price,true
SIM-2027-0228-01,SIM-2027-0228,2027-07-12,Online Store,C0156,New,P041,10307762979097,52164166779161,TR-BUNDLE-AP,present_in_shopify,Performance Upgrade Bundles,APEX PREDATOR,Upgrade,Upgrade bundle,Not applicable,TMR,"Mouse-Click Triggers, Face Buttons and D-Pad",None,Xbox Series X/S,1,129.99,129.99,USD,Self ship,SIM-S008685,Desktop,Email,Email campaign,,,,verified_site_price,true
SIM-2027-0229-01,SIM-2027-0229,2027-07-12,Online Store,C0157,New,P059,,,,not_created_hypothetical_release,Premium Controller - Simulated 2027 Release 04,PS5 DualSense,Premium,Premium controller,Not applicable,Not applicable,Not applicable,Not applicable,PS5 DualSense,1,375.00,375.00,USD,Not applicable,SIM-S008665,Mobile,Social,Facebook,PREM-2027-04,5,SIM-PREM-2027-04-05,owner_approved_simulation_range,true
SIM-2027-0230-01,SIM-2027-0230,2027-07-13,eBay,C0047,Returning,P052,10754953019673,52968922743065,PS5-WHT-HE-004,present_in_shopify,Refurbished PS5 Glacier White Controller Hall Effect Joysticks,Default Title,Refurbished,Refurbished controller,Not applicable,Not applicable,Not applicable,Not applicable,PS5 DualSense,1,69.99,69.99,USD,Not applicable,,,,,,,SIM-REF-2027-039,verified_site_price,true
SIM-2027-0231-01,SIM-2027-0231,2027-07-13,Online Store,C0074,Returning,P032,10307923411225,53147929805081,TR-REPAIR-FTR-HE-MCT,present_in_shopify,Mail-In Controller Repair Service,Full Tech Revival / Hall Effect / Mouse-Click Triggers,Repair,Repair service,Full Tech Revival,Hall Effect,Mouse-Click Triggers,None,PS5 DualSense,1,179.97,179.97,USD,Self ship,SIM-S008710,Mobile,Direct,Direct,,,,verified_site_price,true
SIM-2027-0232-01,SIM-2027-0232,2027-07-13,Online Store,C0064,Returning,P049,10313115336985,53147931017497,TR-ALC-TMR-N-N,present_in_shopify,Build Your Own Controller Upgrades,TMR / None / None,Upgrade,Individual upgrades,Not applicable,TMR,None,None,PS5 DualSense,1,49.99,49.99,USD,Self ship,SIM-S008717,Mobile,Social,Facebook,,,,verified_site_price,true
SIM-2027-0233-01,SIM-2027-0233,2027-07-16,Online Store,C0124,Returning,P023,10307923411225,53147929510169,TR-REPAIR-STANDARD-TMR-N,present_in_shopify,Mail-In Controller Repair Service,Standard / TMR / None,Repair,Repair service,Standard,TMR,None,None,PS5 DualSense,1,91.98,91.98,USD,Mail-In Kit,SIM-S008839,Mobile,Direct,Direct,,,,verified_site_price,true
SIM-2027-0233-02,SIM-2027-0233,2027-07-16,Online Store,C0124,Returning,P055,10806653845785,53147452932377,,blank_in_shopify,TechRevive Service Add-Ons,Mail-In Kit,Mail-In Kit,Mail-In Kit,Not applicable,Not applicable,Not applicable,Not applicable,Not applicable,1,19.99,19.99,USD,Mail-In Kit,SIM-S008839,Mobile,Direct,Direct,,,,verified_site_price,true
SIM-2027-0234-01,SIM-2027-0234,2027-07-16,Online Store,C0158,New,P059,,,,not_created_hypothetical_release,Premium Controller - Simulated 2027 Release 04,PS5 DualSense,Premium,Premium controller,Not applicable,Not applicable,Not applicable,Not applicable,PS5 DualSense,1,375.00,375.00,USD,Not applicable,SIM-S008868,Mobile,Search,Google,PREM-2027-04,6,SIM-PREM-2027-04-06,owner_approved_simulation_range,true
SIM-2027-0235-01,SIM-2027-0235,2027-07-17,Online Store,C0159,New,P011,10307923411225,53147929116953,TR-REPAIR-BASIC-TMR-N,present_in_shopify,Mail-In Controller Repair Service,Basic / TMR / None,Repair,Repair service,Basic,TMR,None,None,PS5 DualSense,1,76.98,76.98,USD,Self ship,SIM-S008931,Desktop,Social,Facebook,,,,verified_site_price,true
SIM-2027-0236-01,SIM-2027-0236,2027-07-17,eBay,C0091,Returning,P054,10754955936025,52968936898841,PS5-WHT-HE-003,present_in_shopify,Refurbished PS5 Glacier White Controller Hall Effect Joysticks,Default Title,Refurbished,Refurbished controller,Not applicable,Not applicable,Not applicable,Not applicable,PS5 DualSense,1,74.99,74.99,USD,Not applicable,,,,,,,SIM-REF-2027-040,verified_site_price,true
SIM-2027-0237-01,SIM-2027-0237,2027-07-18,eBay,C0044,Returning,P051,10754952986905,52968922710297,PS5-GPR-001,present_in_shopify,Refurbished PS5 Galactic Purple Controller Hall Effect Joysticks,Default Title,Refurbished,Refurbished controller,Not applicable,Not applicable,Not applicable,Not applicable,PS5 DualSense,1,74.99,74.99,USD,Not applicable,,,,,,,SIM-REF-2027-041,verified_site_price,true
SIM-2027-0238-01,SIM-2027-0238,2027-07-18,Online Store,C0118,Returning,P059,,,,not_created_hypothetical_release,Premium Controller - Simulated 2027 Release 04,PS5 DualSense,Premium,Premium controller,Not applicable,Not applicable,Not applicable,Not applicable,PS5 DualSense,1,375.00,375.00,USD,Not applicable,SIM-S008943,Mobile,Search,Google,PREM-2027-04,7,SIM-PREM-2027-04-07,owner_approved_simulation_range,true
SIM-2027-0239-01,SIM-2027-0239,2027-07-18,Online Store,C0160,New,P059,,,,not_created_hypothetical_release,Premium Controller - Simulated 2027 Release 04,PS5 DualSense,Premium,Premium controller,Not applicable,Not applicable,Not applicable,Not applicable,PS5 DualSense,1,375.00,375.00,USD,Not applicable,SIM-S008978,Mobile,Direct,Direct,PREM-2027-04,8,SIM-PREM-2027-04-08,owner_approved_simulation_range,true
SIM-2027-0240-01,SIM-2027-0240,2027-07-19,Online Store,C0161,New,P032,10307923411225,53147929805081,TR-REPAIR-FTR-HE-MCT,present_in_shopify,Mail-In Controller Repair Service,Full Tech Revival / Hall Effect / Mouse-Click Triggers,Repair,Repair service,Full Tech Revival,Hall Effect,Mouse-Click Triggers,None,PS5 DualSense,1,179.97,179.97,USD,Self ship,SIM-S009020,Mobile,Search,Google,,,,verified_site_price,true
SIM-2027-0241-01,SIM-2027-0241,2027-07-19,Online Store,C0162,New,P007,10307923411225,53147928985881,TR-REPAIR-BASIC-HE-N,present_in_shopify,Mail-In Controller Repair Service,Basic / Hall Effect / None,Repair,Repair service,Basic,Hall Effect,None,None,Xbox Series X/S,1,69.98,69.98,USD,Self ship,SIM-S009018,Tablet,Search,Google,,,,verified_site_price,true
SIM-2027-0242-01,SIM-2027-0242,2027-07-19,Online Store,C0163,New,P059,,,,not_created_hypothetical_release,Premium Controller - Simulated 2027 Release 04,PS5 DualSense,Premium,Premium controller,Not applicable,Not applicable,Not applicable,Not applicable,PS5 DualSense,1,375.00,375.00,USD,Not applicable,SIM-S008992,Desktop,Search,Google,PREM-2027-04,9,SIM-PREM-2027-04-09,owner_approved_simulation_range,true
SIM-2027-0243-01,SIM-2027-0243,2027-07-20,Online Store,C0164,New,P049,10313115336985,53147931017497,TR-ALC-TMR-N-N,present_in_shopify,Build Your Own Controller Upgrades,TMR / None / None,Upgrade,Individual upgrades,Not applicable,TMR,None,None,PS5 DualSense,1,49.99,49.99,USD,Mail-In Kit,SIM-S009058,Mobile,Direct,Direct,,,,verified_site_price,true
SIM-2027-0243-02,SIM-2027-0243,2027-07-20,Online Store,C0164,New,P055,10806653845785,53147452932377,,blank_in_shopify,TechRevive Service Add-Ons,Mail-In Kit,Mail-In Kit,Mail-In Kit,Not applicable,Not applicable,Not applicable,Not applicable,Not applicable,1,19.99,19.99,USD,Mail-In Kit,SIM-S009058,Mobile,Direct,Direct,,,,verified_site_price,true
SIM-2027-0244-01,SIM-2027-0244,2027-07-21,Online Store,C0165,New,P059,,,,not_created_hypothetical_release,Premium Controller - Simulated 2027 Release 04,PS5 DualSense,Premium,Premium controller,Not applicable,Not applicable,Not applicable,Not applicable,PS5 DualSense,1,375.00,375.00,USD,Not applicable,SIM-S009109,Desktop,Social,Instagram,PREM-2027-04,10,SIM-PREM-2027-04-10,owner_approved_simulation_range,true
SIM-2027-0245-01,SIM-2027-0245,2027-07-22,Online Store,C0166,New,P059,,,,not_created_hypothetical_release,Premium Controller - Simulated 2027 Release 04,PS5 DualSense,Premium,Premium controller,Not applicable,Not applicable,Not applicable,Not applicable,PS5 DualSense,1,375.00,375.00,USD,Not applicable,SIM-S009162,Tablet,Search,Google,PREM-2027-04,11,SIM-PREM-2027-04-11,owner_approved_simulation_range,true
SIM-2027-0246-01,SIM-2027-0246,2027-07-22,Online Store,C0023,Returning,P054,10754955936025,52968936898841,PS5-WHT-HE-003,present_in_shopify,Refurbished PS5 Glacier White Controller Hall Effect Joysticks,Default Title,Refurbished,Refurbished controller,Not applicable,Not applicable,Not applicable,Not applicable,PS5 DualSense,1,74.99,74.99,USD,Not applicable,SIM-S009152,Mobile,Social,Instagram,,,SIM-REF-2027-042,verified_site_price,true
SIM-2027-0247-01,SIM-2027-0247,2027-07-24,Online Store,C0167,New,P053,10754953085209,52968922808601,PS5-CMO-002,present_in_shopify,Refurbished PS5 Gray Camouflage Controller,Default Title,Refurbished,Refurbished controller,Not applicable,Not applicable,Not applicable,Not applicable,PS5 DualSense,1,59.99,59.99,USD,Not applicable,SIM-S009252,Mobile,Direct,Direct,,,SIM-REF-2027-043,verified_site_price,true
SIM-2027-0248-01,SIM-2027-0248,2027-07-25,eBay,C0023,Returning,P051,10754952986905,52968922710297,PS5-GPR-001,present_in_shopify,Refurbished PS5 Galactic Purple Controller Hall Effect Joysticks,Default Title,Refurbished,Refurbished controller,Not applicable,Not applicable,Not applicable,Not applicable,PS5 DualSense,1,74.99,74.99,USD,Not applicable,,,,,,,SIM-REF-2027-044,verified_site_price,true
SIM-2027-0249-01,SIM-2027-0249,2027-07-25,Online Store,C0097,Returning,P059,,,,not_created_hypothetical_release,Premium Controller - Simulated 2027 Release 04,PS5 DualSense,Premium,Premium controller,Not applicable,Not applicable,Not applicable,Not applicable,PS5 DualSense,1,375.00,375.00,USD,Not applicable,SIM-S009301,Desktop,Search,Google,PREM-2027-04,12,SIM-PREM-2027-04-12,owner_approved_simulation_range,true
SIM-2027-0250-01,SIM-2027-0250,2027-07-27,Online Store,C0168,New,P019,10307923411225,53147929379097,TR-REPAIR-STANDARD-HE-N,present_in_shopify,Mail-In Controller Repair Service,Standard / Hall Effect / None,Repair,Repair service,Standard,Hall Effect,None,None,PS5 DualSense,1,84.98,84.98,USD,Self ship,SIM-S009374,Mobile,Search,Google,,,,verified_site_price,true
SIM-2027-0251-01,SIM-2027-0251,2027-07-29,Online Store,C0169,New,P012,10307923411225,53147929149721,TR-REPAIR-BASIC-TMR-MCT,present_in_shopify,Mail-In Controller Repair Service,Basic / TMR / Mouse-Click Triggers,Repair,Repair service,Basic,TMR,Mouse-Click Triggers,None,PS5 DualSense,1,141.97,141.97,USD,Mail-In Kit,SIM-S009477,Mobile,Social,Instagram,,,,verified_site_price,true
SIM-2027-0251-02,SIM-2027-0251,2027-07-29,Online Store,C0169,New,P055,10806653845785,53147452932377,,blank_in_shopify,TechRevive Service Add-Ons,Mail-In Kit,Mail-In Kit,Mail-In Kit,Not applicable,Not applicable,Not applicable,Not applicable,Not applicable,1,19.99,19.99,USD,Mail-In Kit,SIM-S009477,Mobile,Social,Instagram,,,,verified_site_price,true
SIM-2027-0252-01,SIM-2027-0252,2027-07-29,Online Store,C0170,New,P042,10307762979097,52164166811929,TR-BUNDLE-PZ,present_in_shopify,Performance Upgrade Bundles,PATIENT ZERO,Upgrade,Upgrade bundle,Not applicable,TMR,"Mouse-Click Triggers, Face Buttons and D-Pad",Four Rear Inputs,PS5 DualSense,1,189.99,189.99,USD,Self ship,SIM-S009479,Tablet,Direct,Direct,,,,verified_site_price,true
SIM-2027-0253-01,SIM-2027-0253,2027-07-30,Online Store,C0171,New,P039,10307923411225,53147930034457,TR-REPAIR-FTR-JCP,present_in_shopify,Mail-In Controller Repair Service,Full Tech Revival / Joy-Con Pair / None,Repair,Repair service,Full Tech Revival,None,None,None,Nintendo Switch Joy-Con Pair,1,134.98,134.98,USD,Self ship,SIM-S009595,Mobile,Search,Google,,,,verified_site_price,true
SIM-2027-0254-01,SIM-2027-0254,2027-07-30,Online Store,C0172,New,P059,,,,not_created_hypothetical_release,Premium Controller - Simulated 2027 Release 04,PS5 DualSense,Premium,Premium controller,Not applicable,Not applicable,Not applicable,Not applicable,PS5 DualSense,1,375.00,375.00,USD,Not applicable,SIM-S009586,Desktop,Email,Email campaign,PREM-2027-04,13,SIM-PREM-2027-04-13,owner_approved_simulation_range,true
SIM-2027-0255-01,SIM-2027-0255,2027-07-31,Online Store,C0062,Returning,P059,,,,not_created_hypothetical_release,Premium Controller - Simulated 2027 Release 04,PS5 DualSense,Premium,Premium controller,Not applicable,Not applicable,Not applicable,Not applicable,PS5 DualSense,1,375.00,375.00,USD,Not applicable,SIM-S009661,Mobile,Direct,Direct,PREM-2027-04,14,SIM-PREM-2027-04-14,owner_approved_simulation_range,true
SIM-2027-0256-01,SIM-2027-0256,2027-07-31,Online Store,C0173,New,P047,10313115336985,53147930755353,TR-ALC-HE-N-N,present_in_shopify,Build Your Own Controller Upgrades,Hall Effect / None / None,Upgrade,Individual upgrades,Not applicable,Hall Effect,None,None,PS5 DualSense,1,42.99,42.99,USD,Self ship,SIM-S009629,Desktop,Search,Google,,,,verified_site_price,true
SIM-2027-0257-01,SIM-2027-0257,2027-07-31,Online Store,C0174,New,P059,,,,not_created_hypothetical_release,Premium Controller - Simulated 2027 Release 04,PS5 DualSense,Premium,Premium controller,Not applicable,Not applicable,Not applicable,Not applicable,PS5 DualSense,1,375.00,375.00,USD,Not applicable,SIM-S009626,Desktop,Direct,Direct,PREM-2027-04,15,SIM-PREM-2027-04-15,owner_approved_simulation_range,true
SIM-2027-0258-01,SIM-2027-0258,2027-08-02,Online Store,C0175,New,P023,10307923411225,53147929510169,TR-REPAIR-STANDARD-TMR-N,present_in_shopify,Mail-In Controller Repair Service,Standard / TMR / None,Repair,Repair service,Standard,TMR,None,None,Xbox Series X/S,1,91.98,91.98,USD,Mail-In Kit,SIM-S009710,Mobile,Social,Facebook,,,,verified_site_price,true
SIM-2027-0258-02,SIM-2027-0258,2027-08-02,Online Store,C0175,New,P055,10806653845785,53147452932377,,blank_in_shopify,TechRevive Service Add-Ons,Mail-In Kit,Mail-In Kit,Mail-In Kit,Not applicable,Not applicable,Not applicable,Not applicable,Not applicable,1,19.99,19.99,USD,Mail-In Kit,SIM-S009710,Mobile,Social,Facebook,,,,verified_site_price,true
SIM-2027-0259-01,SIM-2027-0259,2027-08-03,Online Store,C0139,Returning,P041,10307762979097,52164166779161,TR-BUNDLE-AP,present_in_shopify,Performance Upgrade Bundles,APEX PREDATOR,Upgrade,Upgrade bundle,Not applicable,TMR,"Mouse-Click Triggers, Face Buttons and D-Pad",None,PS5 DualSense,1,129.99,129.99,USD,Self ship,SIM-S009748,Mobile,Social,Instagram,,,,verified_site_price,true
SIM-2027-0260-01,SIM-2027-0260,2027-08-04,Online Store,C0073,Returning,P049,10313115336985,53147931017497,TR-ALC-TMR-N-N,present_in_shopify,Build Your Own Controller Upgrades,TMR / None / None,Upgrade,Individual upgrades,Not applicable,TMR,None,None,Xbox Series X/S,1,49.99,49.99,USD,Mail-In Kit,SIM-S009826,Mobile,Direct,Direct,,,,verified_site_price,true
SIM-2027-0260-02,SIM-2027-0260,2027-08-04,Online Store,C0073,Returning,P055,10806653845785,53147452932377,,blank_in_shopify,TechRevive Service Add-Ons,Mail-In Kit,Mail-In Kit,Mail-In Kit,Not applicable,Not applicable,Not applicable,Not applicable,Not applicable,1,19.99,19.99,USD,Mail-In Kit,SIM-S009826,Mobile,Direct,Direct,,,,verified_site_price,true
SIM-2027-0261-01,SIM-2027-0261,2027-08-04,Online Store,C0176,New,P011,10307923411225,53147929116953,TR-REPAIR-BASIC-TMR-N,present_in_shopify,Mail-In Controller Repair Service,Basic / TMR / None,Repair,Repair service,Basic,TMR,None,None,Xbox Series X/S,1,76.98,76.98,USD,Self ship,SIM-S009809,Desktop,Search,Google,,,,verified_site_price,true
SIM-2027-0262-01,SIM-2027-0262,2027-08-05,Online Store,C0177,New,P040,10307762979097,52164166746393,TR-BUNDLE-OB,present_in_shopify,Performance Upgrade Bundles,OUTBREAK,Upgrade,Upgrade bundle,Not applicable,Hall Effect,Mouse-Click Triggers,None,Xbox Series X/S,1,79.99,79.99,USD,Mail-In Kit,SIM-S009859,Tablet,Search,Google,,,,verified_site_price,true
SIM-2027-0262-02,SIM-2027-0262,2027-08-05,Online Store,C0177,New,P055,10806653845785,53147452932377,,blank_in_shopify,TechRevive Service Add-Ons,Mail-In Kit,Mail-In Kit,Mail-In Kit,Not applicable,Not applicable,Not applicable,Not applicable,Not applicable,1,19.99,19.99,USD,Mail-In Kit,SIM-S009859,Tablet,Search,Google,,,,verified_site_price,true
SIM-2027-0263-01,SIM-2027-0263,2027-08-08,eBay,C0178,New,P064,10754953052441,52968922775833,PS5-WHT-HE-001,present_in_shopify,Refurbished PS5 Glacier White Controller Hall Effect Joysticks,Default Title,Refurbished,Refurbished controller,Not applicable,Not applicable,Not applicable,Not applicable,PS5 DualSense,1,69.99,69.99,USD,Not applicable,,,,,,,SIM-REF-2027-045,verified_site_price,true
SIM-2027-0264-01,SIM-2027-0264,2027-08-09,Online Store,C0105,Returning,P027,10307923411225,53147929641241,TR-REPAIR-STANDARD-JCP,present_in_shopify,Mail-In Controller Repair Service,Standard / Joy-Con Pair / None,Repair,Repair service,Standard,None,None,None,Nintendo Switch Joy-Con Pair,1,80.98,80.98,USD,Self ship,SIM-S010056,Mobile,Direct,Direct,,,,verified_site_price,true
SIM-2027-0265-01,SIM-2027-0265,2027-08-09,Online Store,C0179,New,P045,10313115336985,53147930624281,TR-ALC-N-TRIG-N,present_in_shopify,Build Your Own Controller Upgrades,None / Triggers and Bumpers / None,Upgrade,Individual upgrades,Not applicable,None,Triggers and Bumpers,None,Xbox Series X/S,1,69.99,69.99,USD,Self ship,SIM-S010052,Desktop,Social,Instagram,,,,verified_site_price,true
SIM-2027-0266-01,SIM-2027-0266,2027-08-09,eBay,C0102,Returning,P053,10754953085209,52968922808601,PS5-CMO-002,present_in_shopify,Refurbished PS5 Gray Camouflage Controller,Default Title,Refurbished,Refurbished controller,Not applicable,Not applicable,Not applicable,Not applicable,PS5 DualSense,1,59.99,59.99,USD,Not applicable,,,,,,,SIM-REF-2027-046,verified_site_price,true
SIM-2027-0267-01,SIM-2027-0267,2027-08-09,Online Store,C0180,New,P031,10307923411225,53147929772313,TR-REPAIR-FTR-HE-N,present_in_shopify,Mail-In Controller Repair Service,Full Tech Revival / Hall Effect / None,Repair,Repair service,Full Tech Revival,Hall Effect,None,None,PS5 DualSense,1,114.98,114.98,USD,Self ship,SIM-S010023,Mobile,Direct,Direct,,,,verified_site_price,true
SIM-2027-0268-01,SIM-2027-0268,2027-08-12,Online Store,C0120,Returning,P053,10754953085209,52968922808601,PS5-CMO-002,present_in_shopify,Refurbished PS5 Gray Camouflage Controller,Default Title,Refurbished,Refurbished controller,Not applicable,Not applicable,Not applicable,Not applicable,PS5 DualSense,1,59.99,59.99,USD,Not applicable,SIM-S010211,Mobile,Direct,Direct,,,SIM-REF-2027-047,verified_site_price,true
SIM-2027-0269-01,SIM-2027-0269,2027-08-13,Online Store,C0181,New,P002,10307923411225,52164748345625,TR-REPAIR-STANDARD,present_in_shopify,Mail-In Controller Repair Service,Standard / None / None,Repair,Repair service,Standard,None,None,None,PS4 DualShock 4,1,44.99,44.99,USD,Self ship,SIM-S010283,Tablet,Direct,Direct,,,,verified_site_price,true
SIM-2027-0270-01,SIM-2027-0270,2027-08-16,Online Store,C0030,Returning,P024,10307923411225,53147929542937,TR-REPAIR-STANDARD-TMR-MCT,present_in_shopify,Mail-In Controller Repair Service,Standard / TMR / Mouse-Click Triggers,Repair,Repair service,Standard,TMR,Mouse-Click Triggers,None,PS5 DualSense,1,156.97,156.97,USD,Self ship,SIM-S010406,Mobile,Direct,Direct,,,,verified_site_price,true
SIM-2027-0271-01,SIM-2027-0271,2027-08-17,Online Store,C0182,New,P017,10307923411225,53147929313561,TR-REPAIR-STANDARD-N-4BP,present_in_shopify,Mail-In Controller Repair Service,Standard / None / Four Back Paddles,Repair,Repair service,Standard,None,None,Four Back Paddles,PS5 DualSense,1,134.98,134.98,USD,Self ship,SIM-S010414,Tablet,Direct,Direct,,,,verified_site_price,true
SIM-2027-0272-01,SIM-2027-0272,2027-08-18,eBay,C0096,Returning,P052,10754953019673,52968922743065,PS5-WHT-HE-004,present_in_shopify,Refurbished PS5 Glacier White Controller Hall Effect Joysticks,Default Title,Refurbished,Refurbished controller,Not applicable,Not applicable,Not applicable,Not applicable,PS5 DualSense,1,69.99,69.99,USD,Not applicable,,,,,,,SIM-REF-2027-048,verified_site_price,true
SIM-2027-0273-01,SIM-2027-0273,2027-08-19,Online Store,C0183,New,P043,10313115336985,53147930525977,TR-ALC-N-N-4RI,present_in_shopify,Build Your Own Controller Upgrades,None / None / Four Rear Inputs,Upgrade,Individual upgrades,Not applicable,None,None,Four Rear Inputs,Xbox Series X/S,1,94.99,94.99,USD,Self ship,SIM-S010537,Desktop,Search,Google,,,,verified_site_price,true
SIM-2027-0274-01,SIM-2027-0274,2027-08-20,Online Store,C0184,New,P026,10307923411225,53147929608473,TR-REPAIR-STANDARD-TMR-MCT-4BP,present_in_shopify,Mail-In Controller Repair Service,Standard / TMR / Mouse-Click Triggers + Four Back Paddles,Repair,Repair service,Standard,TMR,Mouse-Click Triggers,Four Back Paddles,PS5 DualSense,1,246.96,246.96,USD,Mail-In Kit,SIM-S010583,Mobile,Social,Instagram,,,,verified_site_price,true
SIM-2027-0274-02,SIM-2027-0274,2027-08-20,Online Store,C0184,New,P055,10806653845785,53147452932377,,blank_in_shopify,TechRevive Service Add-Ons,Mail-In Kit,Mail-In Kit,Mail-In Kit,Not applicable,Not applicable,Not applicable,Not applicable,Not applicable,1,19.99,19.99,USD,Mail-In Kit,SIM-S010583,Mobile,Social,Instagram,,,,verified_site_price,true
SIM-2027-0275-01,SIM-2027-0275,2027-08-20,Online Store,C0185,New,P011,10307923411225,53147929116953,TR-REPAIR-BASIC-TMR-N,present_in_shopify,Mail-In Controller Repair Service,Basic / TMR / None,Repair,Repair service,Basic,TMR,None,None,Xbox Series X/S,1,76.98,76.98,USD,Self ship,SIM-S010557,Desktop,Direct,Direct,,,,verified_site_price,true
SIM-2027-0276-01,SIM-2027-0276,2027-08-20,Online Store,C0052,Returning,P050,10313115336985,53147931246873,TR-ALC-TMR-FULL-4RI,present_in_shopify,Build Your Own Controller Upgrades,TMR / Complete Control Set / Four Rear Inputs,Upgrade,Individual upgrades,Not applicable,TMR,Complete Control Set,Four Rear Inputs,Xbox Series X/S,1,244.97,244.97,USD,Self ship,SIM-S010589,Mobile,Search,Google,,,,verified_site_price,true
SIM-2027-0277-01,SIM-2027-0277,2027-08-21,Online Store,C0186,New,P048,10313115336985,53147930886425,TR-ALC-HE-TRIG-N,present_in_shopify,Build Your Own Controller Upgrades,Hall Effect / Triggers and Bumpers / None,Upgrade,Individual upgrades,Not applicable,Hall Effect,Triggers and Bumpers,None,PS5 DualSense,1,112.98,112.98,USD,Self ship,SIM-S010637,Mobile,Direct,Direct,,,,verified_site_price,true
SIM-2027-0278-01,SIM-2027-0278,2027-08-22,Online Store,C0187,New,P011,10307923411225,53147929116953,TR-REPAIR-BASIC-TMR-N,present_in_shopify,Mail-In Controller Repair Service,Basic / TMR / None,Repair,Repair service,Basic,TMR,None,None,PS5 DualSense,1,76.98,76.98,USD,Self ship,SIM-S010690,Desktop,Search,Google,,,,verified_site_price,true
SIM-2027-0279-01,SIM-2027-0279,2027-08-22,Online Store,C0188,New,P044,10313115336985,53147930558745,TR-ALC-N-FACE-N,present_in_shopify,Build Your Own Controller Upgrades,None / Face Buttons and D-Pad / None,Upgrade,Individual upgrades,Not applicable,None,Face Buttons and D-Pad,None,PS5 DualSense,1,44.99,44.99,USD,Self ship,SIM-S010698,Desktop,Direct,Direct,,,,verified_site_price,true
SIM-2027-0280-01,SIM-2027-0280,2027-08-23,Online Store,C0189,New,P001,10307923411225,52164748312857,TR-REPAIR-BASIC,present_in_shopify,Mail-In Controller Repair Service,Basic / None / None,Repair,Repair service,Basic,None,None,None,Xbox Series X/S,1,29.99,29.99,USD,Self ship,SIM-S010734,Desktop,Social,Instagram,,,,verified_site_price,true
SIM-2027-0281-01,SIM-2027-0281,2027-08-24,Online Store,C0121,Returning,P049,10313115336985,53147931017497,TR-ALC-TMR-N-N,present_in_shopify,Build Your Own Controller Upgrades,TMR / None / None,Upgrade,Individual upgrades,Not applicable,TMR,None,None,PS5 DualSense,1,49.99,49.99,USD,Self ship,SIM-S010788,Mobile,Email,Email campaign,,,,verified_site_price,true
SIM-2027-0282-01,SIM-2027-0282,2027-08-27,eBay,C0190,New,P064,10754953052441,52968922775833,PS5-WHT-HE-001,present_in_shopify,Refurbished PS5 Glacier White Controller Hall Effect Joysticks,Default Title,Refurbished,Refurbished controller,Not applicable,Not applicable,Not applicable,Not applicable,PS5 DualSense,1,69.99,69.99,USD,Not applicable,,,,,,,SIM-REF-2027-049,verified_site_price,true
SIM-2027-0283-01,SIM-2027-0283,2027-08-28,Online Store,C0168,Returning,P045,10313115336985,53147930624281,TR-ALC-N-TRIG-N,present_in_shopify,Build Your Own Controller Upgrades,None / Triggers and Bumpers / None,Upgrade,Individual upgrades,Not applicable,None,Triggers and Bumpers,None,PS5 DualSense,1,69.99,69.99,USD,Self ship,SIM-S011025,Mobile,Email,Email campaign,,,,verified_site_price,true
SIM-2027-0284-01,SIM-2027-0284,2027-08-29,Online Store,C0191,New,P019,10307923411225,53147929379097,TR-REPAIR-STANDARD-HE-N,present_in_shopify,Mail-In Controller Repair Service,Standard / Hall Effect / None,Repair,Repair service,Standard,Hall Effect,None,None,Xbox Series X/S,1,84.98,84.98,USD,Mail-In Kit,SIM-S011059,Desktop,Email,Email campaign,,,,verified_site_price,true
SIM-2027-0284-02,SIM-2027-0284,2027-08-29,Online Store,C0191,New,P055,10806653845785,53147452932377,,blank_in_shopify,TechRevive Service Add-Ons,Mail-In Kit,Mail-In Kit,Mail-In Kit,Not applicable,Not applicable,Not applicable,Not applicable,Not applicable,1,19.99,19.99,USD,Mail-In Kit,SIM-S011059,Desktop,Email,Email campaign,,,,verified_site_price,true
SIM-2027-0285-01,SIM-2027-0285,2027-08-29,Online Store,C0155,Returning,P048,10313115336985,53147930886425,TR-ALC-HE-TRIG-N,present_in_shopify,Build Your Own Controller Upgrades,Hall Effect / Triggers and Bumpers / None,Upgrade,Individual upgrades,Not applicable,Hall Effect,Triggers and Bumpers,None,PS5 DualSense,1,112.98,112.98,USD,Self ship,SIM-S011104,Mobile,Direct,Direct,,,,verified_site_price,true
SIM-2027-0286-01,SIM-2027-0286,2027-08-29,Online Store,C0192,New,P002,10307923411225,52164748345625,TR-REPAIR-STANDARD,present_in_shopify,Mail-In Controller Repair Service,Standard / None / None,Repair,Repair service,Standard,None,None,None,PS5 DualSense,1,44.99,44.99,USD,Self ship,SIM-S011066,Mobile,Social,Facebook,,,,verified_site_price,true
SIM-2027-0287-01,SIM-2027-0287,2027-08-30,Online Store,C0193,New,P039,10307923411225,53147930034457,TR-REPAIR-FTR-JCP,present_in_shopify,Mail-In Controller Repair Service,Full Tech Revival / Joy-Con Pair / None,Repair,Repair service,Full Tech Revival,None,None,None,Nintendo Switch Joy-Con Pair,1,134.98,134.98,USD,Self ship,SIM-S011126,Desktop,Direct,Direct,,,,verified_site_price,true
SIM-2027-0288-01,SIM-2027-0288,2027-08-31,Online Store,C0194,New,P040,10307762979097,52164166746393,TR-BUNDLE-OB,present_in_shopify,Performance Upgrade Bundles,OUTBREAK,Upgrade,Upgrade bundle,Not applicable,Hall Effect,Mouse-Click Triggers,None,PS5 DualSense,1,79.99,79.99,USD,Mail-In Kit,SIM-S011136,Mobile,Direct,Direct,,,,verified_site_price,true
SIM-2027-0288-02,SIM-2027-0288,2027-08-31,Online Store,C0194,New,P055,10806653845785,53147452932377,,blank_in_shopify,TechRevive Service Add-Ons,Mail-In Kit,Mail-In Kit,Mail-In Kit,Not applicable,Not applicable,Not applicable,Not applicable,Not applicable,1,19.99,19.99,USD,Mail-In Kit,SIM-S011136,Mobile,Direct,Direct,,,,verified_site_price,true
SIM-2027-0289-01,SIM-2027-0289,2027-09-02,Online Store,C0195,New,P043,10313115336985,53147930525977,TR-ALC-N-N-4RI,present_in_shopify,Build Your Own Controller Upgrades,None / None / Four Rear Inputs,Upgrade,Individual upgrades,Not applicable,None,None,Four Rear Inputs,PS5 DualSense,1,94.99,94.99,USD,Self ship,SIM-S011246,Mobile,Email,Email campaign,,,,verified_site_price,true
SIM-2027-0290-01,SIM-2027-0290,2027-09-02,Online Store,C0196,New,P060,,,,not_created_hypothetical_release,Premium Controller - Simulated 2027 Release 05,PS5 DualSense,Premium,Premium controller,Not applicable,Not applicable,Not applicable,Not applicable,PS5 DualSense,1,500.00,500.00,USD,Not applicable,SIM-S011247,Mobile,Social,Instagram,PREM-2027-05,1,SIM-PREM-2027-05-01,owner_approved_simulation_range,true
SIM-2027-0291-01,SIM-2027-0291,2027-09-02,Online Store,C0197,New,P035,10307923411225,53147929903385,TR-REPAIR-FTR-TMR-N,present_in_shopify,Mail-In Controller Repair Service,Full Tech Revival / TMR / None,Repair,Repair service,Full Tech Revival,TMR,None,None,PS5 DualSense,1,121.98,121.98,USD,Self ship,SIM-S011269,Mobile,Direct,Direct,,,,verified_site_price,true
SIM-2027-0292-01,SIM-2027-0292,2027-09-03,Online Store,C0074,Returning,P060,,,,not_created_hypothetical_release,Premium Controller - Simulated 2027 Release 05,PS5 DualSense,Premium,Premium controller,Not applicable,Not applicable,Not applicable,Not applicable,PS5 DualSense,1,500.00,500.00,USD,Not applicable,SIM-S011340,Mobile,Social,Facebook,PREM-2027-05,2,SIM-PREM-2027-05-02,owner_approved_simulation_range,true
SIM-2027-0293-01,SIM-2027-0293,2027-09-04,Online Store,C0160,Returning,P047,10313115336985,53147930755353,TR-ALC-HE-N-N,present_in_shopify,Build Your Own Controller Upgrades,Hall Effect / None / None,Upgrade,Individual upgrades,Not applicable,Hall Effect,None,None,Xbox Series X/S,1,42.99,42.99,USD,Self ship,SIM-S011386,Mobile,Social,Instagram,,,,verified_site_price,true
SIM-2027-0294-01,SIM-2027-0294,2027-09-05,eBay,C0173,Returning,P053,10754953085209,52968922808601,PS5-CMO-002,present_in_shopify,Refurbished PS5 Gray Camouflage Controller,Default Title,Refurbished,Refurbished controller,Not applicable,Not applicable,Not applicable,Not applicable,PS5 DualSense,1,59.99,59.99,USD,Not applicable,,,,,,,SIM-REF-2027-050,verified_site_price,true
SIM-2027-0295-01,SIM-2027-0295,2027-09-07,Online Store,C0116,Returning,P047,10313115336985,53147930755353,TR-ALC-HE-N-N,present_in_shopify,Build Your Own Controller Upgrades,Hall Effect / None / None,Upgrade,Individual upgrades,Not applicable,Hall Effect,None,None,PS5 DualSense,1,42.99,42.99,USD,Self ship,SIM-S011508,Desktop,Direct,Direct,,,,verified_site_price,true
SIM-2027-0296-01,SIM-2027-0296,2027-09-07,eBay,C0124,Returning,P054,10754955936025,52968936898841,PS5-WHT-HE-003,present_in_shopify,Refurbished PS5 Glacier White Controller Hall Effect Joysticks,Default Title,Refurbished,Refurbished controller,Not applicable,Not applicable,Not applicable,Not applicable,PS5 DualSense,1,74.99,74.99,USD,Not applicable,,,,,,,SIM-REF-2027-051,verified_site_price,true
SIM-2027-0297-01,SIM-2027-0297,2027-09-08,Online Store,C0198,New,P048,10313115336985,53147930886425,TR-ALC-HE-TRIG-N,present_in_shopify,Build Your Own Controller Upgrades,Hall Effect / Triggers and Bumpers / None,Upgrade,Individual upgrades,Not applicable,Hall Effect,Triggers and Bumpers,None,PS5 DualSense,1,112.98,112.98,USD,Mail-In Kit,SIM-S011550,Desktop,Search,Google,,,,verified_site_price,true
SIM-2027-0297-02,SIM-2027-0297,2027-09-08,Online Store,C0198,New,P055,10806653845785,53147452932377,,blank_in_shopify,TechRevive Service Add-Ons,Mail-In Kit,Mail-In Kit,Mail-In Kit,Not applicable,Not applicable,Not applicable,Not applicable,Not applicable,1,19.99,19.99,USD,Mail-In Kit,SIM-S011550,Desktop,Search,Google,,,,verified_site_price,true
SIM-2027-0298-01,SIM-2027-0298,2027-09-09,Online Store,C0199,New,P001,10307923411225,52164748312857,TR-REPAIR-BASIC,present_in_shopify,Mail-In Controller Repair Service,Basic / None / None,Repair,Repair service,Basic,None,None,None,Nintendo Switch Pro,1,29.99,29.99,USD,Self ship,SIM-S011614,Mobile,Social,Instagram,,,,verified_site_price,true
SIM-2027-0299-01,SIM-2027-0299,2027-09-09,Online Store,C0200,New,P060,,,,not_created_hypothetical_release,Premium Controller - Simulated 2027 Release 05,PS5 DualSense,Premium,Premium controller,Not applicable,Not applicable,Not applicable,Not applicable,PS5 DualSense,1,500.00,500.00,USD,Not applicable,SIM-S011598,Desktop,Social,Instagram,PREM-2027-05,3,SIM-PREM-2027-05-03,owner_approved_simulation_range,true
SIM-2027-0300-01,SIM-2027-0300,2027-09-09,eBay,C0201,New,P053,10754953085209,52968922808601,PS5-CMO-002,present_in_shopify,Refurbished PS5 Gray Camouflage Controller,Default Title,Refurbished,Refurbished controller,Not applicable,Not applicable,Not applicable,Not applicable,PS5 DualSense,1,59.99,59.99,USD,Not applicable,,,,,,,SIM-REF-2027-052,verified_site_price,true
SIM-2027-0301-01,SIM-2027-0301,2027-09-09,Online Store,C0031,Returning,P060,,,,not_created_hypothetical_release,Premium Controller - Simulated 2027 Release 05,PS5 DualSense,Premium,Premium controller,Not applicable,Not applicable,Not applicable,Not applicable,PS5 DualSense,1,500.00,500.00,USD,Not applicable,SIM-S011593,Mobile,Social,Instagram,PREM-2027-05,4,SIM-PREM-2027-05-04,owner_approved_simulation_range,true
SIM-2027-0302-01,SIM-2027-0302,2027-09-09,Online Store,C0202,New,P011,10307923411225,53147929116953,TR-REPAIR-BASIC-TMR-N,present_in_shopify,Mail-In Controller Repair Service,Basic / TMR / None,Repair,Repair service,Basic,TMR,None,None,PS5 DualSense,1,76.98,76.98,USD,Self ship,SIM-S011634,Mobile,Direct,Direct,,,,verified_site_price,true
SIM-2027-0303-01,SIM-2027-0303,2027-09-09,Online Store,C0203,New,P060,,,,not_created_hypothetical_release,Premium Controller - Simulated 2027 Release 05,PS5 DualSense,Premium,Premium controller,Not applicable,Not applicable,Not applicable,Not applicable,PS5 DualSense,1,500.00,500.00,USD,Not applicable,SIM-S011627,Mobile,Direct,Direct,PREM-2027-05,5,SIM-PREM-2027-05-05,owner_approved_simulation_range,true
SIM-2027-0304-01,SIM-2027-0304,2027-09-09,eBay,C0153,Returning,P052,10754953019673,52968922743065,PS5-WHT-HE-004,present_in_shopify,Refurbished PS5 Glacier White Controller Hall Effect Joysticks,Default Title,Refurbished,Refurbished controller,Not applicable,Not applicable,Not applicable,Not applicable,PS5 DualSense,1,69.99,69.99,USD,Not applicable,,,,,,,SIM-REF-2027-053,verified_site_price,true
SIM-2027-0305-01,SIM-2027-0305,2027-09-09,Online Store,C0204,New,P060,,,,not_created_hypothetical_release,Premium Controller - Simulated 2027 Release 05,PS5 DualSense,Premium,Premium controller,Not applicable,Not applicable,Not applicable,Not applicable,PS5 DualSense,1,500.00,500.00,USD,Not applicable,SIM-S011610,Mobile,Social,Instagram,PREM-2027-05,6,SIM-PREM-2027-05-06,owner_approved_simulation_range,true
SIM-2027-0306-01,SIM-2027-0306,2027-09-11,eBay,C0205,New,P064,10754953052441,52968922775833,PS5-WHT-HE-001,present_in_shopify,Refurbished PS5 Glacier White Controller Hall Effect Joysticks,Default Title,Refurbished,Refurbished controller,Not applicable,Not applicable,Not applicable,Not applicable,PS5 DualSense,1,69.99,69.99,USD,Not applicable,,,,,,,SIM-REF-2027-054,verified_site_price,true
SIM-2027-0307-01,SIM-2027-0307,2027-09-11,Online Store,C0206,New,P040,10307762979097,52164166746393,TR-BUNDLE-OB,present_in_shopify,Performance Upgrade Bundles,OUTBREAK,Upgrade,Upgrade bundle,Not applicable,Hall Effect,Mouse-Click Triggers,None,Xbox Series X/S,1,79.99,79.99,USD,Self ship,SIM-S011743,Mobile,Social,Facebook,,,,verified_site_price,true
SIM-2027-0308-01,SIM-2027-0308,2027-09-12,Online Store,C0010,Returning,P060,,,,not_created_hypothetical_release,Premium Controller - Simulated 2027 Release 05,PS5 DualSense,Premium,Premium controller,Not applicable,Not applicable,Not applicable,Not applicable,PS5 DualSense,1,500.00,500.00,USD,Not applicable,SIM-S011810,Mobile,Social,Instagram,PREM-2027-05,7,SIM-PREM-2027-05-07,owner_approved_simulation_range,true
SIM-2027-0309-01,SIM-2027-0309,2027-09-12,Online Store,C0119,Returning,P027,10307923411225,53147929641241,TR-REPAIR-STANDARD-JCP,present_in_shopify,Mail-In Controller Repair Service,Standard / Joy-Con Pair / None,Repair,Repair service,Standard,None,None,None,Nintendo Switch Joy-Con Pair,1,80.98,80.98,USD,Self ship,SIM-S011770,Tablet,Search,Google,,,,verified_site_price,true
SIM-2027-0310-01,SIM-2027-0310,2027-09-13,eBay,C0207,New,P054,10754955936025,52968936898841,PS5-WHT-HE-003,present_in_shopify,Refurbished PS5 Glacier White Controller Hall Effect Joysticks,Default Title,Refurbished,Refurbished controller,Not applicable,Not applicable,Not applicable,Not applicable,PS5 DualSense,1,74.99,74.99,USD,Not applicable,,,,,,,SIM-REF-2027-055,verified_site_price,true
SIM-2027-0311-01,SIM-2027-0311,2027-09-14,Online Store,C0208,New,P060,,,,not_created_hypothetical_release,Premium Controller - Simulated 2027 Release 05,PS5 DualSense,Premium,Premium controller,Not applicable,Not applicable,Not applicable,Not applicable,PS5 DualSense,1,500.00,500.00,USD,Not applicable,SIM-S011959,Mobile,Search,Google,PREM-2027-05,8,SIM-PREM-2027-05-08,owner_approved_simulation_range,true
SIM-2027-0312-01,SIM-2027-0312,2027-09-14,Online Store,C0209,New,P049,10313115336985,53147931017497,TR-ALC-TMR-N-N,present_in_shopify,Build Your Own Controller Upgrades,TMR / None / None,Upgrade,Individual upgrades,Not applicable,TMR,None,None,PS5 DualSense,1,49.99,49.99,USD,Self ship,SIM-S011949,Mobile,Search,Google,,,,verified_site_price,true
SIM-2027-0313-01,SIM-2027-0313,2027-09-14,Online Store,C0016,Returning,P007,10307923411225,53147928985881,TR-REPAIR-BASIC-HE-N,present_in_shopify,Mail-In Controller Repair Service,Basic / Hall Effect / None,Repair,Repair service,Basic,Hall Effect,None,None,PS5 DualSense,1,69.98,69.98,USD,Self ship,SIM-S011890,Mobile,Search,Google,,,,verified_site_price,true
SIM-2027-0314-01,SIM-2027-0314,2027-09-15,Online Store,C0125,Returning,P041,10307762979097,52164166779161,TR-BUNDLE-AP,present_in_shopify,Performance Upgrade Bundles,APEX PREDATOR,Upgrade,Upgrade bundle,Not applicable,TMR,"Mouse-Click Triggers, Face Buttons and D-Pad",None,Nintendo Switch Pro,1,129.99,129.99,USD,Self ship,SIM-S012008,Mobile,Direct,Direct,,,,verified_site_price,true
SIM-2027-0315-01,SIM-2027-0315,2027-09-15,Online Store,C0096,Returning,P060,,,,not_created_hypothetical_release,Premium Controller - Simulated 2027 Release 05,PS5 DualSense,Premium,Premium controller,Not applicable,Not applicable,Not applicable,Not applicable,PS5 DualSense,1,500.00,500.00,USD,Not applicable,SIM-S012017,Desktop,Email,Email campaign,PREM-2027-05,9,SIM-PREM-2027-05-09,owner_approved_simulation_range,true
SIM-2027-0316-01,SIM-2027-0316,2027-09-15,Online Store,C0210,New,P008,10307923411225,53147929018649,TR-REPAIR-BASIC-HE-MCT,present_in_shopify,Mail-In Controller Repair Service,Basic / Hall Effect / Mouse-Click Triggers,Repair,Repair service,Basic,Hall Effect,Mouse-Click Triggers,None,PS5 DualSense,1,134.97,134.97,USD,Self ship,SIM-S011984,Mobile,Social,Instagram,,,,verified_site_price,true
SIM-2027-0317-01,SIM-2027-0317,2027-09-15,eBay,C0211,New,P054,10754955936025,52968936898841,PS5-WHT-HE-003,present_in_shopify,Refurbished PS5 Glacier White Controller Hall Effect Joysticks,Default Title,Refurbished,Refurbished controller,Not applicable,Not applicable,Not applicable,Not applicable,PS5 DualSense,1,74.99,74.99,USD,Not applicable,,,,,,,SIM-REF-2027-056,verified_site_price,true
SIM-2027-0318-01,SIM-2027-0318,2027-09-16,eBay,C0212,New,P052,10754953019673,52968922743065,PS5-WHT-HE-004,present_in_shopify,Refurbished PS5 Glacier White Controller Hall Effect Joysticks,Default Title,Refurbished,Refurbished controller,Not applicable,Not applicable,Not applicable,Not applicable,PS5 DualSense,1,69.99,69.99,USD,Not applicable,,,,,,,SIM-REF-2027-057,verified_site_price,true
SIM-2027-0319-01,SIM-2027-0319,2027-09-18,Online Store,C0213,New,P041,10307762979097,52164166779161,TR-BUNDLE-AP,present_in_shopify,Performance Upgrade Bundles,APEX PREDATOR,Upgrade,Upgrade bundle,Not applicable,TMR,"Mouse-Click Triggers, Face Buttons and D-Pad",None,Xbox Series X/S,1,129.99,129.99,USD,Self ship,SIM-S012173,Desktop,Social,Facebook,,,,verified_site_price,true
SIM-2027-0320-01,SIM-2027-0320,2027-09-19,Online Store,C0214,New,P060,,,,not_created_hypothetical_release,Premium Controller - Simulated 2027 Release 05,PS5 DualSense,Premium,Premium controller,Not applicable,Not applicable,Not applicable,Not applicable,PS5 DualSense,1,500.00,500.00,USD,Not applicable,SIM-S012204,Desktop,Direct,Direct,PREM-2027-05,10,SIM-PREM-2027-05-10,owner_approved_simulation_range,true
SIM-2027-0321-01,SIM-2027-0321,2027-09-19,Online Store,C0043,Returning,P007,10307923411225,53147928985881,TR-REPAIR-BASIC-HE-N,present_in_shopify,Mail-In Controller Repair Service,Basic / Hall Effect / None,Repair,Repair service,Basic,Hall Effect,None,None,PS5 DualSense,1,69.98,69.98,USD,Self ship,SIM-S012211,Desktop,Search,Google,,,,verified_site_price,true
SIM-2027-0322-01,SIM-2027-0322,2027-09-20,Online Store,C0070,Returning,P027,10307923411225,53147929641241,TR-REPAIR-STANDARD-JCP,present_in_shopify,Mail-In Controller Repair Service,Standard / Joy-Con Pair / None,Repair,Repair service,Standard,None,None,None,Nintendo Switch Joy-Con Pair,1,80.98,80.98,USD,Mail-In Kit,SIM-S012235,Mobile,Search,Google,,,,verified_site_price,true
SIM-2027-0322-02,SIM-2027-0322,2027-09-20,Online Store,C0070,Returning,P055,10806653845785,53147452932377,,blank_in_shopify,TechRevive Service Add-Ons,Mail-In Kit,Mail-In Kit,Mail-In Kit,Not applicable,Not applicable,Not applicable,Not applicable,Not applicable,1,19.99,19.99,USD,Mail-In Kit,SIM-S012235,Mobile,Search,Google,,,,verified_site_price,true
SIM-2027-0323-01,SIM-2027-0323,2027-09-20,Online Store,C0215,New,P013,10307923411225,53147929182489,TR-REPAIR-BASIC-TMR-4BP,present_in_shopify,Mail-In Controller Repair Service,Basic / TMR / Four Back Paddles,Repair,Repair service,Basic,TMR,None,Four Back Paddles,PS5 DualSense,1,166.97,166.97,USD,Mail-In Kit,SIM-S012278,Desktop,Email,Email campaign,,,,verified_site_price,true
SIM-2027-0323-02,SIM-2027-0323,2027-09-20,Online Store,C0215,New,P055,10806653845785,53147452932377,,blank_in_shopify,TechRevive Service Add-Ons,Mail-In Kit,Mail-In Kit,Mail-In Kit,Not applicable,Not applicable,Not applicable,Not applicable,Not applicable,1,19.99,19.99,USD,Mail-In Kit,SIM-S012278,Desktop,Email,Email campaign,,,,verified_site_price,true
SIM-2027-0324-01,SIM-2027-0324,2027-09-21,eBay,C0216,New,P054,10754955936025,52968936898841,PS5-WHT-HE-003,present_in_shopify,Refurbished PS5 Glacier White Controller Hall Effect Joysticks,Default Title,Refurbished,Refurbished controller,Not applicable,Not applicable,Not applicable,Not applicable,PS5 DualSense,1,74.99,74.99,USD,Not applicable,,,,,,,SIM-REF-2027-058,verified_site_price,true
SIM-2027-0325-01,SIM-2027-0325,2027-09-21,eBay,C0024,Returning,P051,10754952986905,52968922710297,PS5-GPR-001,present_in_shopify,Refurbished PS5 Galactic Purple Controller Hall Effect Joysticks,Default Title,Refurbished,Refurbished controller,Not applicable,Not applicable,Not applicable,Not applicable,PS5 DualSense,1,74.99,74.99,USD,Not applicable,,,,,,,SIM-REF-2027-059,verified_site_price,true
SIM-2027-0326-01,SIM-2027-0326,2027-09-23,Online Store,C0217,New,P049,10313115336985,53147931017497,TR-ALC-TMR-N-N,present_in_shopify,Build Your Own Controller Upgrades,TMR / None / None,Upgrade,Individual upgrades,Not applicable,TMR,None,None,PS5 DualSense,1,49.99,49.99,USD,Self ship,SIM-S012408,Mobile,Search,Google,,,,verified_site_price,true
SIM-2027-0327-01,SIM-2027-0327,2027-09-24,eBay,C0034,Returning,P064,10754953052441,52968922775833,PS5-WHT-HE-001,present_in_shopify,Refurbished PS5 Glacier White Controller Hall Effect Joysticks,Default Title,Refurbished,Refurbished controller,Not applicable,Not applicable,Not applicable,Not applicable,PS5 DualSense,1,69.99,69.99,USD,Not applicable,,,,,,,SIM-REF-2027-060,verified_site_price,true
SIM-2027-0328-01,SIM-2027-0328,2027-09-25,Online Store,C0046,Returning,P041,10307762979097,52164166779161,TR-BUNDLE-AP,present_in_shopify,Performance Upgrade Bundles,APEX PREDATOR,Upgrade,Upgrade bundle,Not applicable,TMR,"Mouse-Click Triggers, Face Buttons and D-Pad",None,Xbox Series X/S,1,129.99,129.99,USD,Mail-In Kit,SIM-S012519,Tablet,Direct,Direct,,,,verified_site_price,true
SIM-2027-0328-02,SIM-2027-0328,2027-09-25,Online Store,C0046,Returning,P055,10806653845785,53147452932377,,blank_in_shopify,TechRevive Service Add-Ons,Mail-In Kit,Mail-In Kit,Mail-In Kit,Not applicable,Not applicable,Not applicable,Not applicable,Not applicable,1,19.99,19.99,USD,Mail-In Kit,SIM-S012519,Tablet,Direct,Direct,,,,verified_site_price,true
SIM-2027-0329-01,SIM-2027-0329,2027-09-26,Online Store,C0218,New,P023,10307923411225,53147929510169,TR-REPAIR-STANDARD-TMR-N,present_in_shopify,Mail-In Controller Repair Service,Standard / TMR / None,Repair,Repair service,Standard,TMR,None,None,PS5 DualSense,1,91.98,91.98,USD,Self ship,SIM-S012598,Mobile,Direct,Direct,,,,verified_site_price,true
SIM-2027-0330-01,SIM-2027-0330,2027-09-26,Online Store,C0219,New,P060,,,,not_created_hypothetical_release,Premium Controller - Simulated 2027 Release 05,PS5 DualSense,Premium,Premium controller,Not applicable,Not applicable,Not applicable,Not applicable,PS5 DualSense,1,500.00,500.00,USD,Not applicable,SIM-S012571,Mobile,Social,Facebook,PREM-2027-05,11,SIM-PREM-2027-05-11,owner_approved_simulation_range,true
SIM-2027-0331-01,SIM-2027-0331,2027-09-26,Online Store,C0220,New,P049,10313115336985,53147931017497,TR-ALC-TMR-N-N,present_in_shopify,Build Your Own Controller Upgrades,TMR / None / None,Upgrade,Individual upgrades,Not applicable,TMR,None,None,Xbox Series X/S,1,49.99,49.99,USD,Self ship,SIM-S012555,Mobile,Social,Facebook,,,,verified_site_price,true
SIM-2027-0332-01,SIM-2027-0332,2027-09-27,Online Store,C0221,New,P002,10307923411225,52164748345625,TR-REPAIR-STANDARD,present_in_shopify,Mail-In Controller Repair Service,Standard / None / None,Repair,Repair service,Standard,None,None,None,PS4 DualShock 4,1,44.99,44.99,USD,Self ship,SIM-S012632,Desktop,Social,Instagram,,,,verified_site_price,true
SIM-2027-0333-01,SIM-2027-0333,2027-09-28,eBay,C0222,New,P054,10754955936025,52968936898841,PS5-WHT-HE-003,present_in_shopify,Refurbished PS5 Glacier White Controller Hall Effect Joysticks,Default Title,Refurbished,Refurbished controller,Not applicable,Not applicable,Not applicable,Not applicable,PS5 DualSense,1,74.99,74.99,USD,Not applicable,,,,,,,SIM-REF-2027-061,verified_site_price,true
SIM-2027-0334-01,SIM-2027-0334,2027-09-28,Online Store,C0223,New,P060,,,,not_created_hypothetical_release,Premium Controller - Simulated 2027 Release 05,PS5 DualSense,Premium,Premium controller,Not applicable,Not applicable,Not applicable,Not applicable,PS5 DualSense,1,500.00,500.00,USD,Not applicable,SIM-S012682,Mobile,Direct,Direct,PREM-2027-05,12,SIM-PREM-2027-05-12,owner_approved_simulation_range,true
SIM-2027-0335-01,SIM-2027-0335,2027-09-29,Online Store,C0224,New,P060,,,,not_created_hypothetical_release,Premium Controller - Simulated 2027 Release 05,PS5 DualSense,Premium,Premium controller,Not applicable,Not applicable,Not applicable,Not applicable,PS5 DualSense,1,500.00,500.00,USD,Not applicable,SIM-S012700,Mobile,Direct,Direct,PREM-2027-05,13,SIM-PREM-2027-05-13,owner_approved_simulation_range,true
SIM-2027-0336-01,SIM-2027-0336,2027-09-29,Online Store,C0214,Returning,P060,,,,not_created_hypothetical_release,Premium Controller - Simulated 2027 Release 05,PS5 DualSense,Premium,Premium controller,Not applicable,Not applicable,Not applicable,Not applicable,PS5 DualSense,1,500.00,500.00,USD,Not applicable,SIM-S012747,Mobile,Direct,Direct,PREM-2027-05,14,SIM-PREM-2027-05-14,owner_approved_simulation_range,true
SIM-2027-0337-01,SIM-2027-0337,2027-09-30,Online Store,C0225,New,P060,,,,not_created_hypothetical_release,Premium Controller - Simulated 2027 Release 05,PS5 DualSense,Premium,Premium controller,Not applicable,Not applicable,Not applicable,Not applicable,PS5 DualSense,1,500.00,500.00,USD,Not applicable,SIM-S012777,Mobile,Search,Google,PREM-2027-05,15,SIM-PREM-2027-05-15,owner_approved_simulation_range,true
SIM-2027-0338-01,SIM-2027-0338,2027-10-02,eBay,C0226,New,P053,10754953085209,52968922808601,PS5-CMO-002,present_in_shopify,Refurbished PS5 Gray Camouflage Controller,Default Title,Refurbished,Refurbished controller,Not applicable,Not applicable,Not applicable,Not applicable,PS5 DualSense,1,59.99,59.99,USD,Not applicable,,,,,,,SIM-REF-2027-062,verified_site_price,true
SIM-2027-0339-01,SIM-2027-0339,2027-10-04,eBay,C0176,Returning,P051,10754952986905,52968922710297,PS5-GPR-001,present_in_shopify,Refurbished PS5 Galactic Purple Controller Hall Effect Joysticks,Default Title,Refurbished,Refurbished controller,Not applicable,Not applicable,Not applicable,Not applicable,PS5 DualSense,1,74.99,74.99,USD,Not applicable,,,,,,,SIM-REF-2027-063,verified_site_price,true
SIM-2027-0340-01,SIM-2027-0340,2027-10-08,Online Store,C0227,New,P045,10313115336985,53147930624281,TR-ALC-N-TRIG-N,present_in_shopify,Build Your Own Controller Upgrades,None / Triggers and Bumpers / None,Upgrade,Individual upgrades,Not applicable,None,Triggers and Bumpers,None,PS5 DualSense,1,69.99,69.99,USD,Mail-In Kit,SIM-S013297,Mobile,Direct,Direct,,,,verified_site_price,true
SIM-2027-0340-02,SIM-2027-0340,2027-10-08,Online Store,C0227,New,P055,10806653845785,53147452932377,,blank_in_shopify,TechRevive Service Add-Ons,Mail-In Kit,Mail-In Kit,Mail-In Kit,Not applicable,Not applicable,Not applicable,Not applicable,Not applicable,1,19.99,19.99,USD,Mail-In Kit,SIM-S013297,Mobile,Direct,Direct,,,,verified_site_price,true
SIM-2027-0341-01,SIM-2027-0341,2027-10-10,Online Store,C0147,Returning,P020,10307923411225,53147929411865,TR-REPAIR-STANDARD-HE-MCT,present_in_shopify,Mail-In Controller Repair Service,Standard / Hall Effect / Mouse-Click Triggers,Repair,Repair service,Standard,Hall Effect,Mouse-Click Triggers,None,PS5 DualSense,1,149.97,149.97,USD,Mail-In Kit,SIM-S013393,Desktop,Direct,Direct,,,,verified_site_price,true
SIM-2027-0341-02,SIM-2027-0341,2027-10-10,Online Store,C0147,Returning,P055,10806653845785,53147452932377,,blank_in_shopify,TechRevive Service Add-Ons,Mail-In Kit,Mail-In Kit,Mail-In Kit,Not applicable,Not applicable,Not applicable,Not applicable,Not applicable,1,19.99,19.99,USD,Mail-In Kit,SIM-S013393,Desktop,Direct,Direct,,,,verified_site_price,true
SIM-2027-0342-01,SIM-2027-0342,2027-10-11,eBay,C0201,Returning,P054,10754955936025,52968936898841,PS5-WHT-HE-003,present_in_shopify,Refurbished PS5 Glacier White Controller Hall Effect Joysticks,Default Title,Refurbished,Refurbished controller,Not applicable,Not applicable,Not applicable,Not applicable,PS5 DualSense,1,74.99,74.99,USD,Not applicable,,,,,,,SIM-REF-2027-064,verified_site_price,true
SIM-2027-0343-01,SIM-2027-0343,2027-10-11,eBay,C0228,New,P054,10754955936025,52968936898841,PS5-WHT-HE-003,present_in_shopify,Refurbished PS5 Glacier White Controller Hall Effect Joysticks,Default Title,Refurbished,Refurbished controller,Not applicable,Not applicable,Not applicable,Not applicable,PS5 DualSense,1,74.99,74.99,USD,Not applicable,,,,,,,SIM-REF-2027-065,verified_site_price,true
SIM-2027-0344-01,SIM-2027-0344,2027-10-13,Online Store,C0229,New,P027,10307923411225,53147929641241,TR-REPAIR-STANDARD-JCP,present_in_shopify,Mail-In Controller Repair Service,Standard / Joy-Con Pair / None,Repair,Repair service,Standard,None,None,None,Nintendo Switch Joy-Con Pair,1,80.98,80.98,USD,Mail-In Kit,SIM-S013588,Mobile,Email,Email campaign,,,,verified_site_price,true
SIM-2027-0344-02,SIM-2027-0344,2027-10-13,Online Store,C0229,New,P055,10806653845785,53147452932377,,blank_in_shopify,TechRevive Service Add-Ons,Mail-In Kit,Mail-In Kit,Mail-In Kit,Not applicable,Not applicable,Not applicable,Not applicable,Not applicable,1,19.99,19.99,USD,Mail-In Kit,SIM-S013588,Mobile,Email,Email campaign,,,,verified_site_price,true
SIM-2027-0345-01,SIM-2027-0345,2027-10-13,Online Store,C0230,New,P023,10307923411225,53147929510169,TR-REPAIR-STANDARD-TMR-N,present_in_shopify,Mail-In Controller Repair Service,Standard / TMR / None,Repair,Repair service,Standard,TMR,None,None,PS5 DualSense,1,91.98,91.98,USD,Self ship,SIM-S013551,Desktop,Search,Google,,,,verified_site_price,true
SIM-2027-0346-01,SIM-2027-0346,2027-10-13,Online Store,C0231,New,P023,10307923411225,53147929510169,TR-REPAIR-STANDARD-TMR-N,present_in_shopify,Mail-In Controller Repair Service,Standard / TMR / None,Repair,Repair service,Standard,TMR,None,None,Xbox Series X/S,1,91.98,91.98,USD,Self ship,SIM-S013582,Desktop,Direct,Direct,,,,verified_site_price,true
SIM-2027-0347-01,SIM-2027-0347,2027-10-13,Online Store,C0232,New,P027,10307923411225,53147929641241,TR-REPAIR-STANDARD-JCP,present_in_shopify,Mail-In Controller Repair Service,Standard / Joy-Con Pair / None,Repair,Repair service,Standard,None,None,None,Nintendo Switch Joy-Con Pair,1,80.98,80.98,USD,Self ship,SIM-S013584,Mobile,Search,Google,,,,verified_site_price,true
SIM-2027-0348-01,SIM-2027-0348,2027-10-14,Online Store,C0233,New,P045,10313115336985,53147930624281,TR-ALC-N-TRIG-N,present_in_shopify,Build Your Own Controller Upgrades,None / Triggers and Bumpers / None,Upgrade,Individual upgrades,Not applicable,None,Triggers and Bumpers,None,PS5 DualSense,1,69.99,69.99,USD,Self ship,SIM-S013627,Desktop,Search,Google,,,,verified_site_price,true
SIM-2027-0349-01,SIM-2027-0349,2027-10-14,Online Store,C0234,New,P035,10307923411225,53147929903385,TR-REPAIR-FTR-TMR-N,present_in_shopify,Mail-In Controller Repair Service,Full Tech Revival / TMR / None,Repair,Repair service,Full Tech Revival,TMR,None,None,PS5 DualSense,1,121.98,121.98,USD,Self ship,SIM-S013624,Mobile,Social,Instagram,,,,verified_site_price,true
SIM-2027-0350-01,SIM-2027-0350,2027-10-14,eBay,C0235,New,P052,10754953019673,52968922743065,PS5-WHT-HE-004,present_in_shopify,Refurbished PS5 Glacier White Controller Hall Effect Joysticks,Default Title,Refurbished,Refurbished controller,Not applicable,Not applicable,Not applicable,Not applicable,PS5 DualSense,1,69.99,69.99,USD,Not applicable,,,,,,,SIM-REF-2027-066,verified_site_price,true
SIM-2027-0351-01,SIM-2027-0351,2027-10-14,Online Store,C0199,Returning,P023,10307923411225,53147929510169,TR-REPAIR-STANDARD-TMR-N,present_in_shopify,Mail-In Controller Repair Service,Standard / TMR / None,Repair,Repair service,Standard,TMR,None,None,Xbox Series X/S,1,91.98,91.98,USD,Self ship,SIM-S013630,Mobile,Direct,Direct,,,,verified_site_price,true
SIM-2027-0352-01,SIM-2027-0352,2027-10-15,Online Store,C0236,New,P019,10307923411225,53147929379097,TR-REPAIR-STANDARD-HE-N,present_in_shopify,Mail-In Controller Repair Service,Standard / Hall Effect / None,Repair,Repair service,Standard,Hall Effect,None,None,PS5 DualSense,1,84.98,84.98,USD,Self ship,SIM-S013690,Mobile,Direct,Direct,,,,verified_site_price,true
SIM-2027-0353-01,SIM-2027-0353,2027-10-15,Online Store,C0237,New,P007,10307923411225,53147928985881,TR-REPAIR-BASIC-HE-N,present_in_shopify,Mail-In Controller Repair Service,Basic / Hall Effect / None,Repair,Repair service,Basic,Hall Effect,None,None,Xbox Series X/S,1,69.98,69.98,USD,Self ship,SIM-S013681,Mobile,Social,Facebook,,,,verified_site_price,true
SIM-2027-0354-01,SIM-2027-0354,2027-10-15,Online Store,C0019,Returning,P036,10307923411225,53147929936153,TR-REPAIR-FTR-TMR-MCT,present_in_shopify,Mail-In Controller Repair Service,Full Tech Revival / TMR / Mouse-Click Triggers,Repair,Repair service,Full Tech Revival,TMR,Mouse-Click Triggers,None,PS5 DualSense,1,186.97,186.97,USD,Self ship,SIM-S013693,Mobile,Search,Google,,,,verified_site_price,true
SIM-2027-0355-01,SIM-2027-0355,2027-10-17,eBay,C0238,New,P054,10754955936025,52968936898841,PS5-WHT-HE-003,present_in_shopify,Refurbished PS5 Glacier White Controller Hall Effect Joysticks,Default Title,Refurbished,Refurbished controller,Not applicable,Not applicable,Not applicable,Not applicable,PS5 DualSense,1,74.99,74.99,USD,Not applicable,,,,,,,SIM-REF-2027-067,verified_site_price,true
SIM-2027-0356-01,SIM-2027-0356,2027-10-18,Online Store,C0239,New,P041,10307762979097,52164166779161,TR-BUNDLE-AP,present_in_shopify,Performance Upgrade Bundles,APEX PREDATOR,Upgrade,Upgrade bundle,Not applicable,TMR,"Mouse-Click Triggers, Face Buttons and D-Pad",None,PS5 DualSense,1,129.99,129.99,USD,Mail-In Kit,SIM-S013930,Mobile,Direct,Direct,,,,verified_site_price,true
SIM-2027-0356-02,SIM-2027-0356,2027-10-18,Online Store,C0239,New,P055,10806653845785,53147452932377,,blank_in_shopify,TechRevive Service Add-Ons,Mail-In Kit,Mail-In Kit,Mail-In Kit,Not applicable,Not applicable,Not applicable,Not applicable,Not applicable,1,19.99,19.99,USD,Mail-In Kit,SIM-S013930,Mobile,Direct,Direct,,,,verified_site_price,true
SIM-2027-0357-01,SIM-2027-0357,2027-10-21,eBay,C0240,New,P051,10754952986905,52968922710297,PS5-GPR-001,present_in_shopify,Refurbished PS5 Galactic Purple Controller Hall Effect Joysticks,Default Title,Refurbished,Refurbished controller,Not applicable,Not applicable,Not applicable,Not applicable,PS5 DualSense,1,74.99,74.99,USD,Not applicable,,,,,,,SIM-REF-2027-068,verified_site_price,true
SIM-2027-0358-01,SIM-2027-0358,2027-10-21,Online Store,C0074,Returning,P016,10307923411225,53147929280793,TR-REPAIR-STANDARD-N-MCT,present_in_shopify,Mail-In Controller Repair Service,Standard / None / Mouse-Click Triggers,Repair,Repair service,Standard,None,Mouse-Click Triggers,None,PS5 DualSense,1,109.98,109.98,USD,Mail-In Kit,SIM-S014072,Desktop,Search,Google,,,,verified_site_price,true
SIM-2027-0358-02,SIM-2027-0358,2027-10-21,Online Store,C0074,Returning,P055,10806653845785,53147452932377,,blank_in_shopify,TechRevive Service Add-Ons,Mail-In Kit,Mail-In Kit,Mail-In Kit,Not applicable,Not applicable,Not applicable,Not applicable,Not applicable,1,19.99,19.99,USD,Mail-In Kit,SIM-S014072,Desktop,Search,Google,,,,verified_site_price,true
SIM-2027-0359-01,SIM-2027-0359,2027-10-21,Online Store,C0241,New,P027,10307923411225,53147929641241,TR-REPAIR-STANDARD-JCP,present_in_shopify,Mail-In Controller Repair Service,Standard / Joy-Con Pair / None,Repair,Repair service,Standard,None,None,None,Nintendo Switch Joy-Con Pair,1,80.98,80.98,USD,Self ship,SIM-S014102,Desktop,Direct,Direct,,,,verified_site_price,true
SIM-2027-0360-01,SIM-2027-0360,2027-10-22,Online Store,C0242,New,P043,10313115336985,53147930525977,TR-ALC-N-N-4RI,present_in_shopify,Build Your Own Controller Upgrades,None / None / Four Rear Inputs,Upgrade,Individual upgrades,Not applicable,None,None,Four Rear Inputs,PS5 DualSense,1,94.99,94.99,USD,Mail-In Kit,SIM-S014128,Mobile,Search,Google,,,,verified_site_price,true
SIM-2027-0360-02,SIM-2027-0360,2027-10-22,Online Store,C0242,New,P055,10806653845785,53147452932377,,blank_in_shopify,TechRevive Service Add-Ons,Mail-In Kit,Mail-In Kit,Mail-In Kit,Not applicable,Not applicable,Not applicable,Not applicable,Not applicable,1,19.99,19.99,USD,Mail-In Kit,SIM-S014128,Mobile,Search,Google,,,,verified_site_price,true
SIM-2027-0361-01,SIM-2027-0361,2027-10-23,Online Store,C0243,New,P042,10307762979097,52164166811929,TR-BUNDLE-PZ,present_in_shopify,Performance Upgrade Bundles,PATIENT ZERO,Upgrade,Upgrade bundle,Not applicable,TMR,"Mouse-Click Triggers, Face Buttons and D-Pad",Four Rear Inputs,PS5 DualSense,1,189.99,189.99,USD,Self ship,SIM-S014212,Tablet,Direct,Direct,,,,verified_site_price,true
SIM-2027-0362-01,SIM-2027-0362,2027-10-24,Online Store,C0244,New,P024,10307923411225,53147929542937,TR-REPAIR-STANDARD-TMR-MCT,present_in_shopify,Mail-In Controller Repair Service,Standard / TMR / Mouse-Click Triggers,Repair,Repair service,Standard,TMR,Mouse-Click Triggers,None,PS5 DualSense,1,156.97,156.97,USD,Self ship,SIM-S014266,Desktop,Search,Google,,,,verified_site_price,true
SIM-2027-0363-01,SIM-2027-0363,2027-10-24,Online Store,C0023,Returning,P051,10754952986905,52968922710297,PS5-GPR-001,present_in_shopify,Refurbished PS5 Galactic Purple Controller Hall Effect Joysticks,Default Title,Refurbished,Refurbished controller,Not applicable,Not applicable,Not applicable,Not applicable,PS5 DualSense,1,74.99,74.99,USD,Not applicable,SIM-S014272,Desktop,Email,Email campaign,,,SIM-REF-2027-069,verified_site_price,true
SIM-2027-0364-01,SIM-2027-0364,2027-10-24,Online Store,C0245,New,P041,10307762979097,52164166779161,TR-BUNDLE-AP,present_in_shopify,Performance Upgrade Bundles,APEX PREDATOR,Upgrade,Upgrade bundle,Not applicable,TMR,"Mouse-Click Triggers, Face Buttons and D-Pad",None,PS5 DualSense,1,129.99,129.99,USD,Self ship,SIM-S014274,Mobile,Search,Google,,,,verified_site_price,true
SIM-2027-0365-01,SIM-2027-0365,2027-10-25,eBay,C0166,Returning,P051,10754952986905,52968922710297,PS5-GPR-001,present_in_shopify,Refurbished PS5 Galactic Purple Controller Hall Effect Joysticks,Default Title,Refurbished,Refurbished controller,Not applicable,Not applicable,Not applicable,Not applicable,PS5 DualSense,1,74.99,74.99,USD,Not applicable,,,,,,,SIM-REF-2027-070,verified_site_price,true
SIM-2027-0366-01,SIM-2027-0366,2027-10-25,Online Store,C0067,Returning,P049,10313115336985,53147931017497,TR-ALC-TMR-N-N,present_in_shopify,Build Your Own Controller Upgrades,TMR / None / None,Upgrade,Individual upgrades,Not applicable,TMR,None,None,Xbox Series X/S,1,49.99,49.99,USD,Mail-In Kit,SIM-S014305,Mobile,Direct,Direct,,,,verified_site_price,true
SIM-2027-0366-02,SIM-2027-0366,2027-10-25,Online Store,C0067,Returning,P055,10806653845785,53147452932377,,blank_in_shopify,TechRevive Service Add-Ons,Mail-In Kit,Mail-In Kit,Mail-In Kit,Not applicable,Not applicable,Not applicable,Not applicable,Not applicable,1,19.99,19.99,USD,Mail-In Kit,SIM-S014305,Mobile,Direct,Direct,,,,verified_site_price,true
SIM-2027-0367-01,SIM-2027-0367,2027-10-26,Online Store,C0246,New,P041,10307762979097,52164166779161,TR-BUNDLE-AP,present_in_shopify,Performance Upgrade Bundles,APEX PREDATOR,Upgrade,Upgrade bundle,Not applicable,TMR,"Mouse-Click Triggers, Face Buttons and D-Pad",None,PS5 DualSense,1,129.99,129.99,USD,Self ship,SIM-S014359,Desktop,Search,Google,,,,verified_site_price,true
SIM-2027-0368-01,SIM-2027-0368,2027-10-26,eBay,C0247,New,P053,10754953085209,52968922808601,PS5-CMO-002,present_in_shopify,Refurbished PS5 Gray Camouflage Controller,Default Title,Refurbished,Refurbished controller,Not applicable,Not applicable,Not applicable,Not applicable,PS5 DualSense,1,59.99,59.99,USD,Not applicable,,,,,,,SIM-REF-2027-071,verified_site_price,true
SIM-2027-0369-01,SIM-2027-0369,2027-10-26,Online Store,C0075,Returning,P002,10307923411225,52164748345625,TR-REPAIR-STANDARD,present_in_shopify,Mail-In Controller Repair Service,Standard / None / None,Repair,Repair service,Standard,None,None,None,Xbox Series X/S,1,44.99,44.99,USD,Mail-In Kit,SIM-S014368,Mobile,Search,Google,,,,verified_site_price,true
SIM-2027-0369-02,SIM-2027-0369,2027-10-26,Online Store,C0075,Returning,P055,10806653845785,53147452932377,,blank_in_shopify,TechRevive Service Add-Ons,Mail-In Kit,Mail-In Kit,Mail-In Kit,Not applicable,Not applicable,Not applicable,Not applicable,Not applicable,1,19.99,19.99,USD,Mail-In Kit,SIM-S014368,Mobile,Search,Google,,,,verified_site_price,true
SIM-2027-0370-01,SIM-2027-0370,2027-10-26,Online Store,C0248,New,P023,10307923411225,53147929510169,TR-REPAIR-STANDARD-TMR-N,present_in_shopify,Mail-In Controller Repair Service,Standard / TMR / None,Repair,Repair service,Standard,TMR,None,None,PS5 DualSense,1,91.98,91.98,USD,Mail-In Kit,SIM-S014357,Mobile,Search,Google,,,,verified_site_price,true
SIM-2027-0370-02,SIM-2027-0370,2027-10-26,Online Store,C0248,New,P055,10806653845785,53147452932377,,blank_in_shopify,TechRevive Service Add-Ons,Mail-In Kit,Mail-In Kit,Mail-In Kit,Not applicable,Not applicable,Not applicable,Not applicable,Not applicable,1,19.99,19.99,USD,Mail-In Kit,SIM-S014357,Mobile,Search,Google,,,,verified_site_price,true
SIM-2027-0371-01,SIM-2027-0371,2027-10-27,eBay,C0249,New,P053,10754953085209,52968922808601,PS5-CMO-002,present_in_shopify,Refurbished PS5 Gray Camouflage Controller,Default Title,Refurbished,Refurbished controller,Not applicable,Not applicable,Not applicable,Not applicable,PS5 DualSense,1,59.99,59.99,USD,Not applicable,,,,,,,SIM-REF-2027-072,verified_site_price,true
SIM-2027-0372-01,SIM-2027-0372,2027-10-28,Online Store,C0250,New,P035,10307923411225,53147929903385,TR-REPAIR-FTR-TMR-N,present_in_shopify,Mail-In Controller Repair Service,Full Tech Revival / TMR / None,Repair,Repair service,Full Tech Revival,TMR,None,None,PS5 DualSense,1,121.98,121.98,USD,Self ship,SIM-S014472,Mobile,Search,Google,,,,verified_site_price,true
SIM-2027-0373-01,SIM-2027-0373,2027-10-28,Online Store,C0251,New,P042,10307762979097,52164166811929,TR-BUNDLE-PZ,present_in_shopify,Performance Upgrade Bundles,PATIENT ZERO,Upgrade,Upgrade bundle,Not applicable,TMR,"Mouse-Click Triggers, Face Buttons and D-Pad",Four Rear Inputs,Xbox Series X/S,1,189.99,189.99,USD,Self ship,SIM-S014449,Desktop,Search,Google,,,,verified_site_price,true
SIM-2027-0374-01,SIM-2027-0374,2027-10-28,Online Store,C0252,New,P046,10313115336985,53147930689817,TR-ALC-N-FULL-N,present_in_shopify,Build Your Own Controller Upgrades,None / Complete Control Set / None,Upgrade,Individual upgrades,Not applicable,None,Complete Control Set,None,Nintendo Switch Pro,1,99.99,99.99,USD,Mail-In Kit,SIM-S014464,Desktop,Search,Google,,,,verified_site_price,true
SIM-2027-0374-02,SIM-2027-0374,2027-10-28,Online Store,C0252,New,P055,10806653845785,53147452932377,,blank_in_shopify,TechRevive Service Add-Ons,Mail-In Kit,Mail-In Kit,Mail-In Kit,Not applicable,Not applicable,Not applicable,Not applicable,Not applicable,1,19.99,19.99,USD,Mail-In Kit,SIM-S014464,Desktop,Search,Google,,,,verified_site_price,true
SIM-2027-0375-01,SIM-2027-0375,2027-10-29,Online Store,C0253,New,P015,10307923411225,53147929248025,TR-REPAIR-BASIC-JCP,present_in_shopify,Mail-In Controller Repair Service,Basic / Joy-Con Pair / None,Repair,Repair service,Basic,None,None,None,Nintendo Switch Joy-Con Pair,1,53.98,53.98,USD,Self ship,SIM-S014509,Desktop,Social,Facebook,,,,verified_site_price,true
SIM-2027-0376-01,SIM-2027-0376,2027-10-29,Online Store,C0115,Returning,P040,10307762979097,52164166746393,TR-BUNDLE-OB,present_in_shopify,Performance Upgrade Bundles,OUTBREAK,Upgrade,Upgrade bundle,Not applicable,Hall Effect,Mouse-Click Triggers,None,PS5 DualSense,1,79.99,79.99,USD,Mail-In Kit,SIM-S014520,Mobile,Direct,Direct,,,,verified_site_price,true
SIM-2027-0376-02,SIM-2027-0376,2027-10-29,Online Store,C0115,Returning,P055,10806653845785,53147452932377,,blank_in_shopify,TechRevive Service Add-Ons,Mail-In Kit,Mail-In Kit,Mail-In Kit,Not applicable,Not applicable,Not applicable,Not applicable,Not applicable,1,19.99,19.99,USD,Mail-In Kit,SIM-S014520,Mobile,Direct,Direct,,,,verified_site_price,true
SIM-2027-0377-01,SIM-2027-0377,2027-10-31,Online Store,C0254,New,P049,10313115336985,53147931017497,TR-ALC-TMR-N-N,present_in_shopify,Build Your Own Controller Upgrades,TMR / None / None,Upgrade,Individual upgrades,Not applicable,TMR,None,None,PS5 DualSense,1,49.99,49.99,USD,Self ship,SIM-S014636,Mobile,Search,Google,,,,verified_site_price,true
SIM-2027-0378-01,SIM-2027-0378,2027-11-01,eBay,C0255,New,P051,10754952986905,52968922710297,PS5-GPR-001,present_in_shopify,Refurbished PS5 Galactic Purple Controller Hall Effect Joysticks,Default Title,Refurbished,Refurbished controller,Not applicable,Not applicable,Not applicable,Not applicable,PS5 DualSense,1,74.99,74.99,USD,Not applicable,,,,,,,SIM-REF-2027-073,verified_site_price,true
SIM-2027-0379-01,SIM-2027-0379,2027-11-02,Online Store,C0038,Returning,P041,10307762979097,52164166779161,TR-BUNDLE-AP,present_in_shopify,Performance Upgrade Bundles,APEX PREDATOR,Upgrade,Upgrade bundle,Not applicable,TMR,"Mouse-Click Triggers, Face Buttons and D-Pad",None,PS5 DualSense,1,129.99,129.99,USD,Mail-In Kit,SIM-S014767,Mobile,Search,Google,,,,verified_site_price,true
SIM-2027-0379-02,SIM-2027-0379,2027-11-02,Online Store,C0038,Returning,P055,10806653845785,53147452932377,,blank_in_shopify,TechRevive Service Add-Ons,Mail-In Kit,Mail-In Kit,Mail-In Kit,Not applicable,Not applicable,Not applicable,Not applicable,Not applicable,1,19.99,19.99,USD,Mail-In Kit,SIM-S014767,Mobile,Search,Google,,,,verified_site_price,true
SIM-2027-0380-01,SIM-2027-0380,2027-11-02,Online Store,C0256,New,P031,10307923411225,53147929772313,TR-REPAIR-FTR-HE-N,present_in_shopify,Mail-In Controller Repair Service,Full Tech Revival / Hall Effect / None,Repair,Repair service,Full Tech Revival,Hall Effect,None,None,PS5 DualSense,1,114.98,114.98,USD,Self ship,SIM-S014757,Mobile,Direct,Direct,,,,verified_site_price,true
SIM-2027-0381-01,SIM-2027-0381,2027-11-02,Online Store,C0257,New,P002,10307923411225,52164748345625,TR-REPAIR-STANDARD,present_in_shopify,Mail-In Controller Repair Service,Standard / None / None,Repair,Repair service,Standard,None,None,None,PS4 DualShock 4,1,44.99,44.99,USD,Self ship,SIM-S014716,Desktop,Email,Email campaign,,,,verified_site_price,true
SIM-2027-0382-01,SIM-2027-0382,2027-11-03,Online Store,C0258,New,P061,,,,not_created_hypothetical_release,Premium Controller - Simulated 2027 Release 06,PS5 DualSense,Premium,Premium controller,Not applicable,Not applicable,Not applicable,Not applicable,PS5 DualSense,1,425.00,425.00,USD,Not applicable,SIM-S014788,Mobile,Search,Google,PREM-2027-06,1,SIM-PREM-2027-06-01,owner_approved_simulation_range,true
SIM-2027-0383-01,SIM-2027-0383,2027-11-03,Online Store,C0259,New,P019,10307923411225,53147929379097,TR-REPAIR-STANDARD-HE-N,present_in_shopify,Mail-In Controller Repair Service,Standard / Hall Effect / None,Repair,Repair service,Standard,Hall Effect,None,None,Nintendo Switch Pro,1,84.98,84.98,USD,Mail-In Kit,SIM-S014773,Desktop,Social,Instagram,,,,verified_site_price,true
SIM-2027-0383-02,SIM-2027-0383,2027-11-03,Online Store,C0259,New,P055,10806653845785,53147452932377,,blank_in_shopify,TechRevive Service Add-Ons,Mail-In Kit,Mail-In Kit,Mail-In Kit,Not applicable,Not applicable,Not applicable,Not applicable,Not applicable,1,19.99,19.99,USD,Mail-In Kit,SIM-S014773,Desktop,Social,Instagram,,,,verified_site_price,true
SIM-2027-0384-01,SIM-2027-0384,2027-11-03,Online Store,C0260,New,P027,10307923411225,53147929641241,TR-REPAIR-STANDARD-JCP,present_in_shopify,Mail-In Controller Repair Service,Standard / Joy-Con Pair / None,Repair,Repair service,Standard,None,None,None,Nintendo Switch Joy-Con Pair,1,80.98,80.98,USD,Self ship,SIM-S014801,Desktop,Search,Google,,,,verified_site_price,true
SIM-2027-0385-01,SIM-2027-0385,2027-11-04,Online Store,C0176,Returning,P035,10307923411225,53147929903385,TR-REPAIR-FTR-TMR-N,present_in_shopify,Mail-In Controller Repair Service,Full Tech Revival / TMR / None,Repair,Repair service,Full Tech Revival,TMR,None,None,PS5 DualSense,1,121.98,121.98,USD,Self ship,SIM-S014887,Tablet,Email,Email campaign,,,,verified_site_price,true
SIM-2027-0386-01,SIM-2027-0386,2027-11-05,eBay,C0261,New,P064,10754953052441,52968922775833,PS5-WHT-HE-001,present_in_shopify,Refurbished PS5 Glacier White Controller Hall Effect Joysticks,Default Title,Refurbished,Refurbished controller,Not applicable,Not applicable,Not applicable,Not applicable,PS5 DualSense,1,69.99,69.99,USD,Not applicable,,,,,,,SIM-REF-2027-074,verified_site_price,true
SIM-2027-0387-01,SIM-2027-0387,2027-11-05,Online Store,C0262,New,P061,,,,not_created_hypothetical_release,Premium Controller - Simulated 2027 Release 06,PS5 DualSense,Premium,Premium controller,Not applicable,Not applicable,Not applicable,Not applicable,PS5 DualSense,1,425.00,425.00,USD,Not applicable,SIM-S014920,Desktop,Email,Email campaign,PREM-2027-06,2,SIM-PREM-2027-06-02,owner_approved_simulation_range,true
SIM-2027-0388-01,SIM-2027-0388,2027-11-05,Online Store,C0263,New,P027,10307923411225,53147929641241,TR-REPAIR-STANDARD-JCP,present_in_shopify,Mail-In Controller Repair Service,Standard / Joy-Con Pair / None,Repair,Repair service,Standard,None,None,None,Nintendo Switch Joy-Con Pair,1,80.98,80.98,USD,Mail-In Kit,SIM-S014924,Mobile,Direct,Direct,,,,verified_site_price,true
SIM-2027-0388-02,SIM-2027-0388,2027-11-05,Online Store,C0263,New,P055,10806653845785,53147452932377,,blank_in_shopify,TechRevive Service Add-Ons,Mail-In Kit,Mail-In Kit,Mail-In Kit,Not applicable,Not applicable,Not applicable,Not applicable,Not applicable,1,19.99,19.99,USD,Mail-In Kit,SIM-S014924,Mobile,Direct,Direct,,,,verified_site_price,true
SIM-2027-0389-01,SIM-2027-0389,2027-11-08,eBay,C0190,Returning,P051,10754952986905,52968922710297,PS5-GPR-001,present_in_shopify,Refurbished PS5 Galactic Purple Controller Hall Effect Joysticks,Default Title,Refurbished,Refurbished controller,Not applicable,Not applicable,Not applicable,Not applicable,PS5 DualSense,1,74.99,74.99,USD,Not applicable,,,,,,,SIM-REF-2027-075,verified_site_price,true
SIM-2027-0390-01,SIM-2027-0390,2027-11-09,Online Store,C0264,New,P015,10307923411225,53147929248025,TR-REPAIR-BASIC-JCP,present_in_shopify,Mail-In Controller Repair Service,Basic / Joy-Con Pair / None,Repair,Repair service,Basic,None,None,None,Nintendo Switch Joy-Con Pair,1,53.98,53.98,USD,Self ship,SIM-S015249,Mobile,Email,Email campaign,,,,verified_site_price,true
SIM-2027-0391-01,SIM-2027-0391,2027-11-09,Online Store,C0265,New,P049,10313115336985,53147931017497,TR-ALC-TMR-N-N,present_in_shopify,Build Your Own Controller Upgrades,TMR / None / None,Upgrade,Individual upgrades,Not applicable,TMR,None,None,PS5 DualSense,1,49.99,49.99,USD,Mail-In Kit,SIM-S015268,Desktop,Direct,Direct,,,,verified_site_price,true
SIM-2027-0391-02,SIM-2027-0391,2027-11-09,Online Store,C0265,New,P055,10806653845785,53147452932377,,blank_in_shopify,TechRevive Service Add-Ons,Mail-In Kit,Mail-In Kit,Mail-In Kit,Not applicable,Not applicable,Not applicable,Not applicable,Not applicable,1,19.99,19.99,USD,Mail-In Kit,SIM-S015268,Desktop,Direct,Direct,,,,verified_site_price,true
SIM-2027-0392-01,SIM-2027-0392,2027-11-09,Online Store,C0266,New,P011,10307923411225,53147929116953,TR-REPAIR-BASIC-TMR-N,present_in_shopify,Mail-In Controller Repair Service,Basic / TMR / None,Repair,Repair service,Basic,TMR,None,None,PS5 DualSense,1,76.98,76.98,USD,Self ship,SIM-S015291,Mobile,Direct,Direct,,,,verified_site_price,true
SIM-2027-0393-01,SIM-2027-0393,2027-11-09,eBay,C0136,Returning,P053,10754953085209,52968922808601,PS5-CMO-002,present_in_shopify,Refurbished PS5 Gray Camouflage Controller,Default Title,Refurbished,Refurbished controller,Not applicable,Not applicable,Not applicable,Not applicable,PS5 DualSense,1,59.99,59.99,USD,Not applicable,,,,,,,SIM-REF-2027-076,verified_site_price,true
SIM-2027-0394-01,SIM-2027-0394,2027-11-10,Online Store,C0170,Returning,P002,10307923411225,52164748345625,TR-REPAIR-STANDARD,present_in_shopify,Mail-In Controller Repair Service,Standard / None / None,Repair,Repair service,Standard,None,None,None,PS5 DualSense,1,44.99,44.99,USD,Mail-In Kit,SIM-S015331,Mobile,Email,Email campaign,,,,verified_site_price,true
SIM-2027-0394-02,SIM-2027-0394,2027-11-10,Online Store,C0170,Returning,P055,10806653845785,53147452932377,,blank_in_shopify,TechRevive Service Add-Ons,Mail-In Kit,Mail-In Kit,Mail-In Kit,Not applicable,Not applicable,Not applicable,Not applicable,Not applicable,1,19.99,19.99,USD,Mail-In Kit,SIM-S015331,Mobile,Email,Email campaign,,,,verified_site_price,true
SIM-2027-0395-01,SIM-2027-0395,2027-11-10,Online Store,C0265,Returning,P040,10307762979097,52164166746393,TR-BUNDLE-OB,present_in_shopify,Performance Upgrade Bundles,OUTBREAK,Upgrade,Upgrade bundle,Not applicable,Hall Effect,Mouse-Click Triggers,None,Nintendo Switch Pro,1,79.99,79.99,USD,Self ship,SIM-S015313,Mobile,Search,Google,,,,verified_site_price,true
SIM-2027-0396-01,SIM-2027-0396,2027-11-11,Online Store,C0267,New,P044,10313115336985,53147930558745,TR-ALC-N-FACE-N,present_in_shopify,Build Your Own Controller Upgrades,None / Face Buttons and D-Pad / None,Upgrade,Individual upgrades,Not applicable,None,Face Buttons and D-Pad,None,PS5 DualSense,1,44.99,44.99,USD,Self ship,SIM-S015414,Mobile,Direct,Direct,,,,verified_site_price,true
SIM-2027-0397-01,SIM-2027-0397,2027-11-11,eBay,C0268,New,P051,10754952986905,52968922710297,PS5-GPR-001,present_in_shopify,Refurbished PS5 Galactic Purple Controller Hall Effect Joysticks,Default Title,Refurbished,Refurbished controller,Not applicable,Not applicable,Not applicable,Not applicable,PS5 DualSense,1,74.99,74.99,USD,Not applicable,,,,,,,SIM-REF-2027-077,verified_site_price,true
SIM-2027-0398-01,SIM-2027-0398,2027-11-14,Online Store,C0269,New,P061,,,,not_created_hypothetical_release,Premium Controller - Simulated 2027 Release 06,PS5 DualSense,Premium,Premium controller,Not applicable,Not applicable,Not applicable,Not applicable,PS5 DualSense,1,425.00,425.00,USD,Not applicable,SIM-S015605,Mobile,Email,Email campaign,PREM-2027-06,3,SIM-PREM-2027-06-03,owner_approved_simulation_range,true
SIM-2027-0399-01,SIM-2027-0399,2027-11-14,Online Store,C0270,New,P049,10313115336985,53147931017497,TR-ALC-TMR-N-N,present_in_shopify,Build Your Own Controller Upgrades,TMR / None / None,Upgrade,Individual upgrades,Not applicable,TMR,None,None,PS5 DualSense,1,49.99,49.99,USD,Self ship,SIM-S015574,Mobile,Search,Google,,,,verified_site_price,true
SIM-2027-0400-01,SIM-2027-0400,2027-11-15,Online Store,C0271,New,P027,10307923411225,53147929641241,TR-REPAIR-STANDARD-JCP,present_in_shopify,Mail-In Controller Repair Service,Standard / Joy-Con Pair / None,Repair,Repair service,Standard,None,None,None,Nintendo Switch Joy-Con Pair,1,80.98,80.98,USD,Self ship,SIM-S015637,Desktop,Social,Instagram,,,,verified_site_price,true
SIM-2027-0401-01,SIM-2027-0401,2027-11-16,Online Store,C0071,Returning,P061,,,,not_created_hypothetical_release,Premium Controller - Simulated 2027 Release 06,PS5 DualSense,Premium,Premium controller,Not applicable,Not applicable,Not applicable,Not applicable,PS5 DualSense,1,425.00,425.00,USD,Not applicable,SIM-S015747,Desktop,Social,Facebook,PREM-2027-06,4,SIM-PREM-2027-06-04,owner_approved_simulation_range,true
SIM-2027-0402-01,SIM-2027-0402,2027-11-16,Online Store,C0272,New,P020,10307923411225,53147929411865,TR-REPAIR-STANDARD-HE-MCT,present_in_shopify,Mail-In Controller Repair Service,Standard / Hall Effect / Mouse-Click Triggers,Repair,Repair service,Standard,Hall Effect,Mouse-Click Triggers,None,PS5 DualSense,1,149.97,149.97,USD,Self ship,SIM-S015678,Mobile,Social,Instagram,,,,verified_site_price,true
SIM-2027-0403-01,SIM-2027-0403,2027-11-16,eBay,C0273,New,P054,10754955936025,52968936898841,PS5-WHT-HE-003,present_in_shopify,Refurbished PS5 Glacier White Controller Hall Effect Joysticks,Default Title,Refurbished,Refurbished controller,Not applicable,Not applicable,Not applicable,Not applicable,PS5 DualSense,1,74.99,74.99,USD,Not applicable,,,,,,,SIM-REF-2027-078,verified_site_price,true
SIM-2027-0404-01,SIM-2027-0404,2027-11-16,Online Store,C0050,Returning,P040,10307762979097,52164166746393,TR-BUNDLE-OB,present_in_shopify,Performance Upgrade Bundles,OUTBREAK,Upgrade,Upgrade bundle,Not applicable,Hall Effect,Mouse-Click Triggers,None,Xbox Series X/S,1,79.99,79.99,USD,Self ship,SIM-S015720,Desktop,Social,Facebook,,,,verified_site_price,true
SIM-2027-0405-01,SIM-2027-0405,2027-11-17,Online Store,C0274,New,P051,10754952986905,52968922710297,PS5-GPR-001,present_in_shopify,Refurbished PS5 Galactic Purple Controller Hall Effect Joysticks,Default Title,Refurbished,Refurbished controller,Not applicable,Not applicable,Not applicable,Not applicable,PS5 DualSense,1,74.99,74.99,USD,Not applicable,SIM-S015815,Mobile,Direct,Direct,,,SIM-REF-2027-079,verified_site_price,true
SIM-2027-0406-01,SIM-2027-0406,2027-11-18,Online Store,C0275,New,P047,10313115336985,53147930755353,TR-ALC-HE-N-N,present_in_shopify,Build Your Own Controller Upgrades,Hall Effect / None / None,Upgrade,Individual upgrades,Not applicable,Hall Effect,None,None,PS5 DualSense,1,42.99,42.99,USD,Self ship,SIM-S015861,Mobile,Direct,Direct,,,,verified_site_price,true
SIM-2027-0407-01,SIM-2027-0407,2027-11-18,Online Store,C0276,New,P041,10307762979097,52164166779161,TR-BUNDLE-AP,present_in_shopify,Performance Upgrade Bundles,APEX PREDATOR,Upgrade,Upgrade bundle,Not applicable,TMR,"Mouse-Click Triggers, Face Buttons and D-Pad",None,Xbox Series X/S,1,129.99,129.99,USD,Self ship,SIM-S015858,Mobile,Direct,Direct,,,,verified_site_price,true
SIM-2027-0408-01,SIM-2027-0408,2027-11-18,Online Store,C0277,New,P041,10307762979097,52164166779161,TR-BUNDLE-AP,present_in_shopify,Performance Upgrade Bundles,APEX PREDATOR,Upgrade,Upgrade bundle,Not applicable,TMR,"Mouse-Click Triggers, Face Buttons and D-Pad",None,PS5 DualSense,1,129.99,129.99,USD,Mail-In Kit,SIM-S015867,Desktop,Email,Email campaign,,,,verified_site_price,true
SIM-2027-0408-02,SIM-2027-0408,2027-11-18,Online Store,C0277,New,P055,10806653845785,53147452932377,,blank_in_shopify,TechRevive Service Add-Ons,Mail-In Kit,Mail-In Kit,Mail-In Kit,Not applicable,Not applicable,Not applicable,Not applicable,Not applicable,1,19.99,19.99,USD,Mail-In Kit,SIM-S015867,Desktop,Email,Email campaign,,,,verified_site_price,true
SIM-2027-0409-01,SIM-2027-0409,2027-11-18,Online Store,C0278,New,P047,10313115336985,53147930755353,TR-ALC-HE-N-N,present_in_shopify,Build Your Own Controller Upgrades,Hall Effect / None / None,Upgrade,Individual upgrades,Not applicable,Hall Effect,None,None,Xbox Series X/S,1,42.99,42.99,USD,Mail-In Kit,SIM-S015840,Mobile,Direct,Direct,,,,verified_site_price,true
SIM-2027-0409-02,SIM-2027-0409,2027-11-18,Online Store,C0278,New,P055,10806653845785,53147452932377,,blank_in_shopify,TechRevive Service Add-Ons,Mail-In Kit,Mail-In Kit,Mail-In Kit,Not applicable,Not applicable,Not applicable,Not applicable,Not applicable,1,19.99,19.99,USD,Mail-In Kit,SIM-S015840,Mobile,Direct,Direct,,,,verified_site_price,true
SIM-2027-0410-01,SIM-2027-0410,2027-11-19,Online Store,C0279,New,P061,,,,not_created_hypothetical_release,Premium Controller - Simulated 2027 Release 06,PS5 DualSense,Premium,Premium controller,Not applicable,Not applicable,Not applicable,Not applicable,PS5 DualSense,1,425.00,425.00,USD,Not applicable,SIM-S015940,Mobile,Direct,Direct,PREM-2027-06,5,SIM-PREM-2027-06-05,owner_approved_simulation_range,true
SIM-2027-0411-01,SIM-2027-0411,2027-11-19,eBay,C0280,New,P054,10754955936025,52968936898841,PS5-WHT-HE-003,present_in_shopify,Refurbished PS5 Glacier White Controller Hall Effect Joysticks,Default Title,Refurbished,Refurbished controller,Not applicable,Not applicable,Not applicable,Not applicable,PS5 DualSense,1,74.99,74.99,USD,Not applicable,,,,,,,SIM-REF-2027-080,verified_site_price,true
SIM-2027-0412-01,SIM-2027-0412,2027-11-19,Online Store,C0281,New,P049,10313115336985,53147931017497,TR-ALC-TMR-N-N,present_in_shopify,Build Your Own Controller Upgrades,TMR / None / None,Upgrade,Individual upgrades,Not applicable,TMR,None,None,Xbox Series X/S,1,49.99,49.99,USD,Mail-In Kit,SIM-S015956,Mobile,Search,Google,,,,verified_site_price,true
SIM-2027-0412-02,SIM-2027-0412,2027-11-19,Online Store,C0281,New,P055,10806653845785,53147452932377,,blank_in_shopify,TechRevive Service Add-Ons,Mail-In Kit,Mail-In Kit,Mail-In Kit,Not applicable,Not applicable,Not applicable,Not applicable,Not applicable,1,19.99,19.99,USD,Mail-In Kit,SIM-S015956,Mobile,Search,Google,,,,verified_site_price,true
SIM-2027-0413-01,SIM-2027-0413,2027-11-21,Online Store,C0282,New,P023,10307923411225,53147929510169,TR-REPAIR-STANDARD-TMR-N,present_in_shopify,Mail-In Controller Repair Service,Standard / TMR / None,Repair,Repair service,Standard,TMR,None,None,PS5 DualSense,1,91.98,91.98,USD,Mail-In Kit,SIM-S016053,Mobile,Direct,Direct,,,,verified_site_price,true
SIM-2027-0413-02,SIM-2027-0413,2027-11-21,Online Store,C0282,New,P055,10806653845785,53147452932377,,blank_in_shopify,TechRevive Service Add-Ons,Mail-In Kit,Mail-In Kit,Mail-In Kit,Not applicable,Not applicable,Not applicable,Not applicable,Not applicable,1,19.99,19.99,USD,Mail-In Kit,SIM-S016053,Mobile,Direct,Direct,,,,verified_site_price,true
SIM-2027-0414-01,SIM-2027-0414,2027-11-22,Online Store,C0010,Returning,P061,,,,not_created_hypothetical_release,Premium Controller - Simulated 2027 Release 06,PS5 DualSense,Premium,Premium controller,Not applicable,Not applicable,Not applicable,Not applicable,PS5 DualSense,1,425.00,425.00,USD,Not applicable,SIM-S016066,Desktop,Direct,Direct,PREM-2027-06,6,SIM-PREM-2027-06-06,owner_approved_simulation_range,true
SIM-2027-0415-01,SIM-2027-0415,2027-11-22,eBay,C0283,New,P051,10754952986905,52968922710297,PS5-GPR-001,present_in_shopify,Refurbished PS5 Galactic Purple Controller Hall Effect Joysticks,Default Title,Refurbished,Refurbished controller,Not applicable,Not applicable,Not applicable,Not applicable,PS5 DualSense,1,74.99,74.99,USD,Not applicable,,,,,,,SIM-REF-2027-081,verified_site_price,true
SIM-2027-0416-01,SIM-2027-0416,2027-11-22,Online Store,C0284,New,P027,10307923411225,53147929641241,TR-REPAIR-STANDARD-JCP,present_in_shopify,Mail-In Controller Repair Service,Standard / Joy-Con Pair / None,Repair,Repair service,Standard,None,None,None,Nintendo Switch Joy-Con Pair,1,80.98,80.98,USD,Self ship,SIM-S016092,Desktop,Search,Google,,,,verified_site_price,true
SIM-2027-0417-01,SIM-2027-0417,2027-11-23,eBay,C0285,New,P052,10754953019673,52968922743065,PS5-WHT-HE-004,present_in_shopify,Refurbished PS5 Glacier White Controller Hall Effect Joysticks,Default Title,Refurbished,Refurbished controller,Not applicable,Not applicable,Not applicable,Not applicable,PS5 DualSense,1,69.99,69.99,USD,Not applicable,,,,,,,SIM-REF-2027-082,verified_site_price,true
SIM-2027-0418-01,SIM-2027-0418,2027-11-23,eBay,C0286,New,P054,10754955936025,52968936898841,PS5-WHT-HE-003,present_in_shopify,Refurbished PS5 Glacier White Controller Hall Effect Joysticks,Default Title,Refurbished,Refurbished controller,Not applicable,Not applicable,Not applicable,Not applicable,PS5 DualSense,1,74.99,74.99,USD,Not applicable,,,,,,,SIM-REF-2027-083,verified_site_price,true
SIM-2027-0419-01,SIM-2027-0419,2027-11-23,Online Store,C0287,New,P053,10754953085209,52968922808601,PS5-CMO-002,present_in_shopify,Refurbished PS5 Gray Camouflage Controller,Default Title,Refurbished,Refurbished controller,Not applicable,Not applicable,Not applicable,Not applicable,PS5 DualSense,1,59.99,59.99,USD,Not applicable,SIM-S016166,Mobile,Search,Google,,,SIM-REF-2027-084,verified_site_price,true
SIM-2027-0420-01,SIM-2027-0420,2027-11-23,Online Store,C0288,New,P061,,,,not_created_hypothetical_release,Premium Controller - Simulated 2027 Release 06,PS5 DualSense,Premium,Premium controller,Not applicable,Not applicable,Not applicable,Not applicable,PS5 DualSense,1,425.00,425.00,USD,Not applicable,SIM-S016190,Desktop,Direct,Direct,PREM-2027-06,7,SIM-PREM-2027-06-07,owner_approved_simulation_range,true
SIM-2027-0421-01,SIM-2027-0421,2027-11-23,Online Store,C0289,New,P061,,,,not_created_hypothetical_release,Premium Controller - Simulated 2027 Release 06,PS5 DualSense,Premium,Premium controller,Not applicable,Not applicable,Not applicable,Not applicable,PS5 DualSense,1,425.00,425.00,USD,Not applicable,SIM-S016201,Mobile,Direct,Direct,PREM-2027-06,8,SIM-PREM-2027-06-08,owner_approved_simulation_range,true
SIM-2027-0422-01,SIM-2027-0422,2027-11-23,Online Store,C0290,New,P064,10754953052441,52968922775833,PS5-WHT-HE-001,present_in_shopify,Refurbished PS5 Glacier White Controller Hall Effect Joysticks,Default Title,Refurbished,Refurbished controller,Not applicable,Not applicable,Not applicable,Not applicable,PS5 DualSense,1,69.99,69.99,USD,Not applicable,SIM-S016179,Mobile,Social,Facebook,,,SIM-REF-2027-085,verified_site_price,true
SIM-2027-0423-01,SIM-2027-0423,2027-11-24,Online Store,C0291,New,P002,10307923411225,52164748345625,TR-REPAIR-STANDARD,present_in_shopify,Mail-In Controller Repair Service,Standard / None / None,Repair,Repair service,Standard,None,None,None,Nintendo Switch Pro,1,44.99,44.99,USD,Self ship,SIM-S016231,Desktop,Email,Email campaign,,,,verified_site_price,true
SIM-2027-0424-01,SIM-2027-0424,2027-11-24,Online Store,C0104,Returning,P023,10307923411225,53147929510169,TR-REPAIR-STANDARD-TMR-N,present_in_shopify,Mail-In Controller Repair Service,Standard / TMR / None,Repair,Repair service,Standard,TMR,None,None,PS5 DualSense,1,91.98,91.98,USD,Mail-In Kit,SIM-S016244,Desktop,Direct,Direct,,,,verified_site_price,true
SIM-2027-0424-02,SIM-2027-0424,2027-11-24,Online Store,C0104,Returning,P055,10806653845785,53147452932377,,blank_in_shopify,TechRevive Service Add-Ons,Mail-In Kit,Mail-In Kit,Mail-In Kit,Not applicable,Not applicable,Not applicable,Not applicable,Not applicable,1,19.99,19.99,USD,Mail-In Kit,SIM-S016244,Desktop,Direct,Direct,,,,verified_site_price,true
SIM-2027-0425-01,SIM-2027-0425,2027-11-25,eBay,C0292,New,P051,10754952986905,52968922710297,PS5-GPR-001,present_in_shopify,Refurbished PS5 Galactic Purple Controller Hall Effect Joysticks,Default Title,Refurbished,Refurbished controller,Not applicable,Not applicable,Not applicable,Not applicable,PS5 DualSense,1,74.99,74.99,USD,Not applicable,,,,,,,SIM-REF-2027-086,verified_site_price,true
SIM-2027-0426-01,SIM-2027-0426,2027-11-25,Online Store,C0293,New,P061,,,,not_created_hypothetical_release,Premium Controller - Simulated 2027 Release 06,PS5 DualSense,Premium,Premium controller,Not applicable,Not applicable,Not applicable,Not applicable,PS5 DualSense,1,425.00,425.00,USD,Not applicable,SIM-S016273,Mobile,Direct,Direct,PREM-2027-06,9,SIM-PREM-2027-06-09,owner_approved_simulation_range,true
SIM-2027-0427-01,SIM-2027-0427,2027-11-25,Online Store,C0218,Returning,P061,,,,not_created_hypothetical_release,Premium Controller - Simulated 2027 Release 06,PS5 DualSense,Premium,Premium controller,Not applicable,Not applicable,Not applicable,Not applicable,PS5 DualSense,1,425.00,425.00,USD,Not applicable,SIM-S016275,Desktop,Direct,Direct,PREM-2027-06,10,SIM-PREM-2027-06-10,owner_approved_simulation_range,true
SIM-2027-0428-01,SIM-2027-0428,2027-11-25,Online Store,C0227,Returning,P044,10313115336985,53147930558745,TR-ALC-N-FACE-N,present_in_shopify,Build Your Own Controller Upgrades,None / Face Buttons and D-Pad / None,Upgrade,Individual upgrades,Not applicable,None,Face Buttons and D-Pad,None,PS5 DualSense,1,44.99,44.99,USD,Self ship,SIM-S016276,Desktop,Search,Google,,,,verified_site_price,true
SIM-2027-0429-01,SIM-2027-0429,2027-11-25,Online Store,C0065,Returning,P023,10307923411225,53147929510169,TR-REPAIR-STANDARD-TMR-N,present_in_shopify,Mail-In Controller Repair Service,Standard / TMR / None,Repair,Repair service,Standard,TMR,None,None,PS5 DualSense,1,91.98,91.98,USD,Mail-In Kit,SIM-S016296,Mobile,Direct,Direct,,,,verified_site_price,true
SIM-2027-0429-02,SIM-2027-0429,2027-11-25,Online Store,C0065,Returning,P055,10806653845785,53147452932377,,blank_in_shopify,TechRevive Service Add-Ons,Mail-In Kit,Mail-In Kit,Mail-In Kit,Not applicable,Not applicable,Not applicable,Not applicable,Not applicable,1,19.99,19.99,USD,Mail-In Kit,SIM-S016296,Mobile,Direct,Direct,,,,verified_site_price,true
SIM-2027-0430-01,SIM-2027-0430,2027-11-25,Online Store,C0294,New,P061,,,,not_created_hypothetical_release,Premium Controller - Simulated 2027 Release 06,PS5 DualSense,Premium,Premium controller,Not applicable,Not applicable,Not applicable,Not applicable,PS5 DualSense,1,425.00,425.00,USD,Not applicable,SIM-S016285,Mobile,Social,Facebook,PREM-2027-06,11,SIM-PREM-2027-06-11,owner_approved_simulation_range,true
SIM-2027-0431-01,SIM-2027-0431,2027-11-26,Online Store,C0295,New,P042,10307762979097,52164166811929,TR-BUNDLE-PZ,present_in_shopify,Performance Upgrade Bundles,PATIENT ZERO,Upgrade,Upgrade bundle,Not applicable,TMR,"Mouse-Click Triggers, Face Buttons and D-Pad",Four Rear Inputs,PS5 DualSense,1,189.99,189.99,USD,Self ship,SIM-S016343,Mobile,Search,Google,,,,verified_site_price,true
SIM-2027-0432-01,SIM-2027-0432,2027-11-26,Online Store,C0180,Returning,P042,10307762979097,52164166811929,TR-BUNDLE-PZ,present_in_shopify,Performance Upgrade Bundles,PATIENT ZERO,Upgrade,Upgrade bundle,Not applicable,TMR,"Mouse-Click Triggers, Face Buttons and D-Pad",Four Rear Inputs,Xbox Series X/S,1,189.99,189.99,USD,Self ship,SIM-S016327,Mobile,Email,Email campaign,,,,verified_site_price,true
SIM-2027-0433-01,SIM-2027-0433,2027-11-27,Online Store,C0296,New,P061,,,,not_created_hypothetical_release,Premium Controller - Simulated 2027 Release 06,PS5 DualSense,Premium,Premium controller,Not applicable,Not applicable,Not applicable,Not applicable,PS5 DualSense,1,425.00,425.00,USD,Not applicable,SIM-S016387,Mobile,Direct,Direct,PREM-2027-06,12,SIM-PREM-2027-06-12,owner_approved_simulation_range,true
SIM-2027-0434-01,SIM-2027-0434,2027-11-27,Online Store,C0057,Returning,P027,10307923411225,53147929641241,TR-REPAIR-STANDARD-JCP,present_in_shopify,Mail-In Controller Repair Service,Standard / Joy-Con Pair / None,Repair,Repair service,Standard,None,None,None,Nintendo Switch Joy-Con Pair,1,80.98,80.98,USD,Self ship,SIM-S016373,Desktop,Direct,Direct,,,,verified_site_price,true
SIM-2027-0435-01,SIM-2027-0435,2027-11-27,eBay,C0022,Returning,P051,10754952986905,52968922710297,PS5-GPR-001,present_in_shopify,Refurbished PS5 Galactic Purple Controller Hall Effect Joysticks,Default Title,Refurbished,Refurbished controller,Not applicable,Not applicable,Not applicable,Not applicable,PS5 DualSense,1,74.99,74.99,USD,Not applicable,,,,,,,SIM-REF-2027-087,verified_site_price,true
SIM-2027-0436-01,SIM-2027-0436,2027-11-29,eBay,C0167,Returning,P052,10754953019673,52968922743065,PS5-WHT-HE-004,present_in_shopify,Refurbished PS5 Glacier White Controller Hall Effect Joysticks,Default Title,Refurbished,Refurbished controller,Not applicable,Not applicable,Not applicable,Not applicable,PS5 DualSense,1,69.99,69.99,USD,Not applicable,,,,,,,SIM-REF-2027-088,verified_site_price,true
SIM-2027-0437-01,SIM-2027-0437,2027-11-29,Online Store,C0297,New,P061,,,,not_created_hypothetical_release,Premium Controller - Simulated 2027 Release 06,PS5 DualSense,Premium,Premium controller,Not applicable,Not applicable,Not applicable,Not applicable,PS5 DualSense,1,425.00,425.00,USD,Not applicable,SIM-S016491,Desktop,Search,Google,PREM-2027-06,13,SIM-PREM-2027-06-13,owner_approved_simulation_range,true
SIM-2027-0438-01,SIM-2027-0438,2027-11-29,Online Store,C0168,Returning,P061,,,,not_created_hypothetical_release,Premium Controller - Simulated 2027 Release 06,PS5 DualSense,Premium,Premium controller,Not applicable,Not applicable,Not applicable,Not applicable,PS5 DualSense,1,425.00,425.00,USD,Not applicable,SIM-S016497,Tablet,Social,Instagram,PREM-2027-06,14,SIM-PREM-2027-06-14,owner_approved_simulation_range,true
SIM-2027-0439-01,SIM-2027-0439,2027-11-29,Online Store,C0298,New,P003,10307923411225,52164748378393,TR-REPAIR-FTR,present_in_shopify,Mail-In Controller Repair Service,Full Tech Revival / None / None,Repair,Repair service,Full Tech Revival,None,None,None,Xbox Series X/S,1,74.99,74.99,USD,Mail-In Kit,SIM-S016484,Mobile,Direct,Direct,,,,verified_site_price,true
SIM-2027-0439-02,SIM-2027-0439,2027-11-29,Online Store,C0298,New,P055,10806653845785,53147452932377,,blank_in_shopify,TechRevive Service Add-Ons,Mail-In Kit,Mail-In Kit,Mail-In Kit,Not applicable,Not applicable,Not applicable,Not applicable,Not applicable,1,19.99,19.99,USD,Mail-In Kit,SIM-S016484,Mobile,Direct,Direct,,,,verified_site_price,true
SIM-2027-0440-01,SIM-2027-0440,2027-11-29,eBay,C0029,Returning,P051,10754952986905,52968922710297,PS5-GPR-001,present_in_shopify,Refurbished PS5 Galactic Purple Controller Hall Effect Joysticks,Default Title,Refurbished,Refurbished controller,Not applicable,Not applicable,Not applicable,Not applicable,PS5 DualSense,1,74.99,74.99,USD,Not applicable,,,,,,,SIM-REF-2027-089,verified_site_price,true
SIM-2027-0441-01,SIM-2027-0441,2027-11-29,eBay,C0299,New,P064,10754953052441,52968922775833,PS5-WHT-HE-001,present_in_shopify,Refurbished PS5 Glacier White Controller Hall Effect Joysticks,Default Title,Refurbished,Refurbished controller,Not applicable,Not applicable,Not applicable,Not applicable,PS5 DualSense,1,69.99,69.99,USD,Not applicable,,,,,,,SIM-REF-2027-090,verified_site_price,true
SIM-2027-0442-01,SIM-2027-0442,2027-11-30,Online Store,C0300,New,P061,,,,not_created_hypothetical_release,Premium Controller - Simulated 2027 Release 06,PS5 DualSense,Premium,Premium controller,Not applicable,Not applicable,Not applicable,Not applicable,PS5 DualSense,1,425.00,425.00,USD,Not applicable,SIM-S016537,Mobile,Direct,Direct,PREM-2027-06,15,SIM-PREM-2027-06-15,owner_approved_simulation_range,true
SIM-2027-0443-01,SIM-2027-0443,2027-11-30,Online Store,C0272,Returning,P028,10307923411225,53147929674009,TR-REPAIR-FTR-N-MCT,present_in_shopify,Mail-In Controller Repair Service,Full Tech Revival / None / Mouse-Click Triggers,Repair,Repair service,Full Tech Revival,None,Mouse-Click Triggers,None,PS5 DualSense,1,139.98,139.98,USD,Self ship,SIM-S016580,Mobile,Direct,Direct,,,,verified_site_price,true
SIM-2027-0444-01,SIM-2027-0444,2027-11-30,Online Store,C0301,New,P033,10307923411225,53147929837849,TR-REPAIR-FTR-HE-4BP,present_in_shopify,Mail-In Controller Repair Service,Full Tech Revival / Hall Effect / Four Back Paddles,Repair,Repair service,Full Tech Revival,Hall Effect,None,Four Back Paddles,PS5 DualSense,1,204.97,204.97,USD,Self ship,SIM-S016543,Mobile,Email,Email campaign,,,,verified_site_price,true
SIM-2027-0445-01,SIM-2027-0445,2027-11-30,eBay,C0302,New,P051,10754952986905,52968922710297,PS5-GPR-001,present_in_shopify,Refurbished PS5 Galactic Purple Controller Hall Effect Joysticks,Default Title,Refurbished,Refurbished controller,Not applicable,Not applicable,Not applicable,Not applicable,PS5 DualSense,1,74.99,74.99,USD,Not applicable,,,,,,,SIM-REF-2027-091,verified_site_price,true
SIM-2027-0446-01,SIM-2027-0446,2027-12-02,Online Store,C0303,New,P023,10307923411225,53147929510169,TR-REPAIR-STANDARD-TMR-N,present_in_shopify,Mail-In Controller Repair Service,Standard / TMR / None,Repair,Repair service,Standard,TMR,None,None,PS5 DualSense,1,91.98,91.98,USD,Self ship,SIM-S016678,Desktop,Search,Google,,,,verified_site_price,true
SIM-2027-0447-01,SIM-2027-0447,2027-12-02,Online Store,C0304,New,P045,10313115336985,53147930624281,TR-ALC-N-TRIG-N,present_in_shopify,Build Your Own Controller Upgrades,None / Triggers and Bumpers / None,Upgrade,Individual upgrades,Not applicable,None,Triggers and Bumpers,None,PS5 DualSense,1,69.99,69.99,USD,Mail-In Kit,SIM-S016654,Tablet,Search,Google,,,,verified_site_price,true
SIM-2027-0447-02,SIM-2027-0447,2027-12-02,Online Store,C0304,New,P055,10806653845785,53147452932377,,blank_in_shopify,TechRevive Service Add-Ons,Mail-In Kit,Mail-In Kit,Mail-In Kit,Not applicable,Not applicable,Not applicable,Not applicable,Not applicable,1,19.99,19.99,USD,Mail-In Kit,SIM-S016654,Tablet,Search,Google,,,,verified_site_price,true
SIM-2027-0448-01,SIM-2027-0448,2027-12-02,Online Store,C0305,New,P052,10754953019673,52968922743065,PS5-WHT-HE-004,present_in_shopify,Refurbished PS5 Glacier White Controller Hall Effect Joysticks,Default Title,Refurbished,Refurbished controller,Not applicable,Not applicable,Not applicable,Not applicable,PS5 DualSense,1,69.99,69.99,USD,Not applicable,SIM-S016707,Mobile,Social,Instagram,,,SIM-REF-2027-092,verified_site_price,true
SIM-2027-0449-01,SIM-2027-0449,2027-12-02,Online Store,C0306,New,P018,10307923411225,53147929346329,TR-REPAIR-STANDARD-N-MCT-4BP,present_in_shopify,Mail-In Controller Repair Service,Standard / None / Mouse-Click Triggers + Four Back Paddles,Repair,Repair service,Standard,None,Mouse-Click Triggers,Four Back Paddles,PS5 DualSense,1,199.97,199.97,USD,Self ship,SIM-S016703,Desktop,Direct,Direct,,,,verified_site_price,true
SIM-2027-0450-01,SIM-2027-0450,2027-12-02,Online Store,C0031,Returning,P012,10307923411225,53147929149721,TR-REPAIR-BASIC-TMR-MCT,present_in_shopify,Mail-In Controller Repair Service,Basic / TMR / Mouse-Click Triggers,Repair,Repair service,Basic,TMR,Mouse-Click Triggers,None,PS5 DualSense,1,141.97,141.97,USD,Self ship,SIM-S016711,Desktop,Direct,Direct,,,,verified_site_price,true
SIM-2027-0451-01,SIM-2027-0451,2027-12-02,Online Store,C0307,New,P043,10313115336985,53147930525977,TR-ALC-N-N-4RI,present_in_shopify,Build Your Own Controller Upgrades,None / None / Four Rear Inputs,Upgrade,Individual upgrades,Not applicable,None,None,Four Rear Inputs,PS5 DualSense,1,94.99,94.99,USD,Mail-In Kit,SIM-S016691,Desktop,Direct,Direct,,,,verified_site_price,true
SIM-2027-0451-02,SIM-2027-0451,2027-12-02,Online Store,C0307,New,P055,10806653845785,53147452932377,,blank_in_shopify,TechRevive Service Add-Ons,Mail-In Kit,Mail-In Kit,Mail-In Kit,Not applicable,Not applicable,Not applicable,Not applicable,Not applicable,1,19.99,19.99,USD,Mail-In Kit,SIM-S016691,Desktop,Direct,Direct,,,,verified_site_price,true
SIM-2027-0452-01,SIM-2027-0452,2027-12-05,Online Store,C0308,New,P015,10307923411225,53147929248025,TR-REPAIR-BASIC-JCP,present_in_shopify,Mail-In Controller Repair Service,Basic / Joy-Con Pair / None,Repair,Repair service,Basic,None,None,None,Nintendo Switch Joy-Con Pair,1,53.98,53.98,USD,Self ship,SIM-S016865,Desktop,Direct,Direct,,,,verified_site_price,true
SIM-2027-0453-01,SIM-2027-0453,2027-12-05,Online Store,C0309,New,P024,10307923411225,53147929542937,TR-REPAIR-STANDARD-TMR-MCT,present_in_shopify,Mail-In Controller Repair Service,Standard / TMR / Mouse-Click Triggers,Repair,Repair service,Standard,TMR,Mouse-Click Triggers,None,PS5 DualSense,1,156.97,156.97,USD,Self ship,SIM-S016902,Mobile,Search,Google,,,,verified_site_price,true
SIM-2027-0454-01,SIM-2027-0454,2027-12-06,Online Store,C0310,New,P047,10313115336985,53147930755353,TR-ALC-HE-N-N,present_in_shopify,Build Your Own Controller Upgrades,Hall Effect / None / None,Upgrade,Individual upgrades,Not applicable,Hall Effect,None,None,Xbox Series X/S,1,42.99,42.99,USD,Self ship,SIM-S016963,Desktop,Social,Facebook,,,,verified_site_price,true
SIM-2027-0455-01,SIM-2027-0455,2027-12-06,Online Store,C0311,New,P047,10313115336985,53147930755353,TR-ALC-HE-N-N,present_in_shopify,Build Your Own Controller Upgrades,Hall Effect / None / None,Upgrade,Individual upgrades,Not applicable,Hall Effect,None,None,PS5 DualSense,1,42.99,42.99,USD,Self ship,SIM-S016951,Mobile,Search,Google,,,,verified_site_price,true
SIM-2027-0456-01,SIM-2027-0456,2027-12-07,Online Store,C0312,New,P025,10307923411225,53147929575705,TR-REPAIR-STANDARD-TMR-4BP,present_in_shopify,Mail-In Controller Repair Service,Standard / TMR / Four Back Paddles,Repair,Repair service,Standard,TMR,None,Four Back Paddles,PS5 DualSense,1,181.97,181.97,USD,Self ship,SIM-S016981,Mobile,Search,Google,,,,verified_site_price,true
SIM-2027-0457-01,SIM-2027-0457,2027-12-07,Online Store,C0313,New,P049,10313115336985,53147931017497,TR-ALC-TMR-N-N,present_in_shopify,Build Your Own Controller Upgrades,TMR / None / None,Upgrade,Individual upgrades,Not applicable,TMR,None,None,PS5 DualSense,1,49.99,49.99,USD,Self ship,SIM-S017028,Desktop,Email,Email campaign,,,,verified_site_price,true
SIM-2027-0458-01,SIM-2027-0458,2027-12-07,Online Store,C0314,New,P031,10307923411225,53147929772313,TR-REPAIR-FTR-HE-N,present_in_shopify,Mail-In Controller Repair Service,Full Tech Revival / Hall Effect / None,Repair,Repair service,Full Tech Revival,Hall Effect,None,None,Xbox Series X/S,1,114.98,114.98,USD,Mail-In Kit,SIM-S017020,Desktop,Direct,Direct,,,,verified_site_price,true
SIM-2027-0458-02,SIM-2027-0458,2027-12-07,Online Store,C0314,New,P055,10806653845785,53147452932377,,blank_in_shopify,TechRevive Service Add-Ons,Mail-In Kit,Mail-In Kit,Mail-In Kit,Not applicable,Not applicable,Not applicable,Not applicable,Not applicable,1,19.99,19.99,USD,Mail-In Kit,SIM-S017020,Desktop,Direct,Direct,,,,verified_site_price,true
SIM-2027-0459-01,SIM-2027-0459,2027-12-08,eBay,C0315,New,P054,10754955936025,52968936898841,PS5-WHT-HE-003,present_in_shopify,Refurbished PS5 Glacier White Controller Hall Effect Joysticks,Default Title,Refurbished,Refurbished controller,Not applicable,Not applicable,Not applicable,Not applicable,PS5 DualSense,1,74.99,74.99,USD,Not applicable,,,,,,,SIM-REF-2027-093,verified_site_price,true
SIM-2027-0460-01,SIM-2027-0460,2027-12-08,eBay,C0316,New,P051,10754952986905,52968922710297,PS5-GPR-001,present_in_shopify,Refurbished PS5 Galactic Purple Controller Hall Effect Joysticks,Default Title,Refurbished,Refurbished controller,Not applicable,Not applicable,Not applicable,Not applicable,PS5 DualSense,1,74.99,74.99,USD,Not applicable,,,,,,,SIM-REF-2027-094,verified_site_price,true
SIM-2027-0461-01,SIM-2027-0461,2027-12-08,Online Store,C0317,New,P049,10313115336985,53147931017497,TR-ALC-TMR-N-N,present_in_shopify,Build Your Own Controller Upgrades,TMR / None / None,Upgrade,Individual upgrades,Not applicable,TMR,None,None,PS5 DualSense,1,49.99,49.99,USD,Self ship,SIM-S017082,Mobile,Search,Google,,,,verified_site_price,true
SIM-2027-0462-01,SIM-2027-0462,2027-12-09,Online Store,C0318,New,P039,10307923411225,53147930034457,TR-REPAIR-FTR-JCP,present_in_shopify,Mail-In Controller Repair Service,Full Tech Revival / Joy-Con Pair / None,Repair,Repair service,Full Tech Revival,None,None,None,Nintendo Switch Joy-Con Pair,1,134.98,134.98,USD,Self ship,SIM-S017103,Mobile,Search,Google,,,,verified_site_price,true
SIM-2027-0463-01,SIM-2027-0463,2027-12-10,Online Store,C0319,New,P002,10307923411225,52164748345625,TR-REPAIR-STANDARD,present_in_shopify,Mail-In Controller Repair Service,Standard / None / None,Repair,Repair service,Standard,None,None,None,PS4 DualShock 4,1,44.99,44.99,USD,Self ship,SIM-S017218,Mobile,Search,Google,,,,verified_site_price,true
SIM-2027-0464-01,SIM-2027-0464,2027-12-11,Online Store,C0018,Returning,P049,10313115336985,53147931017497,TR-ALC-TMR-N-N,present_in_shopify,Build Your Own Controller Upgrades,TMR / None / None,Upgrade,Individual upgrades,Not applicable,TMR,None,None,PS5 DualSense,1,49.99,49.99,USD,Mail-In Kit,SIM-S017270,Desktop,Search,Google,,,,verified_site_price,true
SIM-2027-0464-02,SIM-2027-0464,2027-12-11,Online Store,C0018,Returning,P055,10806653845785,53147452932377,,blank_in_shopify,TechRevive Service Add-Ons,Mail-In Kit,Mail-In Kit,Mail-In Kit,Not applicable,Not applicable,Not applicable,Not applicable,Not applicable,1,19.99,19.99,USD,Mail-In Kit,SIM-S017270,Desktop,Search,Google,,,,verified_site_price,true
SIM-2027-0465-01,SIM-2027-0465,2027-12-12,Online Store,C0176,Returning,P027,10307923411225,53147929641241,TR-REPAIR-STANDARD-JCP,present_in_shopify,Mail-In Controller Repair Service,Standard / Joy-Con Pair / None,Repair,Repair service,Standard,None,None,None,Nintendo Switch Joy-Con Pair,1,80.98,80.98,USD,Mail-In Kit,SIM-S017378,Mobile,Direct,Direct,,,,verified_site_price,true
SIM-2027-0465-02,SIM-2027-0465,2027-12-12,Online Store,C0176,Returning,P055,10806653845785,53147452932377,,blank_in_shopify,TechRevive Service Add-Ons,Mail-In Kit,Mail-In Kit,Mail-In Kit,Not applicable,Not applicable,Not applicable,Not applicable,Not applicable,1,19.99,19.99,USD,Mail-In Kit,SIM-S017378,Mobile,Direct,Direct,,,,verified_site_price,true
SIM-2027-0466-01,SIM-2027-0466,2027-12-12,Online Store,C0320,New,P054,10754955936025,52968936898841,PS5-WHT-HE-003,present_in_shopify,Refurbished PS5 Glacier White Controller Hall Effect Joysticks,Default Title,Refurbished,Refurbished controller,Not applicable,Not applicable,Not applicable,Not applicable,PS5 DualSense,1,74.99,74.99,USD,Not applicable,SIM-S017319,Desktop,Social,Facebook,,,SIM-REF-2027-095,verified_site_price,true
SIM-2027-0467-01,SIM-2027-0467,2027-12-13,Online Store,C0321,New,P011,10307923411225,53147929116953,TR-REPAIR-BASIC-TMR-N,present_in_shopify,Mail-In Controller Repair Service,Basic / TMR / None,Repair,Repair service,Basic,TMR,None,None,PS5 DualSense,1,76.98,76.98,USD,Self ship,SIM-S017431,Mobile,Direct,Direct,,,,verified_site_price,true
SIM-2027-0468-01,SIM-2027-0468,2027-12-13,Online Store,C0322,New,P013,10307923411225,53147929182489,TR-REPAIR-BASIC-TMR-4BP,present_in_shopify,Mail-In Controller Repair Service,Basic / TMR / Four Back Paddles,Repair,Repair service,Basic,TMR,None,Four Back Paddles,PS5 DualSense,1,166.97,166.97,USD,Self ship,SIM-S017432,Desktop,Direct,Direct,,,,verified_site_price,true
SIM-2027-0469-01,SIM-2027-0469,2027-12-14,Online Store,C0323,New,P040,10307762979097,52164166746393,TR-BUNDLE-OB,present_in_shopify,Performance Upgrade Bundles,OUTBREAK,Upgrade,Upgrade bundle,Not applicable,Hall Effect,Mouse-Click Triggers,None,PS5 DualSense,1,79.99,79.99,USD,Self ship,SIM-S017509,Desktop,Email,Email campaign,,,,verified_site_price,true
SIM-2027-0470-01,SIM-2027-0470,2027-12-15,Online Store,C0324,New,P023,10307923411225,53147929510169,TR-REPAIR-STANDARD-TMR-N,present_in_shopify,Mail-In Controller Repair Service,Standard / TMR / None,Repair,Repair service,Standard,TMR,None,None,Xbox Series X/S,1,91.98,91.98,USD,Self ship,SIM-S017541,Mobile,Direct,Direct,,,,verified_site_price,true
SIM-2027-0471-01,SIM-2027-0471,2027-12-16,Online Store,C0325,New,P063,,,,not_created_hypothetical_release,Masterpiece Controller - Simulated 2027 Release 02,PS5 DualSense,Masterpiece,Masterpiece controller,Not applicable,Not applicable,Not applicable,Not applicable,PS5 DualSense,1,2000.00,2000.00,USD,Not applicable,SIM-S017634,Desktop,Direct,Direct,MASTER-2027-02,1,SIM-MASTER-2027-02-01,owner_approved_simulation_range,true
SIM-2027-0472-01,SIM-2027-0472,2027-12-17,Online Store,C0294,Returning,P023,10307923411225,53147929510169,TR-REPAIR-STANDARD-TMR-N,present_in_shopify,Mail-In Controller Repair Service,Standard / TMR / None,Repair,Repair service,Standard,TMR,None,None,PS5 DualSense,1,91.98,91.98,USD,Self ship,SIM-S017740,Desktop,Email,Email campaign,,,,verified_site_price,true
SIM-2027-0473-01,SIM-2027-0473,2027-12-18,eBay,C0326,New,P054,10754955936025,52968936898841,PS5-WHT-HE-003,present_in_shopify,Refurbished PS5 Glacier White Controller Hall Effect Joysticks,Default Title,Refurbished,Refurbished controller,Not applicable,Not applicable,Not applicable,Not applicable,PS5 DualSense,1,74.99,74.99,USD,Not applicable,,,,,,,SIM-REF-2027-096,verified_site_price,true
SIM-2027-0474-01,SIM-2027-0474,2027-12-18,Online Store,C0327,New,P007,10307923411225,53147928985881,TR-REPAIR-BASIC-HE-N,present_in_shopify,Mail-In Controller Repair Service,Basic / Hall Effect / None,Repair,Repair service,Basic,Hall Effect,None,None,PS5 DualSense,1,69.98,69.98,USD,Mail-In Kit,SIM-S017789,Mobile,Social,Instagram,,,,verified_site_price,true
SIM-2027-0474-02,SIM-2027-0474,2027-12-18,Online Store,C0327,New,P055,10806653845785,53147452932377,,blank_in_shopify,TechRevive Service Add-Ons,Mail-In Kit,Mail-In Kit,Mail-In Kit,Not applicable,Not applicable,Not applicable,Not applicable,Not applicable,1,19.99,19.99,USD,Mail-In Kit,SIM-S017789,Mobile,Social,Instagram,,,,verified_site_price,true
SIM-2027-0475-01,SIM-2027-0475,2027-12-18,eBay,C0328,New,P053,10754953085209,52968922808601,PS5-CMO-002,present_in_shopify,Refurbished PS5 Gray Camouflage Controller,Default Title,Refurbished,Refurbished controller,Not applicable,Not applicable,Not applicable,Not applicable,PS5 DualSense,1,59.99,59.99,USD,Not applicable,,,,,,,SIM-REF-2027-097,verified_site_price,true
SIM-2027-0476-01,SIM-2027-0476,2027-12-19,Online Store,C0316,Returning,P045,10313115336985,53147930624281,TR-ALC-N-TRIG-N,present_in_shopify,Build Your Own Controller Upgrades,None / Triggers and Bumpers / None,Upgrade,Individual upgrades,Not applicable,None,Triggers and Bumpers,None,Xbox Series X/S,1,69.99,69.99,USD,Self ship,SIM-S017917,Mobile,Direct,Direct,,,,verified_site_price,true
SIM-2027-0477-01,SIM-2027-0477,2027-12-20,Online Store,C0329,New,P048,10313115336985,53147930886425,TR-ALC-HE-TRIG-N,present_in_shopify,Build Your Own Controller Upgrades,Hall Effect / Triggers and Bumpers / None,Upgrade,Individual upgrades,Not applicable,Hall Effect,Triggers and Bumpers,None,PS5 DualSense,1,112.98,112.98,USD,Self ship,SIM-S018025,Mobile,Search,Google,,,,verified_site_price,true
SIM-2027-0478-01,SIM-2027-0478,2027-12-20,Online Store,C0330,New,P019,10307923411225,53147929379097,TR-REPAIR-STANDARD-HE-N,present_in_shopify,Mail-In Controller Repair Service,Standard / Hall Effect / None,Repair,Repair service,Standard,Hall Effect,None,None,PS5 DualSense,1,84.98,84.98,USD,Mail-In Kit,SIM-S018051,Mobile,Email,Email campaign,,,,verified_site_price,true
SIM-2027-0478-02,SIM-2027-0478,2027-12-20,Online Store,C0330,New,P055,10806653845785,53147452932377,,blank_in_shopify,TechRevive Service Add-Ons,Mail-In Kit,Mail-In Kit,Mail-In Kit,Not applicable,Not applicable,Not applicable,Not applicable,Not applicable,1,19.99,19.99,USD,Mail-In Kit,SIM-S018051,Mobile,Email,Email campaign,,,,verified_site_price,true
SIM-2027-0479-01,SIM-2027-0479,2027-12-20,Online Store,C0319,Returning,P041,10307762979097,52164166779161,TR-BUNDLE-AP,present_in_shopify,Performance Upgrade Bundles,APEX PREDATOR,Upgrade,Upgrade bundle,Not applicable,TMR,"Mouse-Click Triggers, Face Buttons and D-Pad",None,PS5 DualSense,1,129.99,129.99,USD,Self ship,SIM-S017986,Mobile,Social,Instagram,,,,verified_site_price,true
SIM-2027-0480-01,SIM-2027-0480,2027-12-22,Online Store,C0313,Returning,P023,10307923411225,53147929510169,TR-REPAIR-STANDARD-TMR-N,present_in_shopify,Mail-In Controller Repair Service,Standard / TMR / None,Repair,Repair service,Standard,TMR,None,None,Nintendo Switch Pro,1,91.98,91.98,USD,Self ship,SIM-S018219,Mobile,Search,Google,,,,verified_site_price,true
SIM-2027-0481-01,SIM-2027-0481,2027-12-23,Online Store,C0331,New,P035,10307923411225,53147929903385,TR-REPAIR-FTR-TMR-N,present_in_shopify,Mail-In Controller Repair Service,Full Tech Revival / TMR / None,Repair,Repair service,Full Tech Revival,TMR,None,None,Xbox Series X/S,1,121.98,121.98,USD,Mail-In Kit,SIM-S018287,Desktop,Search,Google,,,,verified_site_price,true
SIM-2027-0481-02,SIM-2027-0481,2027-12-23,Online Store,C0331,New,P055,10806653845785,53147452932377,,blank_in_shopify,TechRevive Service Add-Ons,Mail-In Kit,Mail-In Kit,Mail-In Kit,Not applicable,Not applicable,Not applicable,Not applicable,Not applicable,1,19.99,19.99,USD,Mail-In Kit,SIM-S018287,Desktop,Search,Google,,,,verified_site_price,true
SIM-2027-0482-01,SIM-2027-0482,2027-12-23,Online Store,C0332,New,P049,10313115336985,53147931017497,TR-ALC-TMR-N-N,present_in_shopify,Build Your Own Controller Upgrades,TMR / None / None,Upgrade,Individual upgrades,Not applicable,TMR,None,None,Xbox Series X/S,1,49.99,49.99,USD,Mail-In Kit,SIM-S018238,Mobile,Social,Instagram,,,,verified_site_price,true
SIM-2027-0482-02,SIM-2027-0482,2027-12-23,Online Store,C0332,New,P055,10806653845785,53147452932377,,blank_in_shopify,TechRevive Service Add-Ons,Mail-In Kit,Mail-In Kit,Mail-In Kit,Not applicable,Not applicable,Not applicable,Not applicable,Not applicable,1,19.99,19.99,USD,Mail-In Kit,SIM-S018238,Mobile,Social,Instagram,,,,verified_site_price,true
SIM-2027-0483-01,SIM-2027-0483,2027-12-24,Online Store,C0135,Returning,P031,10307923411225,53147929772313,TR-REPAIR-FTR-HE-N,present_in_shopify,Mail-In Controller Repair Service,Full Tech Revival / Hall Effect / None,Repair,Repair service,Full Tech Revival,Hall Effect,None,None,Xbox Series X/S,1,114.98,114.98,USD,Self ship,SIM-S018346,Mobile,Email,Email campaign,,,,verified_site_price,true
SIM-2027-0484-01,SIM-2027-0484,2027-12-24,Online Store,C0333,New,P024,10307923411225,53147929542937,TR-REPAIR-STANDARD-TMR-MCT,present_in_shopify,Mail-In Controller Repair Service,Standard / TMR / Mouse-Click Triggers,Repair,Repair service,Standard,TMR,Mouse-Click Triggers,None,PS5 DualSense,1,156.97,156.97,USD,Mail-In Kit,SIM-S018366,Tablet,Search,Google,,,,verified_site_price,true
SIM-2027-0484-02,SIM-2027-0484,2027-12-24,Online Store,C0333,New,P055,10806653845785,53147452932377,,blank_in_shopify,TechRevive Service Add-Ons,Mail-In Kit,Mail-In Kit,Mail-In Kit,Not applicable,Not applicable,Not applicable,Not applicable,Not applicable,1,19.99,19.99,USD,Mail-In Kit,SIM-S018366,Tablet,Search,Google,,,,verified_site_price,true
SIM-2027-0485-01,SIM-2027-0485,2027-12-24,Online Store,C0334,New,P001,10307923411225,52164748312857,TR-REPAIR-BASIC,present_in_shopify,Mail-In Controller Repair Service,Basic / None / None,Repair,Repair service,Basic,None,None,None,PS5 DualSense,1,29.99,29.99,USD,Self ship,SIM-S018341,Mobile,Direct,Direct,,,,verified_site_price,true
SIM-2027-0486-01,SIM-2027-0486,2027-12-24,Online Store,C0335,New,P045,10313115336985,53147930624281,TR-ALC-N-TRIG-N,present_in_shopify,Build Your Own Controller Upgrades,None / Triggers and Bumpers / None,Upgrade,Individual upgrades,Not applicable,None,Triggers and Bumpers,None,Xbox Series X/S,1,69.99,69.99,USD,Mail-In Kit,SIM-S018339,Mobile,Direct,Direct,,,,verified_site_price,true
SIM-2027-0486-02,SIM-2027-0486,2027-12-24,Online Store,C0335,New,P055,10806653845785,53147452932377,,blank_in_shopify,TechRevive Service Add-Ons,Mail-In Kit,Mail-In Kit,Mail-In Kit,Not applicable,Not applicable,Not applicable,Not applicable,Not applicable,1,19.99,19.99,USD,Mail-In Kit,SIM-S018339,Mobile,Direct,Direct,,,,verified_site_price,true
SIM-2027-0487-01,SIM-2027-0487,2027-12-24,Online Store,C0321,Returning,P024,10307923411225,53147929542937,TR-REPAIR-STANDARD-TMR-MCT,present_in_shopify,Mail-In Controller Repair Service,Standard / TMR / Mouse-Click Triggers,Repair,Repair service,Standard,TMR,Mouse-Click Triggers,None,PS5 DualSense,1,156.97,156.97,USD,Self ship,SIM-S018323,Desktop,Social,Facebook,,,,verified_site_price,true
SIM-2027-0488-01,SIM-2027-0488,2027-12-26,Online Store,C0336,New,P041,10307762979097,52164166779161,TR-BUNDLE-AP,present_in_shopify,Performance Upgrade Bundles,APEX PREDATOR,Upgrade,Upgrade bundle,Not applicable,TMR,"Mouse-Click Triggers, Face Buttons and D-Pad",None,Nintendo Switch Pro,1,129.99,129.99,USD,Self ship,SIM-S018471,Mobile,Email,Email campaign,,,,verified_site_price,true
SIM-2027-0489-01,SIM-2027-0489,2027-12-26,Online Store,C0337,New,P042,10307762979097,52164166811929,TR-BUNDLE-PZ,present_in_shopify,Performance Upgrade Bundles,PATIENT ZERO,Upgrade,Upgrade bundle,Not applicable,TMR,"Mouse-Click Triggers, Face Buttons and D-Pad",Four Rear Inputs,Nintendo Switch Pro,1,189.99,189.99,USD,Self ship,SIM-S018498,Mobile,Direct,Direct,,,,verified_site_price,true
SIM-2027-0490-01,SIM-2027-0490,2027-12-27,Online Store,C0338,New,P036,10307923411225,53147929936153,TR-REPAIR-FTR-TMR-MCT,present_in_shopify,Mail-In Controller Repair Service,Full Tech Revival / TMR / Mouse-Click Triggers,Repair,Repair service,Full Tech Revival,TMR,Mouse-Click Triggers,None,PS5 DualSense,1,186.97,186.97,USD,Mail-In Kit,SIM-S018548,Mobile,Email,Email campaign,,,,verified_site_price,true
SIM-2027-0490-02,SIM-2027-0490,2027-12-27,Online Store,C0338,New,P055,10806653845785,53147452932377,,blank_in_shopify,TechRevive Service Add-Ons,Mail-In Kit,Mail-In Kit,Mail-In Kit,Not applicable,Not applicable,Not applicable,Not applicable,Not applicable,1,19.99,19.99,USD,Mail-In Kit,SIM-S018548,Mobile,Email,Email campaign,,,,verified_site_price,true
SIM-2027-0491-01,SIM-2027-0491,2027-12-27,Online Store,C0339,New,P024,10307923411225,53147929542937,TR-REPAIR-STANDARD-TMR-MCT,present_in_shopify,Mail-In Controller Repair Service,Standard / TMR / Mouse-Click Triggers,Repair,Repair service,Standard,TMR,Mouse-Click Triggers,None,PS5 DualSense,1,156.97,156.97,USD,Self ship,SIM-S018585,Mobile,Search,Google,,,,verified_site_price,true
SIM-2027-0492-01,SIM-2027-0492,2027-12-27,eBay,C0340,New,P064,10754953052441,52968922775833,PS5-WHT-HE-001,present_in_shopify,Refurbished PS5 Glacier White Controller Hall Effect Joysticks,Default Title,Refurbished,Refurbished controller,Not applicable,Not applicable,Not applicable,Not applicable,PS5 DualSense,1,69.99,69.99,USD,Not applicable,,,,,,,SIM-REF-2027-098,verified_site_price,true
SIM-2027-0493-01,SIM-2027-0493,2027-12-28,Online Store,C0341,New,P007,10307923411225,53147928985881,TR-REPAIR-BASIC-HE-N,present_in_shopify,Mail-In Controller Repair Service,Basic / Hall Effect / None,Repair,Repair service,Basic,Hall Effect,None,None,Nintendo Switch Pro,1,69.98,69.98,USD,Self ship,SIM-S018672,Tablet,Social,Facebook,,,,verified_site_price,true
SIM-2027-0494-01,SIM-2027-0494,2027-12-28,Online Store,C0081,Returning,P037,10307923411225,53147929968921,TR-REPAIR-FTR-TMR-4BP,present_in_shopify,Mail-In Controller Repair Service,Full Tech Revival / TMR / Four Back Paddles,Repair,Repair service,Full Tech Revival,TMR,None,Four Back Paddles,PS5 DualSense,1,211.97,211.97,USD,Mail-In Kit,SIM-S018604,Mobile,Direct,Direct,,,,verified_site_price,true
SIM-2027-0494-02,SIM-2027-0494,2027-12-28,Online Store,C0081,Returning,P055,10806653845785,53147452932377,,blank_in_shopify,TechRevive Service Add-Ons,Mail-In Kit,Mail-In Kit,Mail-In Kit,Not applicable,Not applicable,Not applicable,Not applicable,Not applicable,1,19.99,19.99,USD,Mail-In Kit,SIM-S018604,Mobile,Direct,Direct,,,,verified_site_price,true
SIM-2027-0495-01,SIM-2027-0495,2027-12-29,Online Store,C0008,Returning,P049,10313115336985,53147931017497,TR-ALC-TMR-N-N,present_in_shopify,Build Your Own Controller Upgrades,TMR / None / None,Upgrade,Individual upgrades,Not applicable,TMR,None,None,PS5 DualSense,1,49.99,49.99,USD,Self ship,SIM-S018726,Desktop,Direct,Direct,,,,verified_site_price,true
SIM-2027-0496-01,SIM-2027-0496,2027-12-29,Online Store,C0235,Returning,P002,10307923411225,52164748345625,TR-REPAIR-STANDARD,present_in_shopify,Mail-In Controller Repair Service,Standard / None / None,Repair,Repair service,Standard,None,None,None,Xbox Series X/S,1,44.99,44.99,USD,Mail-In Kit,SIM-S018750,Desktop,Email,Email campaign,,,,verified_site_price,true
SIM-2027-0496-02,SIM-2027-0496,2027-12-29,Online Store,C0235,Returning,P055,10806653845785,53147452932377,,blank_in_shopify,TechRevive Service Add-Ons,Mail-In Kit,Mail-In Kit,Mail-In Kit,Not applicable,Not applicable,Not applicable,Not applicable,Not applicable,1,19.99,19.99,USD,Mail-In Kit,SIM-S018750,Desktop,Email,Email campaign,,,,verified_site_price,true
SIM-2027-0497-01,SIM-2027-0497,2027-12-30,Online Store,C0342,New,P040,10307762979097,52164166746393,TR-BUNDLE-OB,present_in_shopify,Performance Upgrade Bundles,OUTBREAK,Upgrade,Upgrade bundle,Not applicable,Hall Effect,Mouse-Click Triggers,None,PS5 DualSense,1,79.99,79.99,USD,Self ship,SIM-S018784,Mobile,Direct,Direct,,,,verified_site_price,true
SIM-2027-0498-01,SIM-2027-0498,2027-12-31,Online Store,C0343,New,P011,10307923411225,53147929116953,TR-REPAIR-BASIC-TMR-N,present_in_shopify,Mail-In Controller Repair Service,Basic / TMR / None,Repair,Repair service,Basic,TMR,None,None,PS5 DualSense,1,76.98,76.98,USD,Mail-In Kit,SIM-S018821,Tablet,Search,Google,,,,verified_site_price,true
SIM-2027-0498-02,SIM-2027-0498,2027-12-31,Online Store,C0343,New,P055,10806653845785,53147452932377,,blank_in_shopify,TechRevive Service Add-Ons,Mail-In Kit,Mail-In Kit,Mail-In Kit,Not applicable,Not applicable,Not applicable,Not applicable,Not applicable,1,19.99,19.99,USD,Mail-In Kit,SIM-S018821,Tablet,Search,Google,,,,verified_site_price,true
SIM-2027-0499-01,SIM-2027-0499,2027-12-31,Online Store,C0274,Returning,P049,10313115336985,53147931017497,TR-ALC-TMR-N-N,present_in_shopify,Build Your Own Controller Upgrades,TMR / None / None,Upgrade,Individual upgrades,Not applicable,TMR,None,None,Xbox Series X/S,1,49.99,49.99,USD,Mail-In Kit,SIM-S018793,Desktop,Search,Google,,,,verified_site_price,true
SIM-2027-0499-02,SIM-2027-0499,2027-12-31,Online Store,C0274,Returning,P055,10806653845785,53147452932377,,blank_in_shopify,TechRevive Service Add-Ons,Mail-In Kit,Mail-In Kit,Mail-In Kit,Not applicable,Not applicable,Not applicable,Not applicable,Not applicable,1,19.99,19.99,USD,Mail-In Kit,SIM-S018793,Desktop,Search,Google,,,,verified_site_price,true
SIM-2027-0500-01,SIM-2027-0500,2027-12-31,Online Store,C0335,Returning,P048,10313115336985,53147930886425,TR-ALC-HE-TRIG-N,present_in_shopify,Build Your Own Controller Upgrades,Hall Effect / Triggers and Bumpers / None,Upgrade,Individual upgrades,Not applicable,Hall Effect,Triggers and Bumpers,None,PS5 DualSense,1,112.98,112.98,USD,Self ship,SIM-S018830,Desktop,Direct,Direct,,,,verified_site_price,true
